Record_ID,Date,Production_Line,Product,Shift,Operator_ID,Machine_ID,Units_Produced,Defects,Rework_Units,Scrap_Units,Downtime_Hours,Root_Cause,Cost_of_Poor_Quality,Good_Units,Defect_Rate,First_Pass_Yield,Scrap_Rate,Rework_Rate
QR00001,2025-11-07,Line A,Device Alpha,Evening,OP003,M-102,212,7,3,4,2.71,Assembly,2643.75,205,0.0330188679245283,0.9669811320754716,0.018867924528301886,0.014150943396226415
QR00002,2025-03-02,Line D,Device Gamma,Evening,OP005,M-102,265,12,3,9,1.88,Material,7235.05,253,0.045283018867924525,0.9547169811320755,0.033962264150943396,0.011320754716981131
QR00003,2025-11-08,Line C,Device Alpha,Evening,OP020,M-102,172,3,1,2,2.72,Packaging,675.3,169,0.01744186046511628,0.9825581395348837,0.011627906976744186,0.005813953488372093
QR00004,2025-12-19,Line A,Device Delta,Night,OP001,M-102,257,12,4,8,3.11,Material,6980.27,245,0.04669260700389105,0.953307392996109,0.0311284046692607,0.01556420233463035
QR00005,2025-05-30,Line C,Device Beta,Morning,OP030,M-104,149,3,1,2,0.73,Assembly,1239.69,146,0.020134228187919462,0.9798657718120806,0.013422818791946308,0.006711409395973154
QR00006,2025-06-14,Line C,Device Alpha,Evening,OP002,M-105,161,5,2,3,3.1,Material,2460.54,156,0.031055900621118012,0.968944099378882,0.018633540372670808,0.012422360248447204
QR00007,2025-11-15,Line C,Device Delta,Evening,OP023,M-102,152,6,1,5,0.98,Material,3999.51,146,0.039473684210526314,0.9605263157894737,0.03289473684210526,0.006578947368421052
QR00008,2025-05-19,Line C,Device Gamma,Evening,OP002,M-102,169,1,0,1,1.89,Electrical,840.0,168,0.005917159763313609,0.9940828402366864,0.005917159763313609,0.0
QR00009,2025-12-24,Line B,Device Alpha,Evening,OP018,M-106,218,10,3,7,1.4,Packaging,2343.81,208,0.045871559633027525,0.9541284403669725,0.03211009174311927,0.013761467889908258
QR00010,2025-04-21,Line D,Device Alpha,Night,OP024,M-104,125,5,2,3,1.38,Electrical,2769.98,120,0.04,0.96,0.024,0.016
QR00011,2025-09-25,Line D,Device Beta,Evening,OP029,M-102,115,6,2,4,2.02,Process,2728.5,109,0.05217391304347826,0.9478260869565217,0.034782608695652174,0.017391304347826087
QR00012,2025-01-12,Line C,Device Gamma,Evening,OP029,M-104,154,2,0,2,2.48,Calibration,1360.0,152,0.012987012987012988,0.987012987012987,0.012987012987012988,0.0
QR00013,2025-12-26,Line C,Device Delta,Morning,OP011,M-104,258,5,2,3,2.96,Process,2091.9,253,0.01937984496124031,0.9806201550387597,0.011627906976744186,0.007751937984496124
QR00014,2025-03-11,Line D,Device Delta,Evening,OP021,M-105,223,14,5,9,5.13,Process,6017.84,209,0.06278026905829596,0.9372197309417041,0.04035874439461883,0.02242152466367713
QR00015,2025-08-09,Line C,Device Gamma,Morning,OP023,M-102,168,4,1,3,5.65,Material,2385.15,164,0.023809523809523808,0.9761904761904762,0.017857142857142856,0.005952380952380952
QR00016,2025-01-22,Line D,Device Beta,Evening,OP020,M-105,150,10,4,6,2.54,Material,5030.2,140,0.06666666666666667,0.9333333333333333,0.04,0.02666666666666667
QR00017,2025-11-13,Line C,Device Beta,Morning,OP021,M-103,173,4,2,2,0.08,Assembly,1256.14,169,0.023121387283236993,0.976878612716763,0.011560693641618497,0.011560693641618497
QR00018,2025-05-13,Line A,Device Alpha,Evening,OP028,M-102,154,4,2,2,2.92,Assembly,1463.43,150,0.025974025974025976,0.974025974025974,0.012987012987012988,0.012987012987012988
QR00019,2025-06-23,Line C,Device Alpha,Night,OP013,M-102,227,7,3,4,1.11,Assembly,2648.33,220,0.030837004405286344,0.9691629955947136,0.01762114537444934,0.013215859030837005
QR00020,2025-07-19,Line A,Device Delta,Evening,OP030,M-103,194,8,3,5,1.37,Assembly,2999.96,186,0.041237113402061855,0.9587628865979382,0.02577319587628866,0.015463917525773196
QR00021,2025-11-06,Line D,Device Gamma,Morning,OP007,M-106,214,11,2,9,2.04,Assembly,5128.62,203,0.0514018691588785,0.9485981308411215,0.04205607476635514,0.009345794392523364
QR00022,2025-05-01,Line A,Device Beta,Morning,OP005,M-103,195,6,3,3,1.69,Packaging,1129.88,189,0.03076923076923077,0.9692307692307692,0.015384615384615385,0.015384615384615385
QR00023,2025-08-15,Line B,Device Alpha,Evening,OP020,M-101,211,8,4,4,3.18,Calibration,3612.21,203,0.037914691943127965,0.9620853080568721,0.018957345971563982,0.018957345971563982
QR00024,2025-01-10,Line A,Device Delta,Evening,OP019,M-105,255,6,2,4,0.29,Material,3350.57,249,0.023529411764705882,0.9764705882352941,0.01568627450980392,0.00784313725490196
QR00025,2025-01-04,Line D,Device Delta,Evening,OP016,M-106,279,16,2,14,1.36,Assembly,7530.45,263,0.05734767025089606,0.942652329749104,0.05017921146953405,0.007168458781362007
QR00026,2025-01-11,Line A,Device Beta,Night,OP002,M-106,111,5,2,3,8.4,Electrical,2867.54,106,0.04504504504504504,0.954954954954955,0.02702702702702703,0.018018018018018018
QR00027,2025-11-10,Line C,Device Alpha,Night,OP003,M-101,173,4,1,3,3.33,Electrical,2691.37,169,0.023121387283236993,0.976878612716763,0.017341040462427744,0.005780346820809248
QR00028,2025-01-22,Line D,Device Gamma,Evening,OP013,M-105,280,14,2,12,0.33,Material,9423.38,266,0.05,0.95,0.04285714285714286,0.007142857142857143
QR00029,2025-11-25,Line A,Device Beta,Evening,OP010,M-103,112,4,2,2,1.69,Calibration,1772.34,108,0.03571428571428571,0.9642857142857143,0.017857142857142856,0.017857142857142856
QR00030,2025-06-23,Line B,Device Beta,Evening,OP028,M-105,263,9,1,8,3.82,Calibration,5636.15,254,0.034220532319391636,0.9657794676806084,0.030418250950570342,0.0038022813688212928
QR00031,2025-06-22,Line B,Device Delta,Evening,OP012,M-102,91,3,1,2,2.36,Calibration,1457.57,88,0.03296703296703297,0.967032967032967,0.02197802197802198,0.01098901098901099
QR00032,2025-11-11,Line D,Device Delta,Night,OP012,M-106,187,16,5,11,3.05,Assembly,6234.02,171,0.0855614973262032,0.9144385026737968,0.058823529411764705,0.026737967914438502
QR00033,2025-09-28,Line D,Device Beta,Evening,OP013,M-102,163,9,2,7,0.2,Electrical,6304.99,154,0.05521472392638037,0.9447852760736196,0.04294478527607362,0.012269938650306749
QR00034,2025-10-20,Line D,Device Beta,Evening,OP012,M-106,166,8,2,6,1.77,Electrical,5501.01,158,0.04819277108433735,0.9518072289156626,0.03614457831325301,0.012048192771084338
QR00035,2025-06-09,Line D,Device Delta,Evening,OP024,M-101,118,6,1,5,1.4,Assembly,2807.47,112,0.05084745762711865,0.9491525423728814,0.0423728813559322,0.00847457627118644
QR00036,2025-10-16,Line C,Device Alpha,Morning,OP017,M-104,104,2,1,1,0.96,Material,927.37,102,0.019230769230769232,0.9807692307692307,0.009615384615384616,0.009615384615384616
QR00037,2025-04-01,Line A,Device Beta,Night,OP027,M-103,238,9,1,8,1.46,Electrical,6841.83,229,0.037815126050420166,0.9621848739495799,0.03361344537815126,0.004201680672268907
QR00038,2025-04-27,Line A,Device Delta,Evening,OP006,M-101,249,6,1,5,2.02,Assembly,2788.57,243,0.024096385542168676,0.9759036144578314,0.020080321285140562,0.004016064257028112
QR00039,2025-03-04,Line C,Device Delta,Morning,OP018,M-105,180,5,2,3,2.45,Packaging,1006.25,175,0.027777777777777776,0.9722222222222222,0.016666666666666666,0.011111111111111112
QR00040,2025-01-16,Line B,Device Beta,Morning,OP027,M-102,204,8,3,5,3.2,Packaging,1842.37,196,0.0392156862745098,0.9607843137254902,0.024509803921568627,0.014705882352941176
QR00041,2025-08-21,Line B,Device Gamma,Morning,OP026,M-102,165,4,1,3,1.33,Assembly,1761.02,161,0.024242424242424242,0.9757575757575757,0.01818181818181818,0.006060606060606061
QR00042,2025-05-25,Line D,Device Alpha,Evening,OP015,M-101,263,12,4,8,1.06,Assembly,4862.44,251,0.045627376425855515,0.9543726235741445,0.030418250950570342,0.015209125475285171
QR00043,2025-02-07,Line B,Device Delta,Night,OP021,M-104,207,11,2,9,5.33,Electrical,8004.19,196,0.05314009661835749,0.9468599033816425,0.043478260869565216,0.00966183574879227
QR00044,2025-09-23,Line A,Device Alpha,Night,OP019,M-105,105,3,1,2,2.79,Process,1340.85,102,0.02857142857142857,0.9714285714285714,0.01904761904761905,0.009523809523809525
QR00045,2025-02-03,Line B,Device Delta,Morning,OP027,M-102,145,7,2,5,0.48,Electrical,4406.89,138,0.04827586206896552,0.9517241379310345,0.034482758620689655,0.013793103448275862
QR00046,2025-04-30,Line C,Device Beta,Morning,OP025,M-106,153,4,1,3,0.23,Process,1945.49,149,0.026143790849673203,0.9738562091503268,0.0196078431372549,0.006535947712418301
QR00047,2025-01-13,Line C,Device Beta,Morning,OP024,M-102,134,3,1,2,0.62,Material,1710.65,131,0.022388059701492536,0.9776119402985075,0.014925373134328358,0.007462686567164179
QR00048,2025-09-02,Line D,Device Delta,Night,OP004,M-102,152,8,3,5,1.42,Assembly,3049.75,144,0.05263157894736842,0.9473684210526315,0.03289473684210526,0.019736842105263157
QR00049,2025-12-26,Line B,Device Delta,Night,OP030,M-105,104,5,1,4,1.82,Process,2554.79,99,0.04807692307692308,0.9519230769230769,0.038461538461538464,0.009615384615384616
QR00050,2025-01-31,Line D,Device Gamma,Morning,OP010,M-101,201,7,1,6,2.61,Electrical,5175.91,194,0.03482587064676617,0.9651741293532339,0.029850746268656716,0.004975124378109453
QR00051,2025-10-07,Line B,Device Beta,Morning,OP021,M-104,163,6,2,4,0.52,Electrical,3604.6,157,0.03680981595092025,0.9631901840490797,0.024539877300613498,0.012269938650306749
QR00052,2025-09-29,Line D,Device Gamma,Evening,OP008,M-103,184,9,4,5,4.69,Electrical,4912.0,175,0.04891304347826087,0.9510869565217391,0.02717391304347826,0.021739130434782608
QR00053,2025-12-12,Line C,Device Beta,Night,OP005,M-105,270,8,3,5,3.32,Assembly,3309.31,262,0.02962962962962963,0.9703703703703703,0.018518518518518517,0.011111111111111112
QR00054,2025-02-09,Line A,Device Beta,Morning,OP028,M-105,193,6,2,4,3.85,Process,2567.51,187,0.031088082901554404,0.9689119170984456,0.02072538860103627,0.010362694300518135
QR00055,2025-02-26,Line C,Device Alpha,Morning,OP003,M-104,126,2,0,2,5.81,Calibration,1360.0,124,0.015873015873015872,0.9841269841269841,0.015873015873015872,0.0
QR00056,2025-12-09,Line D,Device Beta,Morning,OP025,M-103,204,11,3,8,1.54,Assembly,4766.99,193,0.05392156862745098,0.946078431372549,0.0392156862745098,0.014705882352941176
QR00057,2025-09-19,Line B,Device Alpha,Evening,OP019,M-102,276,12,5,7,3.43,Packaging,2710.56,264,0.043478260869565216,0.9565217391304348,0.025362318840579712,0.018115942028985508
QR00058,2025-07-15,Line A,Device Beta,Morning,OP006,M-103,191,7,1,6,0.89,Assembly,3302.67,184,0.03664921465968586,0.9633507853403142,0.031413612565445025,0.005235602094240838
QR00059,2025-01-13,Line C,Device Delta,Night,OP025,M-101,114,4,2,2,4.17,Assembly,1268.72,110,0.03508771929824561,0.9649122807017544,0.017543859649122806,0.017543859649122806
QR00060,2025-03-23,Line D,Device Gamma,Night,OP007,M-104,163,6,2,4,1.28,Material,3463.45,157,0.03680981595092025,0.9631901840490797,0.024539877300613498,0.012269938650306749
QR00061,2025-06-07,Line D,Device Alpha,Evening,OP018,M-104,135,7,3,4,1.81,Packaging,1697.27,128,0.05185185185185185,0.9481481481481482,0.02962962962962963,0.022222222222222223
QR00062,2025-02-21,Line B,Device Gamma,Morning,OP021,M-105,242,5,2,3,3.07,Process,2036.56,237,0.02066115702479339,0.9793388429752066,0.012396694214876033,0.008264462809917356
QR00063,2025-01-28,Line D,Device Delta,Morning,OP001,M-105,157,10,4,6,1.63,Electrical,5826.43,147,0.06369426751592357,0.9363057324840764,0.03821656050955414,0.025477707006369428
QR00064,2025-08-07,Line A,Device Beta,Night,OP022,M-103,155,5,1,4,4.01,Calibration,2948.62,150,0.03225806451612903,0.967741935483871,0.025806451612903226,0.0064516129032258064
QR00065,2025-12-26,Line D,Device Beta,Night,OP030,M-106,114,6,3,3,1.67,Assembly,2244.28,108,0.05263157894736842,0.9473684210526315,0.02631578947368421,0.02631578947368421
QR00066,2025-01-07,Line D,Device Alpha,Evening,OP016,M-106,260,11,5,6,1.35,Assembly,3758.65,249,0.04230769230769231,0.9576923076923077,0.023076923076923078,0.019230769230769232
QR00067,2025-08-03,Line D,Device Beta,Night,OP020,M-103,143,7,2,5,1.02,Assembly,2889.67,136,0.04895104895104895,0.951048951048951,0.03496503496503497,0.013986013986013986
QR00068,2025-09-18,Line A,Device Delta,Morning,OP001,M-103,106,1,0,1,1.91,Process,590.0,105,0.009433962264150943,0.9905660377358491,0.009433962264150943,0.0
QR00069,2025-09-08,Line C,Device Beta,Morning,OP022,M-104,265,5,2,3,2.09,Process,2179.3,260,0.018867924528301886,0.9811320754716981,0.011320754716981131,0.007547169811320755
QR00070,2025-12-14,Line C,Device Delta,Morning,OP022,M-104,225,6,1,5,4.25,Material,3949.92,219,0.02666666666666667,0.9733333333333334,0.022222222222222223,0.0044444444444444444
QR00071,2025-12-27,Line C,Device Beta,Morning,OP001,M-104,162,7,1,6,1.39,Calibration,4287.82,155,0.043209876543209874,0.9567901234567902,0.037037037037037035,0.006172839506172839
QR00072,2025-10-23,Line C,Device Beta,Night,OP013,M-105,108,3,1,2,2.1,Process,1414.15,105,0.027777777777777776,0.9722222222222222,0.018518518518518517,0.009259259259259259
QR00073,2025-01-30,Line C,Device Beta,Evening,OP012,M-106,190,6,2,4,0.11,Material,3422.36,184,0.031578947368421054,0.968421052631579,0.021052631578947368,0.010526315789473684
QR00074,2025-09-03,Line B,Device Alpha,Morning,OP010,M-104,244,12,4,8,3.36,Process,5151.14,232,0.04918032786885246,0.9508196721311475,0.03278688524590164,0.01639344262295082
QR00075,2025-06-02,Line D,Device Delta,Morning,OP002,M-106,222,11,2,9,0.46,Process,5742.11,211,0.04954954954954955,0.9504504504504504,0.04054054054054054,0.009009009009009009
QR00076,2025-05-12,Line D,Device Alpha,Night,OP016,M-101,260,11,3,8,1.72,Material,6772.38,249,0.04230769230769231,0.9576923076923077,0.03076923076923077,0.011538461538461539
QR00077,2025-03-17,Line C,Device Alpha,Evening,OP014,M-105,267,3,1,2,4.17,Process,1354.18,264,0.011235955056179775,0.9887640449438202,0.00749063670411985,0.003745318352059925
QR00078,2025-06-26,Line D,Device Gamma,Evening,OP005,M-101,212,8,3,5,2.28,Process,3660.94,204,0.03773584905660377,0.9622641509433962,0.02358490566037736,0.014150943396226415
QR00079,2025-05-13,Line C,Device Gamma,Evening,OP007,M-105,101,2,1,1,0.18,Material,892.68,99,0.019801980198019802,0.9801980198019802,0.009900990099009901,0.009900990099009901
QR00080,2025-02-02,Line C,Device Beta,Morning,OP012,M-102,239,9,4,5,0.65,Electrical,5155.6,230,0.03765690376569038,0.9623430962343096,0.02092050209205021,0.016736401673640166
QR00081,2025-08-06,Line D,Device Alpha,Morning,OP009,M-102,280,14,5,9,1.35,Material,7995.16,266,0.05,0.95,0.03214285714285714,0.017857142857142856
QR00082,2025-02-12,Line C,Device Gamma,Evening,OP012,M-106,125,1,0,1,3.34,Electrical,840.0,124,0.008,0.992,0.008,0.0
QR00083,2025-05-01,Line B,Device Delta,Morning,OP023,M-104,166,7,1,6,1.23,Packaging,1741.44,159,0.04216867469879518,0.9578313253012049,0.03614457831325301,0.006024096385542169
QR00084,2025-10-05,Line B,Device Alpha,Morning,OP022,M-104,102,4,1,3,1.36,Process,1866.03,98,0.0392156862745098,0.9607843137254902,0.029411764705882353,0.00980392156862745
QR00085,2025-06-13,Line D,Device Beta,Morning,OP005,M-104,172,6,2,4,0.32,Material,3334.78,166,0.03488372093023256,0.9651162790697675,0.023255813953488372,0.011627906976744186
QR00086,2025-12-12,Line C,Device Beta,Evening,OP005,M-105,111,1,0,1,1.67,Assembly,520.0,110,0.009009009009009009,0.990990990990991,0.009009009009009009,0.0
QR00087,2025-10-23,Line C,Device Beta,Morning,OP005,M-103,205,4,1,3,1.97,Assembly,1719.54,201,0.01951219512195122,0.9804878048780488,0.014634146341463415,0.004878048780487805
QR00088,2025-02-27,Line C,Device Gamma,Night,OP015,M-103,254,1,0,1,3.49,Process,590.0,253,0.003937007874015748,0.9960629921259843,0.003937007874015748,0.0
QR00089,2025-04-22,Line C,Device Alpha,Night,OP002,M-104,162,1,0,1,3.21,Packaging,260.0,161,0.006172839506172839,0.9938271604938271,0.006172839506172839,0.0
QR00090,2025-08-04,Line D,Device Delta,Morning,OP013,M-101,167,8,3,5,0.67,Material,4516.12,159,0.04790419161676647,0.9520958083832335,0.029940119760479042,0.017964071856287425
QR00091,2025-09-03,Line A,Device Gamma,Morning,OP003,M-103,240,6,2,4,0.84,Packaging,1455.87,234,0.025,0.975,0.016666666666666666,0.008333333333333333
QR00092,2025-09-26,Line B,Device Beta,Night,OP026,M-102,264,14,3,11,3.74,Calibration,7948.88,250,0.05303030303030303,0.946969696969697,0.041666666666666664,0.011363636363636364
QR00093,2025-09-02,Line C,Device Beta,Night,OP006,M-104,135,5,2,3,2.67,Material,2566.12,130,0.037037037037037035,0.9629629629629629,0.022222222222222223,0.014814814814814815
QR00094,2025-04-09,Line D,Device Beta,Morning,OP004,M-103,221,12,2,10,3.96,Electrical,8659.73,209,0.05429864253393665,0.9457013574660633,0.04524886877828054,0.00904977375565611
QR00095,2025-07-25,Line A,Device Delta,Evening,OP004,M-105,148,5,2,3,2.79,Assembly,1806.47,143,0.033783783783783786,0.9662162162162162,0.02027027027027027,0.013513513513513514
QR00096,2025-12-03,Line B,Device Delta,Morning,OP006,M-102,97,4,1,3,0.1,Electrical,2666.28,93,0.041237113402061855,0.9587628865979382,0.030927835051546393,0.010309278350515464
QR00097,2025-08-17,Line D,Device Delta,Morning,OP029,M-104,246,14,5,9,0.94,Electrical,8491.54,232,0.056910569105691054,0.943089430894309,0.036585365853658534,0.02032520325203252
QR00098,2025-11-12,Line A,Device Alpha,Night,OP026,M-105,139,3,1,2,0.78,Material,1748.62,136,0.02158273381294964,0.9784172661870504,0.014388489208633094,0.007194244604316547
QR00099,2025-05-09,Line C,Device Delta,Evening,OP005,M-104,117,3,1,2,1.78,Assembly,1235.34,114,0.02564102564102564,0.9743589743589743,0.017094017094017096,0.008547008547008548
QR00100,2025-06-26,Line C,Device Alpha,Night,OP024,M-106,119,3,1,2,4.44,Material,1666.76,116,0.025210084033613446,0.9747899159663865,0.01680672268907563,0.008403361344537815
QR00101,2025-03-19,Line B,Device Beta,Evening,OP008,M-102,191,8,2,6,1.35,Calibration,4333.55,183,0.041884816753926704,0.9581151832460733,0.031413612565445025,0.010471204188481676
QR00102,2025-04-23,Line C,Device Alpha,Night,OP023,M-105,95,2,0,2,2.12,Packaging,520.0,93,0.021052631578947368,0.9789473684210527,0.021052631578947368,0.0
QR00103,2025-12-08,Line A,Device Delta,Evening,OP010,M-103,118,4,1,3,2.81,Process,1992.41,114,0.03389830508474576,0.9661016949152542,0.025423728813559324,0.00847457627118644
QR00104,2025-11-28,Line C,Device Delta,Night,OP017,M-103,104,3,1,2,3.65,Packaging,657.95,101,0.028846153846153848,0.9711538461538461,0.019230769230769232,0.009615384615384616
QR00105,2025-07-07,Line C,Device Gamma,Morning,OP016,M-106,221,5,2,3,4.75,Process,2156.0,216,0.02262443438914027,0.9773755656108597,0.013574660633484163,0.00904977375565611
QR00106,2025-11-01,Line B,Device Gamma,Morning,OP025,M-101,103,4,1,3,1.97,Process,1913.36,99,0.038834951456310676,0.9611650485436893,0.02912621359223301,0.009708737864077669
QR00107,2025-12-31,Line B,Device Alpha,Morning,OP022,M-104,91,3,1,2,0.71,Assembly,1138.87,88,0.03296703296703297,0.967032967032967,0.02197802197802198,0.01098901098901099
QR00108,2025-09-27,Line B,Device Gamma,Morning,OP014,M-102,146,5,1,4,3.32,Material,3156.24,141,0.03424657534246575,0.9657534246575342,0.0273972602739726,0.00684931506849315
QR00109,2025-05-26,Line D,Device Gamma,Night,OP011,M-104,105,5,1,4,0.96,Electrical,3564.36,100,0.047619047619047616,0.9523809523809523,0.0380952380952381,0.009523809523809525
QR00110,2025-08-26,Line B,Device Beta,Evening,OP029,M-103,116,5,1,4,1.58,Packaging,1239.05,111,0.04310344827586207,0.9568965517241379,0.034482758620689655,0.008620689655172414
QR00111,2025-01-05,Line A,Device Gamma,Evening,OP024,M-101,171,4,2,2,3.07,Assembly,1290.1,167,0.023391812865497075,0.9766081871345029,0.011695906432748537,0.011695906432748537
QR00112,2025-06-11,Line B,Device Gamma,Evening,OP020,M-101,266,6,2,4,2.41,Process,2834.84,260,0.022556390977443608,0.9774436090225563,0.015037593984962405,0.007518796992481203
QR00113,2025-04-15,Line C,Device Gamma,Evening,OP012,M-105,221,2,1,1,1.32,Assembly,721.65,219,0.00904977375565611,0.9909502262443439,0.004524886877828055,0.004524886877828055
QR00114,2025-02-13,Line B,Device Beta,Morning,OP021,M-101,165,6,2,4,3.5,Electrical,3745.06,159,0.03636363636363636,0.9636363636363636,0.024242424242424242,0.012121212121212121
QR00115,2025-10-27,Line A,Device Delta,Morning,OP021,M-106,202,8,1,7,2.61,Assembly,3755.48,194,0.039603960396039604,0.9603960396039604,0.034653465346534656,0.0049504950495049506
QR00116,2025-12-25,Line B,Device Delta,Morning,OP009,M-102,269,10,4,6,1.0,Material,5319.2,259,0.03717472118959108,0.9628252788104089,0.022304832713754646,0.01486988847583643
QR00117,2025-04-18,Line D,Device Alpha,Morning,OP009,M-103,192,8,2,6,1.7,Calibration,4442.85,184,0.041666666666666664,0.9583333333333334,0.03125,0.010416666666666666
QR00118,2025-10-15,Line D,Device Beta,Evening,OP005,M-105,233,14,5,9,2.81,Assembly,5234.97,219,0.060085836909871244,0.9399141630901288,0.03862660944206009,0.02145922746781116
QR00119,2025-09-22,Line B,Device Gamma,Morning,OP001,M-105,147,3,1,2,1.09,Packaging,643.31,144,0.02040816326530612,0.9795918367346939,0.013605442176870748,0.006802721088435374
QR00120,2025-12-12,Line A,Device Delta,Morning,OP023,M-102,232,7,1,6,2.26,Material,4664.14,225,0.03017241379310345,0.9698275862068966,0.02586206896551724,0.004310344827586207
QR00121,2025-12-10,Line D,Device Beta,Morning,OP005,M-101,148,7,2,5,1.51,Calibration,3796.87,141,0.0472972972972973,0.9527027027027027,0.033783783783783786,0.013513513513513514
QR00122,2025-05-15,Line D,Device Delta,Evening,OP005,M-102,108,8,2,6,0.76,Assembly,3454.11,100,0.07407407407407407,0.9259259259259259,0.05555555555555555,0.018518518518518517
QR00123,2025-10-21,Line B,Device Alpha,Evening,OP001,M-101,201,8,3,5,1.42,Electrical,4689.92,193,0.03980099502487562,0.9601990049751243,0.024875621890547265,0.014925373134328358
QR00124,2025-03-23,Line B,Device Gamma,Evening,OP020,M-103,232,6,1,5,0.23,Process,3117.2,226,0.02586206896551724,0.9741379310344828,0.021551724137931036,0.004310344827586207
QR00125,2025-11-24,Line C,Device Gamma,Night,OP004,M-103,193,2,0,2,2.13,Material,1520.0,191,0.010362694300518135,0.9896373056994818,0.010362694300518135,0.0
QR00126,2025-02-18,Line D,Device Beta,Evening,OP008,M-102,150,7,3,4,1.37,Process,2729.16,143,0.04666666666666667,0.9533333333333334,0.02666666666666667,0.02
QR00127,2025-09-22,Line A,Device Alpha,Night,OP030,M-102,212,4,2,2,1.6,Calibration,1753.08,208,0.018867924528301886,0.9811320754716981,0.009433962264150943,0.009433962264150943
QR00128,2025-04-12,Line C,Device Beta,Morning,OP030,M-105,134,4,1,3,1.07,Packaging,904.16,130,0.029850746268656716,0.9701492537313433,0.022388059701492536,0.007462686567164179
QR00129,2025-11-25,Line C,Device Delta,Night,OP006,M-101,273,10,4,6,2.69,Electrical,5613.93,263,0.03663003663003663,0.9633699633699634,0.02197802197802198,0.014652014652014652
QR00130,2025-09-03,Line D,Device Gamma,Night,OP006,M-106,149,9,3,6,6.99,Process,3886.61,140,0.06040268456375839,0.9395973154362416,0.040268456375838924,0.020134228187919462
QR00131,2025-07-13,Line C,Device Delta,Morning,OP010,M-106,266,7,3,4,0.71,Calibration,3057.77,259,0.02631578947368421,0.9736842105263158,0.015037593984962405,0.011278195488721804
QR00132,2025-08-26,Line C,Device Alpha,Night,OP018,M-104,142,1,0,1,0.76,Packaging,260.0,141,0.007042253521126761,0.9929577464788732,0.007042253521126761,0.0
QR00133,2025-04-27,Line A,Device Delta,Morning,OP017,M-101,139,6,2,4,1.74,Calibration,3036.13,133,0.04316546762589928,0.9568345323741008,0.02877697841726619,0.014388489208633094
QR00134,2025-08-04,Line A,Device Delta,Morning,OP001,M-103,151,5,1,4,1.24,Process,2504.41,146,0.033112582781456956,0.9668874172185431,0.026490066225165563,0.006622516556291391
QR00135,2025-05-28,Line D,Device Beta,Evening,OP025,M-101,236,17,6,11,2.45,Electrical,9942.98,219,0.07203389830508475,0.9279661016949152,0.046610169491525424,0.025423728813559324
QR00136,2025-03-02,Line D,Device Alpha,Night,OP016,M-105,150,7,2,5,0.49,Process,3322.98,143,0.04666666666666667,0.9533333333333334,0.03333333333333333,0.013333333333333334
QR00137,2025-09-23,Line B,Device Beta,Morning,OP013,M-105,94,4,1,3,2.26,Electrical,2647.66,90,0.0425531914893617,0.9574468085106383,0.031914893617021274,0.010638297872340425
QR00138,2025-08-12,Line D,Device Alpha,Morning,OP017,M-105,210,10,4,6,2.32,Process,4029.07,200,0.047619047619047616,0.9523809523809523,0.02857142857142857,0.01904761904761905
QR00139,2025-11-12,Line C,Device Delta,Evening,OP001,M-102,244,8,2,6,0.0,Assembly,3385.74,236,0.03278688524590164,0.9672131147540983,0.02459016393442623,0.00819672131147541
QR00140,2025-02-26,Line B,Device Gamma,Morning,OP010,M-103,152,7,2,5,4.4,Assembly,2917.24,145,0.046052631578947366,0.9539473684210527,0.03289473684210526,0.013157894736842105
QR00141,2025-11-26,Line D,Device Delta,Morning,OP026,M-106,99,5,1,4,1.09,Electrical,3550.63,94,0.050505050505050504,0.9494949494949495,0.04040404040404041,0.010101010101010102
QR00142,2025-10-14,Line D,Device Alpha,Morning,OP024,M-101,261,13,2,11,1.12,Assembly,6046.8,248,0.04980842911877394,0.9501915708812261,0.0421455938697318,0.007662835249042145
QR00143,2025-12-26,Line B,Device Delta,Morning,OP022,M-104,121,4,1,3,0.27,Packaging,1017.01,117,0.03305785123966942,0.9669421487603306,0.024793388429752067,0.008264462809917356
QR00144,2025-02-28,Line D,Device Alpha,Evening,OP008,M-106,214,12,2,10,0.93,Electrical,8690.09,202,0.056074766355140186,0.9439252336448598,0.04672897196261682,0.009345794392523364
QR00145,2025-06-16,Line B,Device Beta,Evening,OP005,M-101,102,5,2,3,3.89,Assembly,1747.93,97,0.049019607843137254,0.9509803921568627,0.029411764705882353,0.0196078431372549
QR00146,2025-10-05,Line D,Device Beta,Evening,OP026,M-105,142,8,3,5,6.48,Calibration,4101.72,134,0.056338028169014086,0.9436619718309859,0.035211267605633804,0.02112676056338028
QR00147,2025-04-27,Line D,Device Beta,Evening,OP019,M-106,102,6,2,4,0.86,Assembly,2286.42,96,0.058823529411764705,0.9411764705882353,0.0392156862745098,0.0196078431372549
QR00148,2025-11-24,Line C,Device Alpha,Evening,OP003,M-105,177,1,0,1,1.86,Material,760.0,176,0.005649717514124294,0.9943502824858758,0.005649717514124294,0.0
QR00149,2025-01-05,Line A,Device Gamma,Evening,OP002,M-101,202,5,2,3,0.49,Assembly,1937.81,197,0.024752475247524754,0.9752475247524752,0.01485148514851485,0.009900990099009901
QR00150,2025-08-25,Line A,Device Delta,Night,OP028,M-102,269,5,1,4,5.46,Material,3140.28,264,0.01858736059479554,0.9814126394052045,0.01486988847583643,0.0037174721189591076
QR00151,2025-06-08,Line A,Device Beta,Night,OP007,M-106,100,3,1,2,1.98,Packaging,742.12,97,0.03,0.97,0.02,0.01
QR00152,2025-06-25,Line B,Device Alpha,Evening,OP004,M-101,258,8,2,6,1.41,Calibration,4448.24,250,0.031007751937984496,0.9689922480620154,0.023255813953488372,0.007751937984496124
QR00153,2025-04-13,Line B,Device Gamma,Morning,OP013,M-102,163,4,2,2,2.14,Electrical,1912.72,159,0.024539877300613498,0.9754601226993865,0.012269938650306749,0.012269938650306749
QR00154,2025-06-24,Line B,Device Delta,Morning,OP020,M-101,155,8,1,7,0.8,Material,5525.82,147,0.05161290322580645,0.9483870967741935,0.04516129032258064,0.0064516129032258064
QR00155,2025-10-17,Line A,Device Alpha,Morning,OP018,M-101,211,7,2,5,2.64,Assembly,2989.59,204,0.03317535545023697,0.966824644549763,0.023696682464454975,0.009478672985781991
QR00156,2025-12-26,Line D,Device Alpha,Morning,OP023,M-102,262,9,3,6,0.37,Assembly,3534.64,253,0.03435114503816794,0.9656488549618321,0.022900763358778626,0.011450381679389313
QR00157,2025-12-30,Line C,Device Delta,Evening,OP027,M-105,209,6,2,4,3.45,Material,3315.34,203,0.028708133971291867,0.9712918660287081,0.019138755980861243,0.009569377990430622
QR00158,2025-03-30,Line C,Device Beta,Morning,OP008,M-103,174,7,3,4,5.28,Assembly,2492.34,167,0.040229885057471264,0.9597701149425287,0.022988505747126436,0.017241379310344827
QR00159,2025-05-17,Line D,Device Alpha,Morning,OP012,M-105,108,6,2,4,2.1,Electrical,3560.54,102,0.05555555555555555,0.9444444444444444,0.037037037037037035,0.018518518518518517
QR00160,2025-06-22,Line D,Device Beta,Morning,OP018,M-104,223,14,3,11,1.09,Process,7167.93,209,0.06278026905829596,0.9372197309417041,0.04932735426008968,0.013452914798206279
QR00161,2025-04-20,Line B,Device Delta,Morning,OP001,M-106,277,14,2,12,2.07,Calibration,8639.48,263,0.05054151624548736,0.9494584837545126,0.04332129963898917,0.007220216606498195
QR00162,2025-03-01,Line B,Device Beta,Morning,OP022,M-106,137,5,2,3,0.76,Calibration,2287.17,132,0.0364963503649635,0.9635036496350365,0.021897810218978103,0.014598540145985401
QR00163,2025-07-25,Line B,Device Delta,Evening,OP021,M-106,119,7,2,5,1.3,Packaging,1613.69,112,0.058823529411764705,0.9411764705882353,0.04201680672268908,0.01680672268907563
QR00164,2025-04-28,Line A,Device Delta,Evening,OP008,M-102,278,12,2,10,0.87,Electrical,8667.63,266,0.04316546762589928,0.9568345323741008,0.03597122302158273,0.007194244604316547
QR00165,2025-04-08,Line C,Device Gamma,Evening,OP013,M-103,258,3,1,2,2.83,Assembly,1182.48,255,0.011627906976744186,0.9883720930232558,0.007751937984496124,0.003875968992248062
QR00166,2025-12-24,Line A,Device Beta,Night,OP011,M-102,209,5,1,4,2.66,Calibration,2836.83,204,0.023923444976076555,0.9760765550239234,0.019138755980861243,0.004784688995215311
QR00167,2025-11-09,Line D,Device Delta,Night,OP019,M-102,173,10,4,6,0.95,Process,4042.15,163,0.057803468208092484,0.9421965317919075,0.03468208092485549,0.023121387283236993
QR00168,2025-02-14,Line B,Device Beta,Morning,OP019,M-105,166,7,3,4,3.84,Calibration,3004.99,159,0.04216867469879518,0.9578313253012049,0.024096385542168676,0.018072289156626505
QR00169,2025-01-14,Line A,Device Delta,Evening,OP011,M-106,169,5,2,3,0.92,Material,2636.17,164,0.029585798816568046,0.9704142011834319,0.01775147928994083,0.011834319526627219
QR00170,2025-10-28,Line A,Device Alpha,Evening,OP001,M-105,170,4,1,3,3.63,Assembly,1781.5,166,0.023529411764705882,0.9764705882352941,0.01764705882352941,0.0058823529411764705
QR00171,2025-06-29,Line D,Device Gamma,Morning,OP016,M-102,179,10,2,8,1.82,Packaging,2300.11,169,0.055865921787709494,0.9441340782122905,0.0446927374301676,0.0111731843575419
QR00172,2025-06-29,Line A,Device Gamma,Morning,OP011,M-105,231,4,1,3,2.18,Material,2519.77,227,0.017316017316017316,0.9826839826839827,0.012987012987012988,0.004329004329004329
QR00173,2025-08-02,Line C,Device Beta,Morning,OP029,M-106,244,5,2,3,1.9,Assembly,1766.93,239,0.020491803278688523,0.9795081967213115,0.012295081967213115,0.00819672131147541
QR00174,2025-02-11,Line B,Device Alpha,Evening,OP013,M-106,270,9,2,7,2.33,Material,5562.2,261,0.03333333333333333,0.9666666666666667,0.025925925925925925,0.007407407407407408
QR00175,2025-12-17,Line D,Device Gamma,Morning,OP010,M-102,113,4,1,3,1.05,Electrical,2682.22,109,0.035398230088495575,0.9646017699115044,0.02654867256637168,0.008849557522123894
QR00176,2025-10-02,Line A,Device Gamma,Evening,OP002,M-102,115,4,1,3,5.56,Material,2442.07,111,0.034782608695652174,0.9652173913043478,0.02608695652173913,0.008695652173913044
QR00177,2025-04-02,Line A,Device Alpha,Evening,OP024,M-106,241,1,0,1,2.07,Material,760.0,240,0.004149377593360996,0.995850622406639,0.004149377593360996,0.0
QR00178,2025-07-28,Line D,Device Beta,Night,OP017,M-106,239,16,6,10,1.65,Assembly,6624.75,223,0.06694560669456066,0.9330543933054394,0.04184100418410042,0.02510460251046025
QR00179,2025-01-13,Line B,Device Gamma,Morning,OP013,M-105,175,6,3,3,1.4,Packaging,1493.64,169,0.03428571428571429,0.9657142857142857,0.017142857142857144,0.017142857142857144
QR00180,2025-11-30,Line B,Device Gamma,Morning,OP026,M-104,242,7,2,5,0.6,Material,3987.13,235,0.028925619834710745,0.9710743801652892,0.02066115702479339,0.008264462809917356
QR00181,2025-10-06,Line C,Device Delta,Morning,OP007,M-103,156,4,1,3,0.96,Assembly,1669.87,152,0.02564102564102564,0.9743589743589743,0.019230769230769232,0.00641025641025641
QR00182,2025-06-11,Line B,Device Delta,Evening,OP010,M-105,177,6,2,4,1.41,Assembly,2471.12,171,0.03389830508474576,0.9661016949152542,0.022598870056497175,0.011299435028248588
QR00183,2025-09-14,Line B,Device Alpha,Evening,OP027,M-104,95,3,1,2,1.59,Material,1619.34,92,0.031578947368421054,0.968421052631579,0.021052631578947368,0.010526315789473684
QR00184,2025-03-29,Line C,Device Delta,Morning,OP026,M-105,243,6,2,4,1.73,Assembly,2547.66,237,0.024691358024691357,0.9753086419753086,0.01646090534979424,0.00823045267489712
QR00185,2025-12-15,Line D,Device Delta,Morning,OP015,M-101,183,9,1,8,0.66,Process,4878.21,174,0.04918032786885246,0.9508196721311475,0.04371584699453552,0.00546448087431694
QR00186,2025-02-05,Line B,Device Delta,Evening,OP020,M-105,262,9,3,6,0.67,Material,4892.53,253,0.03435114503816794,0.9656488549618321,0.022900763358778626,0.011450381679389313
QR00187,2025-09-08,Line C,Device Delta,Morning,OP023,M-106,137,5,2,3,0.73,Material,2695.49,132,0.0364963503649635,0.9635036496350365,0.021897810218978103,0.014598540145985401
QR00188,2025-01-25,Line A,Device Beta,Evening,OP012,M-105,181,7,3,4,0.81,Assembly,2626.98,174,0.03867403314917127,0.9613259668508287,0.022099447513812154,0.016574585635359115
QR00189,2025-10-24,Line B,Device Beta,Evening,OP022,M-106,202,7,2,5,1.52,Electrical,4433.59,195,0.034653465346534656,0.9653465346534653,0.024752475247524754,0.009900990099009901
QR00190,2025-08-05,Line A,Device Beta,Morning,OP022,M-103,95,2,0,2,5.64,Assembly,1040.0,93,0.021052631578947368,0.9789473684210527,0.021052631578947368,0.0
QR00191,2025-08-10,Line C,Device Delta,Evening,OP015,M-103,117,2,1,1,0.5,Calibration,815.96,115,0.017094017094017096,0.9829059829059829,0.008547008547008548,0.008547008547008548
QR00192,2025-01-20,Line B,Device Alpha,Night,OP011,M-105,179,6,1,5,3.58,Process,3083.19,173,0.0335195530726257,0.9664804469273743,0.027932960893854747,0.00558659217877095
QR00193,2025-11-25,Line A,Device Beta,Night,OP018,M-102,117,3,1,2,1.29,Calibration,1505.45,114,0.02564102564102564,0.9743589743589743,0.017094017094017096,0.008547008547008548
QR00194,2025-12-28,Line B,Device Gamma,Morning,OP027,M-104,222,7,1,6,4.59,Material,4667.77,215,0.03153153153153153,0.9684684684684685,0.02702702702702703,0.0045045045045045045
QR00195,2025-08-17,Line B,Device Delta,Morning,OP030,M-106,147,7,1,6,0.44,Process,3769.28,140,0.047619047619047616,0.9523809523809523,0.04081632653061224,0.006802721088435374
QR00196,2025-05-22,Line D,Device Gamma,Evening,OP014,M-102,256,9,2,7,0.16,Electrical,6358.32,247,0.03515625,0.96484375,0.02734375,0.0078125
QR00197,2025-10-14,Line D,Device Beta,Morning,OP004,M-105,120,5,2,3,2.62,Material,2552.33,115,0.041666666666666664,0.9583333333333334,0.025,0.016666666666666666
QR00198,2025-11-07,Line C,Device Delta,Morning,OP005,M-106,157,4,1,3,1.8,Electrical,2752.47,153,0.025477707006369428,0.9745222929936306,0.01910828025477707,0.006369426751592357
QR00199,2025-08-07,Line B,Device Gamma,Evening,OP018,M-101,239,6,1,5,1.99,Material,3954.05,233,0.02510460251046025,0.9748953974895398,0.02092050209205021,0.0041841004184100415
QR00200,2025-03-15,Line B,Device Beta,Evening,OP021,M-101,226,9,3,6,1.95,Assembly,3694.39,217,0.03982300884955752,0.9601769911504425,0.02654867256637168,0.01327433628318584
QR00201,2025-05-09,Line A,Device Delta,Evening,OP013,M-103,249,10,3,7,3.86,Process,4486.16,239,0.040160642570281124,0.9598393574297188,0.028112449799196786,0.012048192771084338
QR00202,2025-11-20,Line B,Device Delta,Morning,OP002,M-104,218,7,2,5,1.57,Assembly,2941.13,211,0.03211009174311927,0.9678899082568807,0.022935779816513763,0.009174311926605505
QR00203,2025-05-30,Line C,Device Delta,Night,OP017,M-101,193,3,1,2,2.87,Calibration,1491.3,190,0.015544041450777202,0.9844559585492227,0.010362694300518135,0.0051813471502590676
QR00204,2025-08-10,Line D,Device Delta,Evening,OP016,M-102,93,6,2,4,0.28,Packaging,1454.61,87,0.06451612903225806,0.9354838709677419,0.043010752688172046,0.021505376344086023
QR00205,2025-03-13,Line D,Device Gamma,Morning,OP022,M-104,219,8,1,7,1.12,Assembly,3860.62,211,0.0365296803652968,0.9634703196347032,0.0319634703196347,0.0045662100456621
QR00206,2025-11-26,Line B,Device Gamma,Night,OP028,M-104,189,6,1,5,2.18,Assembly,2773.09,183,0.031746031746031744,0.9682539682539683,0.026455026455026454,0.005291005291005291
QR00207,2025-12-01,Line C,Device Delta,Morning,OP030,M-106,231,7,3,4,3.06,Calibration,3039.32,224,0.030303030303030304,0.9696969696969697,0.017316017316017316,0.012987012987012988
QR00208,2025-10-31,Line B,Device Gamma,Evening,OP016,M-104,123,3,0,3,3.25,Electrical,2520.0,120,0.024390243902439025,0.975609756097561,0.024390243902439025,0.0
QR00209,2025-09-08,Line C,Device Gamma,Night,OP027,M-102,167,2,1,1,1.5,Assembly,741.89,165,0.011976047904191617,0.9880239520958084,0.005988023952095809,0.005988023952095809
QR00210,2025-12-06,Line A,Device Delta,Morning,OP030,M-102,159,4,0,4,0.33,Process,2360.0,155,0.025157232704402517,0.9748427672955975,0.025157232704402517,0.0
QR00211,2025-09-07,Line D,Device Delta,Evening,OP022,M-101,278,18,5,13,7.18,Assembly,7598.13,260,0.06474820143884892,0.935251798561151,0.046762589928057555,0.017985611510791366
QR00212,2025-01-30,Line B,Device Gamma,Evening,OP018,M-103,137,5,1,4,3.88,Electrical,3577.72,132,0.0364963503649635,0.9635036496350365,0.029197080291970802,0.0072992700729927005
QR00213,2025-01-23,Line C,Device Gamma,Morning,OP002,M-105,104,1,0,1,1.91,Electrical,840.0,103,0.009615384615384616,0.9903846153846154,0.009615384615384616,0.0
QR00214,2025-01-17,Line C,Device Beta,Evening,OP005,M-101,136,4,1,3,1.51,Assembly,1688.44,132,0.029411764705882353,0.9705882352941176,0.022058823529411766,0.007352941176470588
QR00215,2025-12-10,Line A,Device Beta,Morning,OP027,M-101,233,6,2,4,0.52,Material,3290.87,227,0.02575107296137339,0.9742489270386266,0.017167381974248927,0.008583690987124463
QR00216,2025-11-25,Line B,Device Delta,Evening,OP029,M-103,196,8,3,5,2.09,Electrical,4904.05,188,0.04081632653061224,0.9591836734693877,0.025510204081632654,0.015306122448979591
QR00217,2025-03-23,Line B,Device Beta,Morning,OP008,M-101,250,7,1,6,0.67,Packaging,1710.8,243,0.028,0.972,0.024,0.004
QR00218,2025-02-13,Line D,Device Gamma,Evening,OP022,M-101,168,6,2,4,1.03,Assembly,2412.16,162,0.03571428571428571,0.9642857142857143,0.023809523809523808,0.011904761904761904
QR00219,2025-12-24,Line A,Device Alpha,Night,OP007,M-102,114,3,0,3,0.32,Assembly,1560.0,111,0.02631578947368421,0.9736842105263158,0.02631578947368421,0.0
QR00220,2025-09-12,Line A,Device Alpha,Night,OP019,M-106,267,5,2,3,0.5,Assembly,1813.19,262,0.018726591760299626,0.9812734082397003,0.011235955056179775,0.00749063670411985
QR00221,2025-12-19,Line A,Device Alpha,Morning,OP019,M-106,126,3,1,2,0.55,Electrical,1821.5,123,0.023809523809523808,0.9761904761904762,0.015873015873015872,0.007936507936507936
QR00222,2025-11-19,Line D,Device Beta,Evening,OP019,M-103,151,9,3,6,2.18,Material,5162.43,142,0.059602649006622516,0.9403973509933775,0.039735099337748346,0.019867549668874173
QR00223,2025-10-27,Line A,Device Beta,Morning,OP022,M-106,170,5,1,4,1.65,Assembly,2281.89,165,0.029411764705882353,0.9705882352941176,0.023529411764705882,0.0058823529411764705
QR00224,2025-03-27,Line B,Device Beta,Night,OP018,M-103,169,9,1,8,4.89,Electrical,6894.85,160,0.05325443786982249,0.9467455621301775,0.047337278106508875,0.005917159763313609
QR00225,2025-06-18,Line D,Device Alpha,Night,OP030,M-105,263,12,3,9,1.03,Packaging,2980.2,251,0.045627376425855515,0.9543726235741445,0.034220532319391636,0.011406844106463879
QR00226,2025-07-24,Line B,Device Alpha,Night,OP015,M-106,227,7,1,6,0.39,Material,4705.96,220,0.030837004405286344,0.9691629955947136,0.02643171806167401,0.004405286343612335
QR00227,2025-04-01,Line C,Device Alpha,Morning,OP015,M-104,253,3,1,2,2.06,Material,1640.44,250,0.011857707509881422,0.9881422924901185,0.007905138339920948,0.003952569169960474
QR00228,2025-11-07,Line A,Device Alpha,Morning,OP021,M-104,143,3,1,2,2.14,Electrical,1919.56,140,0.02097902097902098,0.9790209790209791,0.013986013986013986,0.006993006993006993
QR00229,2025-03-18,Line C,Device Gamma,Evening,OP018,M-101,91,1,0,1,0.81,Material,760.0,90,0.01098901098901099,0.989010989010989,0.01098901098901099,0.0
QR00230,2025-02-21,Line D,Device Gamma,Morning,OP012,M-104,100,4,2,2,2.24,Electrical,2042.44,96,0.04,0.96,0.02,0.02
QR00231,2025-08-04,Line A,Device Alpha,Morning,OP013,M-104,180,3,1,2,3.57,Electrical,1832.52,177,0.016666666666666666,0.9833333333333333,0.011111111111111112,0.005555555555555556
QR00232,2025-12-30,Line A,Device Beta,Morning,OP022,M-106,157,5,2,3,1.29,Process,2245.19,152,0.03184713375796178,0.9681528662420382,0.01910828025477707,0.012738853503184714
QR00233,2025-06-22,Line C,Device Delta,Evening,OP008,M-101,235,7,3,4,1.58,Assembly,2769.36,228,0.029787234042553193,0.9702127659574468,0.01702127659574468,0.01276595744680851
QR00234,2025-07-27,Line A,Device Gamma,Morning,OP005,M-103,210,4,2,2,1.59,Process,1445.89,206,0.01904761904761905,0.9809523809523809,0.009523809523809525,0.009523809523809525
QR00235,2025-08-29,Line D,Device Delta,Evening,OP022,M-102,177,11,4,7,0.91,Assembly,4505.8,166,0.062146892655367235,0.9378531073446328,0.03954802259887006,0.022598870056497175
QR00236,2025-10-31,Line B,Device Gamma,Morning,OP014,M-102,206,8,2,6,2.97,Process,3766.22,198,0.038834951456310676,0.9611650485436893,0.02912621359223301,0.009708737864077669
QR00237,2025-01-25,Line C,Device Gamma,Evening,OP017,M-103,262,2,1,1,3.66,Process,779.99,260,0.007633587786259542,0.9923664122137404,0.003816793893129771,0.003816793893129771
QR00238,2025-01-29,Line D,Device Beta,Morning,OP008,M-103,275,16,3,13,0.32,Electrical,11494.04,259,0.05818181818181818,0.9418181818181818,0.04727272727272727,0.01090909090909091
QR00239,2025-07-14,Line B,Device Gamma,Morning,OP025,M-105,210,3,1,2,0.47,Assembly,1235.09,207,0.014285714285714285,0.9857142857142858,0.009523809523809525,0.004761904761904762
QR00240,2025-09-28,Line C,Device Gamma,Night,OP015,M-106,96,2,1,1,0.96,Process,775.66,94,0.020833333333333332,0.9791666666666666,0.010416666666666666,0.010416666666666666
QR00241,2025-07-14,Line B,Device Gamma,Morning,OP003,M-105,109,3,1,2,0.31,Material,1678.4,106,0.027522935779816515,0.9724770642201835,0.01834862385321101,0.009174311926605505
QR00242,2025-02-27,Line A,Device Delta,Morning,OP025,M-101,190,7,2,5,1.05,Material,4236.31,183,0.03684210526315789,0.9631578947368421,0.02631578947368421,0.010526315789473684
QR00243,2025-08-14,Line B,Device Beta,Morning,OP001,M-103,149,8,3,5,1.04,Material,4193.62,141,0.053691275167785234,0.9463087248322147,0.03355704697986577,0.020134228187919462
QR00244,2025-04-24,Line B,Device Delta,Evening,OP014,M-103,141,7,3,4,3.51,Electrical,3962.19,134,0.04964539007092199,0.950354609929078,0.028368794326241134,0.02127659574468085
QR00245,2025-07-12,Line C,Device Alpha,Morning,OP008,M-101,238,6,1,5,0.79,Assembly,2703.33,232,0.025210084033613446,0.9747899159663865,0.02100840336134454,0.004201680672268907
QR00246,2025-03-18,Line A,Device Gamma,Morning,OP009,M-103,275,5,2,3,5.63,Material,2747.2,270,0.01818181818181818,0.9818181818181818,0.01090909090909091,0.007272727272727273
QR00247,2025-04-05,Line C,Device Delta,Morning,OP024,M-101,151,4,1,3,0.09,Packaging,929.97,147,0.026490066225165563,0.9735099337748344,0.019867549668874173,0.006622516556291391
QR00248,2025-01-19,Line C,Device Alpha,Night,OP011,M-103,111,2,1,1,1.09,Assembly,756.98,109,0.018018018018018018,0.9819819819819819,0.009009009009009009,0.009009009009009009
QR00249,2025-09-16,Line C,Device Gamma,Evening,OP007,M-102,112,1,0,1,0.56,Process,590.0,111,0.008928571428571428,0.9910714285714286,0.008928571428571428,0.0
QR00250,2025-12-13,Line A,Device Beta,Morning,OP013,M-104,124,4,1,3,0.16,Material,2497.84,120,0.03225806451612903,0.967741935483871,0.024193548387096774,0.008064516129032258
QR00251,2025-10-18,Line D,Device Gamma,Evening,OP029,M-104,241,11,4,7,1.11,Assembly,4238.52,230,0.04564315352697095,0.9543568464730291,0.029045643153526972,0.016597510373443983
QR00252,2025-12-19,Line A,Device Alpha,Evening,OP011,M-105,186,4,1,3,0.6,Assembly,1789.72,182,0.021505376344086023,0.978494623655914,0.016129032258064516,0.005376344086021506
QR00253,2025-09-11,Line C,Device Gamma,Morning,OP006,M-105,237,5,1,4,2.25,Calibration,2823.17,232,0.02109704641350211,0.9789029535864979,0.016877637130801686,0.004219409282700422
QR00254,2025-06-04,Line D,Device Alpha,Evening,OP018,M-101,263,11,2,9,1.81,Material,7219.53,252,0.04182509505703422,0.9581749049429658,0.034220532319391636,0.0076045627376425855
QR00255,2025-04-05,Line C,Device Delta,Morning,OP019,M-102,232,7,1,6,0.87,Electrical,5191.09,225,0.03017241379310345,0.9698275862068966,0.02586206896551724,0.004310344827586207
QR00256,2025-11-16,Line A,Device Alpha,Night,OP009,M-102,134,4,1,3,2.92,Calibration,2153.3,130,0.029850746268656716,0.9701492537313433,0.022388059701492536,0.007462686567164179
QR00257,2025-07-22,Line B,Device Gamma,Evening,OP023,M-103,220,9,2,7,0.08,Calibration,5070.28,211,0.04090909090909091,0.9590909090909091,0.031818181818181815,0.00909090909090909
QR00258,2025-03-01,Line B,Device Alpha,Night,OP017,M-105,122,4,1,3,0.84,Calibration,2175.81,118,0.03278688524590164,0.9672131147540983,0.02459016393442623,0.00819672131147541
QR00259,2025-02-20,Line B,Device Gamma,Evening,OP026,M-103,113,5,1,4,1.43,Material,3157.18,108,0.04424778761061947,0.9557522123893806,0.035398230088495575,0.008849557522123894
QR00260,2025-07-09,Line C,Device Gamma,Evening,OP030,M-106,276,2,1,1,2.42,Assembly,679.83,274,0.007246376811594203,0.9927536231884058,0.0036231884057971015,0.0036231884057971015
QR00261,2025-07-30,Line C,Device Alpha,Evening,OP025,M-105,206,4,1,3,3.74,Material,2442.9,202,0.019417475728155338,0.9805825242718447,0.014563106796116505,0.0048543689320388345
QR00262,2025-04-04,Line C,Device Gamma,Evening,OP022,M-104,136,1,0,1,2.23,Packaging,260.0,135,0.007352941176470588,0.9926470588235294,0.007352941176470588,0.0
QR00263,2025-07-08,Line C,Device Alpha,Morning,OP028,M-102,143,1,0,1,0.95,Electrical,840.0,142,0.006993006993006993,0.993006993006993,0.006993006993006993,0.0
QR00264,2025-10-02,Line B,Device Gamma,Evening,OP026,M-106,212,5,1,4,3.5,Assembly,2259.91,207,0.02358490566037736,0.9764150943396226,0.018867924528301886,0.0047169811320754715
QR00265,2025-11-17,Line A,Device Delta,Morning,OP027,M-102,119,4,2,2,2.05,Process,1550.72,115,0.03361344537815126,0.9663865546218487,0.01680672268907563,0.01680672268907563
QR00266,2025-08-13,Line A,Device Gamma,Morning,OP020,M-101,150,1,0,1,1.66,Packaging,260.0,149,0.006666666666666667,0.9933333333333333,0.006666666666666667,0.0
QR00267,2025-11-14,Line D,Device Delta,Morning,OP020,M-104,126,7,3,4,0.07,Material,3422.07,119,0.05555555555555555,0.9444444444444444,0.031746031746031744,0.023809523809523808
QR00268,2025-04-26,Line A,Device Gamma,Night,OP018,M-101,156,5,2,3,2.83,Assembly,1741.03,151,0.03205128205128205,0.967948717948718,0.019230769230769232,0.01282051282051282
QR00269,2025-09-23,Line C,Device Gamma,Night,OP025,M-103,190,4,1,3,0.68,Material,2400.16,186,0.021052631578947368,0.9789473684210527,0.015789473684210527,0.005263157894736842
QR00270,2025-04-24,Line A,Device Delta,Night,OP006,M-104,121,3,1,2,0.43,Assembly,1178.97,118,0.024793388429752067,0.9752066115702479,0.01652892561983471,0.008264462809917356
QR00271,2025-01-27,Line B,Device Beta,Evening,OP009,M-101,257,8,3,5,4.52,Calibration,3953.14,249,0.0311284046692607,0.9688715953307393,0.019455252918287938,0.011673151750972763
QR00272,2025-03-13,Line D,Device Beta,Evening,OP010,M-103,260,13,3,10,6.32,Assembly,5572.79,247,0.05,0.95,0.038461538461538464,0.011538461538461539
QR00273,2025-01-25,Line D,Device Beta,Evening,OP010,M-103,249,15,3,12,4.15,Assembly,6658.02,234,0.060240963855421686,0.9397590361445783,0.04819277108433735,0.012048192771084338
QR00274,2025-03-23,Line D,Device Alpha,Morning,OP023,M-106,278,10,4,6,0.98,Calibration,4462.38,268,0.03597122302158273,0.9640287769784173,0.02158273381294964,0.014388489208633094
QR00275,2025-07-27,Line D,Device Beta,Night,OP020,M-102,212,16,4,12,0.83,Calibration,8715.11,196,0.07547169811320754,0.9245283018867925,0.05660377358490566,0.018867924528301886
QR00276,2025-01-14,Line B,Device Alpha,Evening,OP011,M-105,233,7,3,4,3.57,Material,3670.07,226,0.030042918454935622,0.9699570815450643,0.017167381974248927,0.012875536480686695
QR00277,2025-05-11,Line B,Device Alpha,Morning,OP022,M-101,191,6,2,4,3.22,Electrical,3807.25,185,0.031413612565445025,0.9685863874345549,0.020942408376963352,0.010471204188481676
QR00278,2025-04-26,Line D,Device Alpha,Morning,OP025,M-106,109,6,1,5,2.71,Material,3970.8,103,0.05504587155963303,0.944954128440367,0.045871559633027525,0.009174311926605505
QR00279,2025-08-14,Line B,Device Beta,Evening,OP016,M-102,248,8,3,5,0.16,Material,4283.79,240,0.03225806451612903,0.967741935483871,0.020161290322580645,0.012096774193548387
QR00280,2025-05-28,Line B,Device Gamma,Evening,OP006,M-105,279,9,2,7,0.46,Material,5793.71,270,0.03225806451612903,0.967741935483871,0.025089605734767026,0.007168458781362007
QR00281,2025-10-22,Line B,Device Beta,Morning,OP030,M-103,196,9,4,5,2.76,Packaging,1780.7,187,0.04591836734693878,0.9540816326530612,0.025510204081632654,0.02040816326530612
QR00282,2025-02-12,Line B,Device Alpha,Morning,OP014,M-101,160,4,2,2,0.88,Assembly,1519.57,156,0.025,0.975,0.0125,0.0125
QR00283,2025-02-18,Line B,Device Beta,Evening,OP015,M-103,182,8,1,7,1.84,Assembly,3780.38,174,0.04395604395604396,0.9560439560439561,0.038461538461538464,0.005494505494505495
QR00284,2025-01-08,Line B,Device Delta,Evening,OP015,M-102,170,10,4,6,1.5,Assembly,3511.39,160,0.058823529411764705,0.9411764705882353,0.03529411764705882,0.023529411764705882
QR00285,2025-02-07,Line C,Device Delta,Evening,OP012,M-104,122,4,2,2,1.9,Material,1802.97,118,0.03278688524590164,0.9672131147540983,0.01639344262295082,0.01639344262295082
QR00286,2025-01-30,Line B,Device Alpha,Night,OP002,M-106,257,11,4,7,2.03,Assembly,4247.49,246,0.042801556420233464,0.9571984435797666,0.027237354085603113,0.01556420233463035
QR00287,2025-11-03,Line A,Device Alpha,Morning,OP022,M-101,245,6,1,5,1.32,Process,3093.11,239,0.024489795918367346,0.9755102040816327,0.02040816326530612,0.004081632653061225
QR00288,2025-10-30,Line C,Device Gamma,Morning,OP026,M-103,215,5,2,3,0.95,Material,2626.28,210,0.023255813953488372,0.9767441860465116,0.013953488372093023,0.009302325581395349
QR00289,2025-10-09,Line A,Device Delta,Evening,OP024,M-106,226,10,2,8,1.16,Process,4958.84,216,0.04424778761061947,0.9557522123893806,0.035398230088495575,0.008849557522123894
QR00290,2025-11-10,Line B,Device Beta,Night,OP029,M-104,128,4,1,3,0.32,Packaging,994.44,124,0.03125,0.96875,0.0234375,0.0078125
QR00291,2025-01-11,Line B,Device Beta,Morning,OP002,M-105,171,6,3,3,0.34,Electrical,2882.76,165,0.03508771929824561,0.9649122807017544,0.017543859649122806,0.017543859649122806
QR00292,2025-12-30,Line A,Device Alpha,Morning,OP010,M-101,258,3,1,2,1.75,Process,1328.18,255,0.011627906976744186,0.9883720930232558,0.007751937984496124,0.003875968992248062
QR00293,2025-11-22,Line C,Device Beta,Night,OP030,M-103,228,6,1,5,1.76,Electrical,4331.83,222,0.02631578947368421,0.9736842105263158,0.021929824561403508,0.0043859649122807015
QR00294,2025-08-15,Line C,Device Delta,Evening,OP023,M-102,205,4,1,3,1.73,Assembly,1748.17,201,0.01951219512195122,0.9804878048780488,0.014634146341463415,0.004878048780487805
QR00295,2025-02-15,Line C,Device Gamma,Morning,OP004,M-104,177,2,0,2,0.69,Material,1520.0,175,0.011299435028248588,0.9887005649717514,0.011299435028248588,0.0
QR00296,2025-02-02,Line D,Device Gamma,Night,OP016,M-102,192,11,4,7,1.21,Assembly,4290.98,181,0.057291666666666664,0.9427083333333334,0.036458333333333336,0.020833333333333332
QR00297,2025-01-28,Line B,Device Gamma,Morning,OP018,M-101,200,5,1,4,0.49,Material,3190.48,195,0.025,0.975,0.02,0.005
QR00298,2025-01-18,Line A,Device Beta,Morning,OP014,M-102,192,9,3,6,2.83,Material,5021.4,183,0.046875,0.953125,0.03125,0.015625
QR00299,2025-06-01,Line D,Device Beta,Night,OP006,M-106,114,7,3,4,4.32,Material,3351.48,107,0.06140350877192982,0.9385964912280702,0.03508771929824561,0.02631578947368421
QR00300,2025-07-09,Line C,Device Gamma,Morning,OP014,M-103,256,4,2,2,2.34,Electrical,2126.85,252,0.015625,0.984375,0.0078125,0.0078125
QR00301,2025-09-22,Line A,Device Gamma,Morning,OP017,M-104,175,4,2,2,4.46,Material,1958.4,171,0.022857142857142857,0.9771428571428571,0.011428571428571429,0.011428571428571429
QR00302,2025-02-03,Line B,Device Alpha,Evening,OP004,M-103,131,6,2,4,0.32,Process,2609.34,125,0.04580152671755725,0.9541984732824428,0.030534351145038167,0.015267175572519083
QR00303,2025-12-04,Line C,Device Delta,Morning,OP027,M-106,140,5,1,4,3.26,Assembly,2170.23,135,0.03571428571428571,0.9642857142857143,0.02857142857142857,0.007142857142857143
QR00304,2025-03-24,Line B,Device Beta,Morning,OP022,M-104,176,4,1,3,0.27,Electrical,2647.9,172,0.022727272727272728,0.9772727272727273,0.017045454545454544,0.005681818181818182
QR00305,2025-03-03,Line B,Device Beta,Night,OP019,M-104,210,8,3,5,0.64,Material,4099.63,202,0.0380952380952381,0.9619047619047619,0.023809523809523808,0.014285714285714285
QR00306,2025-05-24,Line C,Device Gamma,Morning,OP027,M-106,164,1,0,1,0.61,Process,590.0,163,0.006097560975609756,0.9939024390243902,0.006097560975609756,0.0
QR00307,2025-01-08,Line B,Device Beta,Evening,OP016,M-106,149,5,2,3,2.05,Electrical,2897.23,144,0.03355704697986577,0.9664429530201343,0.020134228187919462,0.013422818791946308
QR00308,2025-09-04,Line C,Device Beta,Night,OP006,M-106,198,7,3,4,2.32,Calibration,3007.89,191,0.03535353535353535,0.9646464646464646,0.020202020202020204,0.015151515151515152
QR00309,2025-05-19,Line C,Device Gamma,Evening,OP010,M-102,132,3,1,2,3.74,Process,1340.55,129,0.022727272727272728,0.9772727272727273,0.015151515151515152,0.007575757575757576
QR00310,2025-12-18,Line A,Device Delta,Morning,OP012,M-105,154,5,1,4,3.33,Packaging,1203.6,149,0.032467532467532464,0.9675324675324676,0.025974025974025976,0.006493506493506494
QR00311,2025-04-08,Line C,Device Gamma,Evening,OP021,M-104,173,2,0,2,0.9,Process,1180.0,171,0.011560693641618497,0.9884393063583815,0.011560693641618497,0.0
QR00312,2025-07-17,Line D,Device Alpha,Evening,OP029,M-101,217,13,3,10,4.03,Calibration,7411.96,204,0.059907834101382486,0.9400921658986175,0.04608294930875576,0.013824884792626729
QR00313,2025-12-27,Line B,Device Gamma,Morning,OP001,M-103,200,7,1,6,1.95,Packaging,1714.69,193,0.035,0.965,0.03,0.005
QR00314,2025-11-21,Line D,Device Gamma,Morning,OP010,M-106,209,11,2,9,2.52,Assembly,4947.67,198,0.05263157894736842,0.9473684210526315,0.0430622009569378,0.009569377990430622
QR00315,2025-04-26,Line D,Device Gamma,Evening,OP024,M-106,261,10,2,8,3.13,Assembly,4577.14,251,0.038314176245210725,0.9616858237547893,0.03065134099616858,0.007662835249042145
QR00316,2025-01-12,Line B,Device Delta,Morning,OP019,M-103,212,10,4,6,1.13,Packaging,2351.62,202,0.04716981132075472,0.9528301886792453,0.02830188679245283,0.018867924528301886
QR00317,2025-02-07,Line D,Device Delta,Morning,OP028,M-101,146,8,4,4,2.28,Calibration,3240.68,138,0.0547945205479452,0.9452054794520548,0.0273972602739726,0.0273972602739726
QR00318,2025-01-18,Line D,Device Gamma,Evening,OP029,M-105,124,6,2,4,1.34,Material,3396.66,118,0.04838709677419355,0.9516129032258065,0.03225806451612903,0.016129032258064516
QR00319,2025-02-02,Line A,Device Gamma,Evening,OP002,M-106,148,2,1,1,0.2,Electrical,955.05,146,0.013513513513513514,0.9864864864864865,0.006756756756756757,0.006756756756756757
QR00320,2025-03-17,Line D,Device Gamma,Morning,OP024,M-103,187,8,1,7,2.66,Material,5421.06,179,0.0427807486631016,0.9572192513368984,0.0374331550802139,0.0053475935828877
QR00321,2025-04-05,Line A,Device Delta,Evening,OP007,M-103,216,5,1,4,1.72,Material,3157.14,211,0.023148148148148147,0.9768518518518519,0.018518518518518517,0.004629629629629629
QR00322,2025-12-01,Line C,Device Beta,Evening,OP022,M-103,178,2,1,1,3.03,Assembly,688.19,176,0.011235955056179775,0.9887640449438202,0.0056179775280898875,0.0056179775280898875
QR00323,2025-11-01,Line A,Device Gamma,Morning,OP003,M-102,268,5,2,3,1.96,Assembly,1748.54,263,0.018656716417910446,0.9813432835820896,0.011194029850746268,0.007462686567164179
QR00324,2025-04-19,Line C,Device Beta,Morning,OP017,M-105,208,3,1,2,0.61,Material,1735.39,205,0.014423076923076924,0.9855769230769231,0.009615384615384616,0.004807692307692308
QR00325,2025-03-13,Line C,Device Beta,Evening,OP027,M-104,232,10,4,6,0.41,Electrical,5676.1,222,0.04310344827586207,0.9568965517241379,0.02586206896551724,0.017241379310344827
QR00326,2025-02-21,Line D,Device Beta,Evening,OP001,M-103,262,13,2,11,1.84,Assembly,6051.8,249,0.04961832061068702,0.950381679389313,0.04198473282442748,0.007633587786259542
QR00327,2025-05-25,Line B,Device Beta,Morning,OP018,M-101,182,6,1,5,0.23,Process,3173.63,176,0.03296703296703297,0.967032967032967,0.027472527472527472,0.005494505494505495
QR00328,2025-05-06,Line D,Device Delta,Night,OP010,M-102,162,11,3,8,2.47,Calibration,5827.45,151,0.06790123456790123,0.9320987654320988,0.04938271604938271,0.018518518518518517
QR00329,2025-08-30,Line A,Device Beta,Night,OP030,M-103,112,4,1,3,1.32,Packaging,911.96,108,0.03571428571428571,0.9642857142857143,0.026785714285714284,0.008928571428571428
QR00330,2025-05-30,Line C,Device Alpha,Morning,OP015,M-104,212,4,1,3,0.97,Packaging,950.43,208,0.018867924528301886,0.9811320754716981,0.014150943396226415,0.0047169811320754715
QR00331,2025-01-12,Line D,Device Beta,Night,OP015,M-102,137,6,2,4,5.09,Packaging,1498.43,131,0.043795620437956206,0.9562043795620438,0.029197080291970802,0.014598540145985401
QR00332,2025-09-10,Line A,Device Gamma,Evening,OP021,M-106,200,2,1,1,0.44,Material,860.5,198,0.01,0.99,0.005,0.005
QR00333,2025-10-22,Line D,Device Gamma,Morning,OP021,M-101,220,9,4,5,1.41,Assembly,2978.2,211,0.04090909090909091,0.9590909090909091,0.022727272727272728,0.01818181818181818
QR00334,2025-06-12,Line C,Device Delta,Morning,OP003,M-103,182,8,1,7,3.14,Electrical,6103.65,174,0.04395604395604396,0.9560439560439561,0.038461538461538464,0.005494505494505495
QR00335,2025-03-27,Line C,Device Alpha,Morning,OP022,M-106,148,1,0,1,1.4,Process,590.0,147,0.006756756756756757,0.9932432432432432,0.006756756756756757,0.0
QR00336,2025-07-31,Line B,Device Delta,Evening,OP013,M-103,244,10,2,8,2.1,Process,5089.3,234,0.040983606557377046,0.9590163934426229,0.03278688524590164,0.00819672131147541
QR00337,2025-03-31,Line C,Device Gamma,Evening,OP027,M-101,131,4,2,2,3.61,Material,1784.1,127,0.030534351145038167,0.9694656488549618,0.015267175572519083,0.015267175572519083
QR00338,2025-03-02,Line B,Device Delta,Morning,OP014,M-104,233,12,5,7,1.61,Packaging,2442.04,221,0.05150214592274678,0.9484978540772532,0.030042918454935622,0.02145922746781116
QR00339,2025-09-11,Line B,Device Alpha,Morning,OP011,M-103,186,6,3,3,1.94,Material,2562.71,180,0.03225806451612903,0.967741935483871,0.016129032258064516,0.016129032258064516
QR00340,2025-01-16,Line C,Device Alpha,Morning,OP023,M-105,272,8,1,7,2.86,Assembly,3732.24,264,0.029411764705882353,0.9705882352941176,0.025735294117647058,0.003676470588235294
QR00341,2025-11-19,Line B,Device Delta,Evening,OP030,M-101,252,12,5,7,2.4,Process,4732.42,240,0.047619047619047616,0.9523809523809523,0.027777777777777776,0.01984126984126984
QR00342,2025-10-27,Line C,Device Gamma,Morning,OP003,M-105,130,3,1,2,1.61,Assembly,1158.0,127,0.023076923076923078,0.9769230769230769,0.015384615384615385,0.007692307692307693
QR00343,2025-01-11,Line A,Device Alpha,Night,OP001,M-103,112,5,2,3,1.8,Assembly,1982.07,107,0.044642857142857144,0.9553571428571429,0.026785714285714284,0.017857142857142856
QR00344,2025-12-01,Line D,Device Delta,Morning,OP011,M-105,150,9,2,7,3.32,Material,5722.63,141,0.06,0.94,0.04666666666666667,0.013333333333333334
QR00345,2025-09-30,Line D,Device Delta,Night,OP020,M-104,119,7,2,5,1.18,Calibration,3861.8,112,0.058823529411764705,0.9411764705882353,0.04201680672268908,0.01680672268907563
QR00346,2025-06-11,Line B,Device Alpha,Morning,OP016,M-102,180,5,2,3,1.8,Assembly,1946.19,175,0.027777777777777776,0.9722222222222222,0.016666666666666666,0.011111111111111112
QR00347,2025-02-04,Line A,Device Gamma,Evening,OP011,M-104,174,2,1,1,2.91,Material,967.89,172,0.011494252873563218,0.9885057471264368,0.005747126436781609,0.005747126436781609
QR00348,2025-09-09,Line B,Device Gamma,Evening,OP025,M-104,168,4,1,3,3.62,Process,1918.9,164,0.023809523809523808,0.9761904761904762,0.017857142857142856,0.005952380952380952
QR00349,2025-01-11,Line D,Device Alpha,Night,OP009,M-104,188,9,3,6,1.85,Assembly,3501.66,179,0.047872340425531915,0.9521276595744681,0.031914893617021274,0.015957446808510637
QR00350,2025-02-21,Line A,Device Delta,Evening,OP019,M-103,188,9,4,5,4.91,Packaging,2001.74,179,0.047872340425531915,0.9521276595744681,0.026595744680851064,0.02127659574468085
QR00351,2025-05-11,Line D,Device Delta,Morning,OP011,M-105,120,8,4,4,0.3,Process,2850.44,112,0.06666666666666667,0.9333333333333333,0.03333333333333333,0.03333333333333333
QR00352,2025-08-04,Line A,Device Beta,Morning,OP011,M-103,239,5,2,3,5.63,Material,2682.26,234,0.02092050209205021,0.9790794979079498,0.012552301255230125,0.008368200836820083
QR00353,2025-02-19,Line B,Device Delta,Evening,OP001,M-102,220,12,2,10,0.71,Assembly,5579.76,208,0.05454545454545454,0.9454545454545454,0.045454545454545456,0.00909090909090909
QR00354,2025-09-30,Line C,Device Alpha,Night,OP013,M-104,175,4,1,3,3.93,Calibration,2252.81,171,0.022857142857142857,0.9771428571428571,0.017142857142857144,0.005714285714285714
QR00355,2025-04-17,Line B,Device Beta,Evening,OP023,M-106,139,6,1,5,0.59,Material,3951.14,133,0.04316546762589928,0.9568345323741008,0.03597122302158273,0.007194244604316547
QR00356,2025-08-22,Line D,Device Delta,Evening,OP023,M-101,139,10,3,7,0.89,Calibration,5264.55,129,0.07194244604316546,0.9280575539568345,0.050359712230215826,0.02158273381294964
QR00357,2025-04-06,Line B,Device Alpha,Evening,OP013,M-106,199,6,1,5,1.35,Process,3104.83,193,0.03015075376884422,0.9698492462311558,0.02512562814070352,0.005025125628140704
QR00358,2025-02-21,Line A,Device Beta,Evening,OP012,M-103,99,3,1,2,2.97,Electrical,1775.73,96,0.030303030303030304,0.9696969696969697,0.020202020202020204,0.010101010101010102
QR00359,2025-07-10,Line A,Device Delta,Evening,OP001,M-104,226,7,2,5,1.27,Assembly,2833.29,219,0.030973451327433628,0.9690265486725663,0.022123893805309734,0.008849557522123894
QR00360,2025-04-12,Line C,Device Delta,Morning,OP012,M-101,237,5,2,3,1.07,Process,2077.13,232,0.02109704641350211,0.9789029535864979,0.012658227848101266,0.008438818565400843
QR00361,2025-09-26,Line D,Device Alpha,Morning,OP016,M-104,270,11,2,9,0.25,Process,5571.56,259,0.040740740740740744,0.9592592592592593,0.03333333333333333,0.007407407407407408
QR00362,2025-12-10,Line C,Device Gamma,Evening,OP030,M-106,251,4,1,3,2.7,Material,2453.68,247,0.01593625498007968,0.9840637450199203,0.01195219123505976,0.00398406374501992
QR00363,2025-06-04,Line A,Device Beta,Morning,OP027,M-101,180,3,1,2,1.82,Assembly,1238.26,177,0.016666666666666666,0.9833333333333333,0.011111111111111112,0.005555555555555556
QR00364,2025-01-21,Line C,Device Alpha,Night,OP015,M-103,161,3,1,2,0.43,Packaging,707.95,158,0.018633540372670808,0.9813664596273292,0.012422360248447204,0.006211180124223602
QR00365,2025-06-12,Line C,Device Alpha,Night,OP027,M-103,114,1,0,1,0.11,Electrical,840.0,113,0.008771929824561403,0.9912280701754386,0.008771929824561403,0.0
QR00366,2025-03-17,Line D,Device Alpha,Evening,OP004,M-105,273,12,4,8,0.68,Material,6738.49,261,0.04395604395604396,0.9560439560439561,0.029304029304029304,0.014652014652014652
QR00367,2025-04-15,Line B,Device Alpha,Night,OP024,M-104,203,7,2,5,3.01,Calibration,3677.12,196,0.034482758620689655,0.9655172413793104,0.024630541871921183,0.009852216748768473
QR00368,2025-06-21,Line D,Device Delta,Evening,OP016,M-105,236,14,4,10,1.03,Electrical,8962.47,222,0.059322033898305086,0.940677966101695,0.0423728813559322,0.01694915254237288
QR00369,2025-04-25,Line B,Device Delta,Morning,OP006,M-106,145,8,2,6,5.58,Material,4796.04,137,0.05517241379310345,0.9448275862068966,0.041379310344827586,0.013793103448275862
QR00370,2025-03-24,Line B,Device Beta,Morning,OP024,M-106,241,10,3,7,6.19,Material,6032.36,231,0.04149377593360996,0.9585062240663901,0.029045643153526972,0.012448132780082987
QR00371,2025-05-03,Line B,Device Beta,Evening,OP006,M-102,142,8,3,5,1.31,Assembly,3086.32,134,0.056338028169014086,0.9436619718309859,0.035211267605633804,0.02112676056338028
QR00372,2025-07-18,Line A,Device Gamma,Night,OP029,M-105,108,2,0,2,1.89,Material,1520.0,106,0.018518518518518517,0.9814814814814815,0.018518518518518517,0.0
QR00373,2025-09-04,Line C,Device Alpha,Night,OP030,M-103,202,4,1,3,2.53,Assembly,1792.57,198,0.019801980198019802,0.9801980198019802,0.01485148514851485,0.0049504950495049506
QR00374,2025-03-18,Line B,Device Gamma,Night,OP030,M-102,103,2,1,1,3.6,Packaging,424.57,101,0.019417475728155338,0.9805825242718447,0.009708737864077669,0.009708737864077669
QR00375,2025-01-04,Line A,Device Delta,Evening,OP027,M-102,116,4,2,2,0.59,Assembly,1458.25,112,0.034482758620689655,0.9655172413793104,0.017241379310344827,0.017241379310344827
QR00376,2025-02-27,Line D,Device Delta,Evening,OP016,M-106,205,10,2,8,2.87,Process,4982.11,195,0.04878048780487805,0.9512195121951219,0.03902439024390244,0.00975609756097561
QR00377,2025-02-13,Line A,Device Alpha,Morning,OP029,M-103,267,2,1,1,1.04,Material,860.33,265,0.00749063670411985,0.9925093632958801,0.003745318352059925,0.003745318352059925
QR00378,2025-06-02,Line C,Device Beta,Morning,OP002,M-104,99,3,1,2,4.63,Calibration,1556.72,96,0.030303030303030304,0.9696969696969697,0.020202020202020204,0.010101010101010102
QR00379,2025-04-22,Line C,Device Beta,Evening,OP030,M-102,103,3,0,3,2.09,Assembly,1560.0,100,0.02912621359223301,0.970873786407767,0.02912621359223301,0.0
QR00380,2025-11-04,Line C,Device Alpha,Evening,OP019,M-101,149,2,1,1,2.57,Assembly,704.55,147,0.013422818791946308,0.9865771812080537,0.006711409395973154,0.006711409395973154
QR00381,2025-02-10,Line D,Device Beta,Morning,OP030,M-103,269,13,6,7,2.23,Electrical,7188.56,256,0.048327137546468404,0.9516728624535316,0.026022304832713755,0.022304832713754646
QR00382,2025-09-13,Line C,Device Delta,Night,OP019,M-103,122,3,1,2,2.77,Calibration,1527.3,119,0.02459016393442623,0.9754098360655737,0.01639344262295082,0.00819672131147541
QR00383,2025-03-18,Line A,Device Beta,Morning,OP015,M-102,211,9,1,8,1.41,Calibration,5597.39,202,0.04265402843601896,0.957345971563981,0.037914691943127965,0.004739336492890996
QR00384,2025-10-06,Line C,Device Alpha,Evening,OP017,M-101,256,5,2,3,2.29,Calibration,2423.65,251,0.01953125,0.98046875,0.01171875,0.0078125
QR00385,2025-09-08,Line C,Device Beta,Night,OP018,M-102,227,6,1,5,1.48,Electrical,4438.31,221,0.02643171806167401,0.973568281938326,0.022026431718061675,0.004405286343612335
QR00386,2025-04-22,Line A,Device Delta,Morning,OP027,M-102,271,12,2,10,3.56,Packaging,2836.14,259,0.04428044280442804,0.955719557195572,0.03690036900369004,0.007380073800738007
QR00387,2025-06-01,Line C,Device Beta,Morning,OP015,M-104,242,6,2,4,3.32,Process,2571.43,236,0.024793388429752067,0.9752066115702479,0.01652892561983471,0.008264462809917356
QR00388,2025-03-06,Line A,Device Beta,Morning,OP020,M-104,136,4,1,3,2.85,Electrical,2745.96,132,0.029411764705882353,0.9705882352941176,0.022058823529411766,0.007352941176470588
QR00389,2025-11-09,Line A,Device Alpha,Evening,OP010,M-103,160,4,1,3,1.24,Calibration,2261.83,156,0.025,0.975,0.01875,0.00625
QR00390,2025-03-02,Line D,Device Gamma,Evening,OP027,M-106,222,12,3,9,3.15,Assembly,5230.83,210,0.05405405405405406,0.9459459459459459,0.04054054054054054,0.013513513513513514
QR00391,2025-01-01,Line C,Device Gamma,Night,OP026,M-102,175,4,1,3,1.48,Process,1884.36,171,0.022857142857142857,0.9771428571428571,0.017142857142857144,0.005714285714285714
QR00392,2025-11-11,Line C,Device Gamma,Night,OP017,M-106,208,7,2,5,1.75,Packaging,1678.32,201,0.03365384615384615,0.9663461538461539,0.02403846153846154,0.009615384615384616
QR00393,2025-10-03,Line B,Device Gamma,Morning,OP022,M-104,150,3,1,2,1.19,Packaging,659.38,147,0.02,0.98,0.013333333333333334,0.006666666666666667
QR00394,2025-08-12,Line B,Device Delta,Morning,OP014,M-104,131,7,1,6,0.67,Assembly,3263.39,124,0.05343511450381679,0.9465648854961832,0.04580152671755725,0.007633587786259542
QR00395,2025-08-11,Line A,Device Delta,Morning,OP019,M-101,219,10,4,6,7.37,Material,5493.18,209,0.045662100456621,0.954337899543379,0.0273972602739726,0.0182648401826484
QR00396,2025-09-17,Line D,Device Gamma,Evening,OP013,M-105,278,10,4,6,7.88,Process,4437.73,268,0.03597122302158273,0.9640287769784173,0.02158273381294964,0.014388489208633094
QR00397,2025-05-18,Line A,Device Gamma,Morning,OP005,M-106,110,3,1,2,0.34,Calibration,1541.48,107,0.02727272727272727,0.9727272727272728,0.01818181818181818,0.00909090909090909
QR00398,2025-06-07,Line D,Device Gamma,Night,OP012,M-104,105,4,1,3,1.94,Material,2464.01,101,0.0380952380952381,0.9619047619047619,0.02857142857142857,0.009523809523809525
QR00399,2025-06-19,Line A,Device Gamma,Morning,OP006,M-103,105,1,0,1,1.6,Assembly,520.0,104,0.009523809523809525,0.9904761904761905,0.009523809523809525,0.0
QR00400,2025-04-23,Line C,Device Delta,Evening,OP006,M-105,151,5,1,4,2.41,Assembly,2187.36,146,0.033112582781456956,0.9668874172185431,0.026490066225165563,0.006622516556291391
QR00401,2025-07-25,Line D,Device Alpha,Evening,OP006,M-104,149,6,2,4,0.5,Process,2711.72,143,0.040268456375838924,0.959731543624161,0.026845637583892617,0.013422818791946308
QR00402,2025-09-18,Line C,Device Gamma,Night,OP029,M-106,274,3,1,2,2.11,Assembly,1215.05,271,0.010948905109489052,0.9890510948905109,0.0072992700729927005,0.0036496350364963502
QR00403,2025-09-10,Line A,Device Alpha,Evening,OP009,M-104,130,2,0,2,1.79,Electrical,1680.0,128,0.015384615384615385,0.9846153846153847,0.015384615384615385,0.0
QR00404,2025-04-04,Line C,Device Alpha,Night,OP029,M-102,211,6,1,5,3.58,Process,3095.5,205,0.02843601895734597,0.9715639810426541,0.023696682464454975,0.004739336492890996
QR00405,2025-09-10,Line A,Device Beta,Night,OP005,M-106,247,7,1,6,0.84,Calibration,4289.18,240,0.02834008097165992,0.97165991902834,0.024291497975708502,0.004048582995951417
QR00406,2025-09-01,Line C,Device Gamma,Evening,OP001,M-103,164,4,1,3,0.66,Electrical,2662.44,160,0.024390243902439025,0.975609756097561,0.018292682926829267,0.006097560975609756
QR00407,2025-06-22,Line C,Device Beta,Morning,OP002,M-103,221,4,2,2,0.06,Material,1788.52,217,0.01809954751131222,0.9819004524886877,0.00904977375565611,0.00904977375565611
QR00408,2025-02-26,Line A,Device Alpha,Evening,OP026,M-104,228,7,3,4,2.45,Material,3669.03,221,0.03070175438596491,0.9692982456140351,0.017543859649122806,0.013157894736842105
QR00409,2025-05-18,Line A,Device Beta,Evening,OP020,M-103,93,2,1,1,1.21,Assembly,705.31,91,0.021505376344086023,0.978494623655914,0.010752688172043012,0.010752688172043012
QR00410,2025-08-10,Line A,Device Gamma,Evening,OP002,M-103,162,3,1,2,6.22,Calibration,1482.54,159,0.018518518518518517,0.9814814814814815,0.012345679012345678,0.006172839506172839
QR00411,2025-10-05,Line B,Device Beta,Evening,OP003,M-103,152,6,2,4,0.53,Process,2699.48,146,0.039473684210526314,0.9605263157894737,0.02631578947368421,0.013157894736842105
QR00412,2025-01-22,Line D,Device Alpha,Night,OP012,M-106,194,12,4,8,0.12,Material,6925.44,182,0.061855670103092786,0.9381443298969072,0.041237113402061855,0.020618556701030927
QR00413,2025-11-16,Line B,Device Delta,Morning,OP021,M-104,111,5,1,4,3.88,Packaging,1148.17,106,0.04504504504504504,0.954954954954955,0.036036036036036036,0.009009009009009009
QR00414,2025-10-02,Line D,Device Gamma,Morning,OP007,M-105,121,6,2,4,1.11,Assembly,2471.54,115,0.049586776859504134,0.9504132231404959,0.03305785123966942,0.01652892561983471
QR00415,2025-05-13,Line C,Device Beta,Morning,OP004,M-106,280,5,2,3,1.32,Calibration,2295.72,275,0.017857142857142856,0.9821428571428571,0.010714285714285714,0.007142857142857143
QR00416,2025-01-22,Line C,Device Alpha,Night,OP016,M-103,166,4,2,2,5.39,Assembly,1395.66,162,0.024096385542168676,0.9759036144578314,0.012048192771084338,0.012048192771084338
QR00417,2025-08-13,Line B,Device Beta,Morning,OP012,M-103,98,5,2,3,2.12,Calibration,2489.47,93,0.05102040816326531,0.9489795918367347,0.030612244897959183,0.02040816326530612
QR00418,2025-06-09,Line B,Device Beta,Morning,OP014,M-104,95,4,1,3,4.18,Assembly,1729.39,91,0.042105263157894736,0.9578947368421052,0.031578947368421054,0.010526315789473684
QR00419,2025-09-05,Line B,Device Alpha,Evening,OP006,M-106,138,6,3,3,1.54,Packaging,1422.12,132,0.043478260869565216,0.9565217391304348,0.021739130434782608,0.021739130434782608
QR00420,2025-07-02,Line B,Device Delta,Morning,OP005,M-101,276,13,2,11,3.14,Electrical,9458.5,263,0.04710144927536232,0.9528985507246377,0.03985507246376811,0.007246376811594203
QR00421,2025-04-17,Line D,Device Beta,Morning,OP004,M-106,250,12,2,10,0.77,Process,6227.91,238,0.048,0.952,0.04,0.008
QR00422,2025-09-18,Line C,Device Delta,Night,OP024,M-106,102,4,1,3,0.32,Calibration,2148.48,98,0.0392156862745098,0.9607843137254902,0.029411764705882353,0.00980392156862745
QR00423,2025-11-29,Line B,Device Beta,Evening,OP027,M-103,215,8,1,7,6.62,Material,5509.39,207,0.037209302325581395,0.9627906976744186,0.03255813953488372,0.004651162790697674
QR00424,2025-06-03,Line A,Device Delta,Evening,OP003,M-106,127,4,1,3,1.8,Process,1957.66,123,0.031496062992125984,0.968503937007874,0.023622047244094488,0.007874015748031496
QR00425,2025-10-09,Line C,Device Delta,Evening,OP002,M-106,252,9,3,6,0.18,Assembly,3715.07,243,0.03571428571428571,0.9642857142857143,0.023809523809523808,0.011904761904761904
QR00426,2025-04-13,Line B,Device Alpha,Morning,OP001,M-104,223,8,2,6,0.12,Assembly,3474.95,215,0.03587443946188341,0.9641255605381166,0.026905829596412557,0.008968609865470852
QR00427,2025-02-20,Line C,Device Delta,Evening,OP026,M-104,150,3,0,3,0.57,Packaging,780.0,147,0.02,0.98,0.02,0.0
QR00428,2025-11-15,Line D,Device Gamma,Night,OP018,M-101,112,5,2,3,0.22,Material,2727.01,107,0.044642857142857144,0.9553571428571429,0.026785714285714284,0.017857142857142856
QR00429,2025-03-20,Line C,Device Gamma,Morning,OP019,M-102,123,3,1,2,3.6,Packaging,697.04,120,0.024390243902439025,0.975609756097561,0.016260162601626018,0.008130081300813009
QR00430,2025-08-03,Line A,Device Alpha,Night,OP007,M-102,164,3,0,3,2.97,Calibration,2040.0,161,0.018292682926829267,0.9817073170731707,0.018292682926829267,0.0
QR00431,2025-09-06,Line D,Device Gamma,Morning,OP014,M-104,265,14,5,9,2.01,Material,7846.59,251,0.052830188679245285,0.9471698113207547,0.033962264150943396,0.018867924528301886
QR00432,2025-04-04,Line D,Device Delta,Night,OP021,M-103,111,8,3,5,3.27,Assembly,2957.23,103,0.07207207207207207,0.9279279279279279,0.04504504504504504,0.02702702702702703
QR00433,2025-06-29,Line A,Device Alpha,Morning,OP019,M-106,154,5,1,4,0.82,Assembly,2187.45,149,0.032467532467532464,0.9675324675324676,0.025974025974025976,0.006493506493506494
QR00434,2025-03-02,Line C,Device Gamma,Morning,OP020,M-101,257,3,1,2,0.07,Material,1681.35,254,0.011673151750972763,0.9883268482490273,0.007782101167315175,0.0038910505836575876
QR00435,2025-04-22,Line D,Device Delta,Night,OP023,M-101,205,10,4,6,1.78,Process,4308.61,195,0.04878048780487805,0.9512195121951219,0.02926829268292683,0.01951219512195122
QR00436,2025-05-25,Line D,Device Gamma,Morning,OP023,M-105,100,3,1,2,0.9,Process,1417.49,97,0.03,0.97,0.02,0.01
QR00437,2025-09-02,Line D,Device Alpha,Evening,OP005,M-104,271,12,4,8,0.61,Electrical,7504.31,259,0.04428044280442804,0.955719557195572,0.02952029520295203,0.014760147601476014
QR00438,2025-09-01,Line D,Device Beta,Evening,OP021,M-104,218,11,4,7,1.39,Material,6246.48,207,0.05045871559633028,0.9495412844036697,0.03211009174311927,0.01834862385321101
QR00439,2025-01-16,Line A,Device Gamma,Evening,OP030,M-104,225,8,2,6,2.27,Assembly,3490.86,217,0.035555555555555556,0.9644444444444444,0.02666666666666667,0.008888888888888889
QR00440,2025-12-18,Line A,Device Delta,Night,OP018,M-103,154,6,2,4,3.33,Assembly,2378.59,148,0.03896103896103896,0.961038961038961,0.025974025974025976,0.012987012987012988
QR00441,2025-03-16,Line C,Device Alpha,Evening,OP004,M-103,185,3,1,2,2.15,Process,1314.48,182,0.016216216216216217,0.9837837837837838,0.010810810810810811,0.005405405405405406
QR00442,2025-09-17,Line C,Device Gamma,Morning,OP004,M-104,100,3,1,2,2.42,Electrical,1897.78,97,0.03,0.97,0.02,0.01
QR00443,2025-09-21,Line D,Device Alpha,Evening,OP006,M-103,266,13,5,8,0.17,Calibration,6358.95,253,0.04887218045112782,0.9511278195488722,0.03007518796992481,0.018796992481203006
QR00444,2025-07-17,Line B,Device Gamma,Morning,OP021,M-104,180,6,2,4,1.09,Process,2642.13,174,0.03333333333333333,0.9666666666666667,0.022222222222222223,0.011111111111111112
QR00445,2025-03-08,Line A,Device Beta,Evening,OP021,M-105,127,3,1,2,0.89,Material,1654.82,124,0.023622047244094488,0.9763779527559056,0.015748031496062992,0.007874015748031496
QR00446,2025-11-05,Line C,Device Delta,Evening,OP007,M-101,110,3,1,2,1.0,Material,1657.54,107,0.02727272727272727,0.9727272727272728,0.01818181818181818,0.00909090909090909
QR00447,2025-10-25,Line B,Device Beta,Evening,OP019,M-105,138,7,2,5,1.18,Assembly,3079.3,131,0.050724637681159424,0.9492753623188406,0.036231884057971016,0.014492753623188406
QR00448,2025-08-26,Line D,Device Beta,Evening,OP016,M-101,266,14,5,9,3.6,Assembly,5594.08,252,0.05263157894736842,0.9473684210526315,0.03383458646616541,0.018796992481203006
QR00449,2025-01-27,Line B,Device Beta,Evening,OP014,M-101,253,11,3,8,0.38,Material,6793.94,242,0.043478260869565216,0.9565217391304348,0.03162055335968379,0.011857707509881422
QR00450,2025-11-09,Line A,Device Alpha,Night,OP003,M-101,133,3,1,2,2.8,Process,1392.42,130,0.022556390977443608,0.9774436090225563,0.015037593984962405,0.007518796992481203
QR00451,2025-05-17,Line C,Device Alpha,Morning,OP022,M-102,180,2,0,2,1.39,Process,1180.0,178,0.011111111111111112,0.9888888888888889,0.011111111111111112,0.0
QR00452,2025-07-09,Line D,Device Delta,Morning,OP029,M-104,172,12,2,10,0.59,Electrical,8633.75,160,0.06976744186046512,0.9302325581395349,0.05813953488372093,0.011627906976744186
QR00453,2025-01-08,Line A,Device Gamma,Night,OP023,M-102,232,2,1,1,2.64,Packaging,420.59,230,0.008620689655172414,0.9913793103448276,0.004310344827586207,0.004310344827586207
QR00454,2025-10-20,Line A,Device Gamma,Morning,OP012,M-103,121,1,0,1,2.2,Assembly,520.0,120,0.008264462809917356,0.9917355371900827,0.008264462809917356,0.0
QR00455,2025-12-17,Line D,Device Gamma,Evening,OP025,M-103,213,10,4,6,2.33,Packaging,2309.76,203,0.046948356807511735,0.9530516431924883,0.028169014084507043,0.018779342723004695
QR00456,2025-02-18,Line D,Device Beta,Evening,OP007,M-101,254,14,2,12,1.08,Calibration,8477.3,240,0.05511811023622047,0.9448818897637795,0.047244094488188976,0.007874015748031496
QR00457,2025-12-12,Line A,Device Beta,Evening,OP025,M-103,213,4,0,4,2.32,Assembly,2080.0,209,0.018779342723004695,0.9812206572769953,0.018779342723004695,0.0
QR00458,2025-02-22,Line B,Device Gamma,Morning,OP028,M-102,275,10,2,8,5.78,Assembly,4588.57,265,0.03636363636363636,0.9636363636363636,0.02909090909090909,0.007272727272727273
QR00459,2025-07-27,Line A,Device Alpha,Evening,OP005,M-102,224,4,1,3,1.04,Packaging,965.85,220,0.017857142857142856,0.9821428571428571,0.013392857142857142,0.004464285714285714
QR00460,2025-10-22,Line B,Device Alpha,Night,OP021,M-102,225,6,2,4,0.34,Electrical,3564.05,219,0.02666666666666667,0.9733333333333334,0.017777777777777778,0.008888888888888889
QR00461,2025-02-28,Line C,Device Beta,Evening,OP023,M-102,217,9,2,7,0.31,Assembly,4005.89,208,0.041474654377880185,0.9585253456221198,0.03225806451612903,0.009216589861751152
QR00462,2025-04-08,Line C,Device Alpha,Morning,OP029,M-102,121,2,1,1,1.53,Packaging,384.37,119,0.01652892561983471,0.9834710743801653,0.008264462809917356,0.008264462809917356
QR00463,2025-05-23,Line D,Device Gamma,Morning,OP008,M-102,212,10,1,9,3.28,Process,5437.13,202,0.04716981132075472,0.9528301886792453,0.04245283018867924,0.0047169811320754715
QR00464,2025-06-12,Line B,Device Gamma,Evening,OP014,M-104,230,8,2,6,2.44,Process,3951.75,222,0.034782608695652174,0.9652173913043478,0.02608695652173913,0.008695652173913044
QR00465,2025-04-16,Line B,Device Alpha,Evening,OP030,M-105,268,9,3,6,2.24,Assembly,3469.97,259,0.033582089552238806,0.9664179104477612,0.022388059701492536,0.011194029850746268
QR00466,2025-02-23,Line B,Device Delta,Night,OP022,M-102,192,11,5,6,1.91,Assembly,4226.96,181,0.057291666666666664,0.9427083333333334,0.03125,0.026041666666666668
QR00467,2025-04-05,Line D,Device Alpha,Evening,OP010,M-102,182,8,2,6,4.55,Assembly,3509.89,174,0.04395604395604396,0.9560439560439561,0.03296703296703297,0.01098901098901099
QR00468,2025-03-28,Line C,Device Delta,Evening,OP030,M-102,176,6,1,5,1.89,Calibration,3493.9,170,0.03409090909090909,0.9659090909090909,0.028409090909090908,0.005681818181818182
QR00469,2025-06-21,Line A,Device Beta,Morning,OP014,M-102,218,5,2,3,0.64,Assembly,1853.68,213,0.022935779816513763,0.9770642201834863,0.013761467889908258,0.009174311926605505
QR00470,2025-09-15,Line B,Device Gamma,Night,OP016,M-104,248,5,1,4,1.92,Process,2474.96,243,0.020161290322580645,0.9798387096774194,0.016129032258064516,0.004032258064516129
QR00471,2025-12-05,Line A,Device Delta,Morning,OP003,M-105,167,4,1,3,3.21,Packaging,980.2,163,0.023952095808383235,0.9760479041916168,0.017964071856287425,0.005988023952095809
QR00472,2025-06-29,Line B,Device Beta,Night,OP013,M-101,202,7,2,5,3.36,Electrical,4643.47,195,0.034653465346534656,0.9653465346534653,0.024752475247524754,0.009900990099009901
QR00473,2025-07-03,Line D,Device Beta,Morning,OP012,M-106,182,12,2,10,1.44,Process,6124.62,170,0.06593406593406594,0.9340659340659341,0.054945054945054944,0.01098901098901099
QR00474,2025-12-14,Line C,Device Gamma,Night,OP007,M-105,119,1,0,1,4.04,Process,590.0,118,0.008403361344537815,0.9915966386554622,0.008403361344537815,0.0
QR00475,2025-07-21,Line B,Device Delta,Evening,OP018,M-101,131,8,2,6,1.61,Electrical,5323.67,123,0.061068702290076333,0.9389312977099237,0.04580152671755725,0.015267175572519083
QR00476,2025-08-25,Line D,Device Alpha,Evening,OP020,M-102,220,14,4,10,1.07,Calibration,7334.76,206,0.06363636363636363,0.9363636363636364,0.045454545454545456,0.01818181818181818
QR00477,2025-06-15,Line C,Device Delta,Night,OP001,M-104,145,4,2,2,1.26,Assembly,1465.64,141,0.027586206896551724,0.9724137931034482,0.013793103448275862,0.013793103448275862
QR00478,2025-11-16,Line D,Device Gamma,Morning,OP021,M-102,181,7,2,5,1.72,Material,4248.03,174,0.03867403314917127,0.9613259668508287,0.027624309392265192,0.011049723756906077
QR00479,2025-07-26,Line A,Device Beta,Night,OP018,M-101,259,13,5,8,1.16,Material,7274.08,246,0.05019305019305019,0.9498069498069498,0.03088803088803089,0.019305019305019305
QR00480,2025-08-01,Line C,Device Beta,Night,OP017,M-102,264,6,2,4,1.03,Packaging,1441.57,258,0.022727272727272728,0.9772727272727273,0.015151515151515152,0.007575757575757576
QR00481,2025-07-26,Line B,Device Alpha,Evening,OP018,M-103,183,9,3,6,1.87,Assembly,3758.55,174,0.04918032786885246,0.9508196721311475,0.03278688524590164,0.01639344262295082
QR00482,2025-06-29,Line A,Device Beta,Evening,OP027,M-101,127,3,1,2,3.1,Material,1730.22,124,0.023622047244094488,0.9763779527559056,0.015748031496062992,0.007874015748031496
QR00483,2025-06-26,Line C,Device Delta,Morning,OP005,M-102,192,5,1,4,1.11,Assembly,2278.74,187,0.026041666666666668,0.9739583333333334,0.020833333333333332,0.005208333333333333
QR00484,2025-01-31,Line C,Device Alpha,Night,OP014,M-106,126,1,0,1,1.66,Assembly,520.0,125,0.007936507936507936,0.9920634920634921,0.007936507936507936,0.0
QR00485,2025-05-17,Line C,Device Beta,Evening,OP026,M-104,221,4,1,3,0.92,Material,2416.38,217,0.01809954751131222,0.9819004524886877,0.013574660633484163,0.004524886877828055
QR00486,2025-02-23,Line C,Device Delta,Morning,OP015,M-103,261,7,3,4,2.77,Material,3432.53,254,0.02681992337164751,0.9731800766283525,0.01532567049808429,0.011494252873563218
QR00487,2025-02-18,Line B,Device Delta,Night,OP020,M-102,213,10,3,7,1.71,Assembly,4267.23,203,0.046948356807511735,0.9530516431924883,0.03286384976525822,0.014084507042253521
QR00488,2025-04-26,Line A,Device Alpha,Night,OP022,M-106,182,3,1,2,2.39,Material,1666.58,179,0.016483516483516484,0.9835164835164835,0.01098901098901099,0.005494505494505495
QR00489,2025-12-14,Line D,Device Gamma,Night,OP027,M-104,198,9,4,5,5.14,Calibration,3871.66,189,0.045454545454545456,0.9545454545454546,0.025252525252525252,0.020202020202020204
QR00490,2025-04-21,Line A,Device Alpha,Morning,OP002,M-106,280,6,3,3,0.83,Process,2319.22,274,0.02142857142857143,0.9785714285714285,0.010714285714285714,0.010714285714285714
QR00491,2025-04-02,Line B,Device Beta,Evening,OP026,M-105,218,11,2,9,1.75,Material,7066.93,207,0.05045871559633028,0.9495412844036697,0.04128440366972477,0.009174311926605505
QR00492,2025-08-28,Line D,Device Delta,Night,OP012,M-106,169,12,5,7,1.24,Assembly,4516.85,157,0.07100591715976332,0.9289940828402367,0.04142011834319527,0.029585798816568046
QR00493,2025-11-24,Line C,Device Alpha,Evening,OP030,M-103,128,2,0,2,1.78,Process,1180.0,126,0.015625,0.984375,0.015625,0.0
QR00494,2025-04-01,Line A,Device Alpha,Night,OP013,M-103,172,4,1,3,1.69,Assembly,1761.29,168,0.023255813953488372,0.9767441860465116,0.01744186046511628,0.005813953488372093
QR00495,2025-02-18,Line D,Device Gamma,Morning,OP008,M-103,192,8,2,6,1.45,Electrical,5264.64,184,0.041666666666666664,0.9583333333333334,0.03125,0.010416666666666666
QR00496,2025-08-23,Line A,Device Beta,Morning,OP024,M-101,105,3,1,2,0.56,Assembly,1155.81,102,0.02857142857142857,0.9714285714285714,0.01904761904761905,0.009523809523809525
QR00497,2025-05-21,Line C,Device Alpha,Night,OP014,M-101,142,3,1,2,2.7,Calibration,1502.42,139,0.02112676056338028,0.9788732394366197,0.014084507042253521,0.007042253521126761
QR00498,2025-03-07,Line A,Device Delta,Night,OP026,M-104,187,9,4,5,0.6,Process,3365.9,178,0.0481283422459893,0.9518716577540107,0.026737967914438502,0.0213903743315508
QR00499,2025-08-20,Line D,Device Delta,Evening,OP019,M-102,150,10,2,8,0.49,Electrical,6937.24,140,0.06666666666666667,0.9333333333333333,0.05333333333333334,0.013333333333333334
QR00500,2025-02-11,Line C,Device Gamma,Night,OP010,M-103,155,1,0,1,1.79,Material,760.0,154,0.0064516129032258064,0.9935483870967742,0.0064516129032258064,0.0
QR00501,2025-03-03,Line B,Device Delta,Night,OP003,M-101,258,13,4,9,4.92,Material,7230.26,245,0.050387596899224806,0.9496124031007752,0.03488372093023256,0.015503875968992248
QR00502,2025-05-25,Line A,Device Delta,Night,OP029,M-102,108,3,1,2,1.65,Calibration,1554.42,105,0.027777777777777776,0.9722222222222222,0.018518518518518517,0.009259259259259259
QR00503,2025-07-25,Line B,Device Beta,Morning,OP025,M-105,92,4,2,2,0.75,Material,1914.45,88,0.043478260869565216,0.9565217391304348,0.021739130434782608,0.021739130434782608
QR00504,2025-10-28,Line D,Device Gamma,Morning,OP019,M-105,270,14,5,9,2.62,Assembly,5268.58,256,0.05185185185185185,0.9481481481481482,0.03333333333333333,0.018518518518518517
QR00505,2025-04-07,Line D,Device Gamma,Night,OP013,M-106,228,10,1,9,4.25,Assembly,4803.49,218,0.043859649122807015,0.956140350877193,0.039473684210526314,0.0043859649122807015
QR00506,2025-12-15,Line A,Device Gamma,Night,OP016,M-105,170,2,1,1,0.28,Assembly,647.75,168,0.011764705882352941,0.9882352941176471,0.0058823529411764705,0.0058823529411764705
QR00507,2025-10-09,Line D,Device Delta,Morning,OP016,M-104,257,14,5,9,4.37,Electrical,8415.89,243,0.054474708171206226,0.9455252918287937,0.03501945525291829,0.019455252918287938
QR00508,2025-09-25,Line A,Device Beta,Morning,OP020,M-104,101,2,1,1,2.0,Electrical,1011.06,99,0.019801980198019802,0.9801980198019802,0.009900990099009901,0.009900990099009901
QR00509,2025-04-10,Line D,Device Alpha,Evening,OP025,M-102,147,9,2,7,2.71,Calibration,4985.84,138,0.061224489795918366,0.9387755102040817,0.047619047619047616,0.013605442176870748
QR00510,2025-11-25,Line D,Device Alpha,Evening,OP016,M-101,268,16,2,14,3.12,Packaging,3944.04,252,0.05970149253731343,0.9402985074626866,0.05223880597014925,0.007462686567164179
QR00511,2025-07-25,Line A,Device Delta,Evening,OP020,M-102,194,8,3,5,0.67,Calibration,3915.4,186,0.041237113402061855,0.9587628865979382,0.02577319587628866,0.015463917525773196
QR00512,2025-01-10,Line D,Device Gamma,Evening,OP029,M-104,239,14,5,9,4.02,Electrical,8335.66,225,0.058577405857740586,0.9414225941422594,0.03765690376569038,0.02092050209205021
QR00513,2025-03-04,Line C,Device Alpha,Evening,OP014,M-106,214,3,1,2,2.59,Electrical,1819.2,211,0.014018691588785047,0.985981308411215,0.009345794392523364,0.004672897196261682
QR00514,2025-12-14,Line D,Device Gamma,Evening,OP009,M-103,225,11,3,8,2.1,Material,6788.2,214,0.04888888888888889,0.9511111111111111,0.035555555555555556,0.013333333333333334
QR00515,2025-01-19,Line C,Device Beta,Night,OP005,M-102,140,2,0,2,0.95,Assembly,1040.0,138,0.014285714285714285,0.9857142857142858,0.014285714285714285,0.0
QR00516,2025-12-27,Line C,Device Gamma,Morning,OP005,M-105,266,3,1,2,2.21,Material,1677.92,263,0.011278195488721804,0.9887218045112782,0.007518796992481203,0.0037593984962406013
QR00517,2025-12-11,Line D,Device Gamma,Morning,OP017,M-103,265,11,4,7,1.9,Assembly,4567.64,254,0.04150943396226415,0.9584905660377359,0.026415094339622643,0.01509433962264151
QR00518,2025-11-26,Line B,Device Delta,Morning,OP014,M-104,205,12,5,7,1.43,Electrical,6504.67,193,0.05853658536585366,0.9414634146341463,0.03414634146341464,0.024390243902439025
QR00519,2025-03-01,Line B,Device Delta,Evening,OP002,M-103,245,10,4,6,0.07,Calibration,4646.35,235,0.04081632653061224,0.9591836734693877,0.024489795918367346,0.0163265306122449
QR00520,2025-06-14,Line B,Device Gamma,Evening,OP027,M-106,181,7,3,4,1.69,Electrical,3945.53,174,0.03867403314917127,0.9613259668508287,0.022099447513812154,0.016574585635359115
QR00521,2025-11-21,Line B,Device Beta,Morning,OP018,M-101,264,14,3,11,1.27,Assembly,6339.46,250,0.05303030303030303,0.946969696969697,0.041666666666666664,0.011363636363636364
QR00522,2025-05-12,Line C,Device Alpha,Morning,OP024,M-105,161,2,0,2,4.73,Material,1520.0,159,0.012422360248447204,0.9875776397515528,0.012422360248447204,0.0
QR00523,2025-01-22,Line D,Device Gamma,Evening,OP017,M-105,195,11,4,7,2.89,Material,6104.78,184,0.05641025641025641,0.9435897435897436,0.035897435897435895,0.020512820512820513
QR00524,2025-09-02,Line D,Device Alpha,Evening,OP009,M-101,189,10,4,6,0.6,Electrical,5933.16,179,0.05291005291005291,0.9470899470899471,0.031746031746031744,0.021164021164021163
QR00525,2025-03-13,Line C,Device Alpha,Morning,OP005,M-106,216,3,1,2,3.06,Process,1299.61,213,0.013888888888888888,0.9861111111111112,0.009259259259259259,0.004629629629629629
QR00526,2025-08-25,Line C,Device Alpha,Evening,OP011,M-104,280,6,3,3,4.01,Assembly,2173.21,274,0.02142857142857143,0.9785714285714285,0.010714285714285714,0.010714285714285714
QR00527,2025-04-30,Line D,Device Delta,Evening,OP024,M-105,190,8,2,6,3.78,Material,4902.17,182,0.042105263157894736,0.9578947368421052,0.031578947368421054,0.010526315789473684
QR00528,2025-06-20,Line C,Device Alpha,Night,OP008,M-103,127,3,1,2,1.87,Assembly,1249.52,124,0.023622047244094488,0.9763779527559056,0.015748031496062992,0.007874015748031496
QR00529,2025-12-16,Line B,Device Gamma,Evening,OP005,M-101,214,6,1,5,2.83,Process,3149.31,208,0.028037383177570093,0.9719626168224299,0.02336448598130841,0.004672897196261682
QR00530,2025-10-30,Line B,Device Delta,Night,OP005,M-106,201,10,4,6,0.43,Electrical,5661.0,191,0.04975124378109453,0.9502487562189055,0.029850746268656716,0.01990049751243781
QR00531,2025-11-22,Line B,Device Beta,Morning,OP020,M-105,175,9,4,5,0.51,Electrical,4612.9,166,0.05142857142857143,0.9485714285714286,0.02857142857142857,0.022857142857142857
QR00532,2025-02-02,Line C,Device Beta,Morning,OP010,M-106,261,8,3,5,7.16,Packaging,1945.93,253,0.03065134099616858,0.9693486590038314,0.019157088122605363,0.011494252873563218
QR00533,2025-03-24,Line B,Device Alpha,Evening,OP020,M-105,111,5,1,4,0.72,Calibration,2937.43,106,0.04504504504504504,0.954954954954955,0.036036036036036036,0.009009009009009009
QR00534,2025-10-20,Line B,Device Gamma,Morning,OP009,M-101,168,9,4,5,1.94,Packaging,1745.05,159,0.05357142857142857,0.9464285714285714,0.02976190476190476,0.023809523809523808
QR00535,2025-01-27,Line D,Device Gamma,Night,OP015,M-106,215,8,3,5,1.17,Material,4240.57,207,0.037209302325581395,0.9627906976744186,0.023255813953488372,0.013953488372093023
QR00536,2025-02-11,Line C,Device Gamma,Morning,OP016,M-106,264,4,1,3,0.78,Assembly,1732.2,260,0.015151515151515152,0.9848484848484849,0.011363636363636364,0.003787878787878788
QR00537,2025-06-13,Line D,Device Gamma,Morning,OP024,M-102,136,6,1,5,0.24,Material,3891.47,130,0.04411764705882353,0.9558823529411765,0.03676470588235294,0.007352941176470588
QR00538,2025-07-02,Line A,Device Gamma,Evening,OP024,M-105,162,2,1,1,0.31,Calibration,780.78,160,0.012345679012345678,0.9876543209876543,0.006172839506172839,0.006172839506172839
QR00539,2025-12-01,Line D,Device Gamma,Morning,OP021,M-106,266,12,5,7,3.37,Process,5111.65,254,0.045112781954887216,0.9548872180451128,0.02631578947368421,0.018796992481203006
QR00540,2025-06-03,Line D,Device Beta,Morning,OP021,M-103,279,18,6,12,0.88,Packaging,3754.0,261,0.06451612903225806,0.9354838709677419,0.043010752688172046,0.021505376344086023
QR00541,2025-12-09,Line A,Device Alpha,Evening,OP010,M-103,267,9,3,6,1.5,Process,3820.93,258,0.033707865168539325,0.9662921348314607,0.02247191011235955,0.011235955056179775
QR00542,2025-08-30,Line A,Device Delta,Morning,OP016,M-104,217,10,4,6,1.88,Assembly,4005.2,207,0.04608294930875576,0.9539170506912442,0.027649769585253458,0.018433179723502304
QR00543,2025-06-07,Line C,Device Gamma,Morning,OP017,M-104,245,7,1,6,2.17,Process,3724.3,238,0.02857142857142857,0.9714285714285714,0.024489795918367346,0.004081632653061225
QR00544,2025-06-03,Line A,Device Delta,Evening,OP027,M-106,225,9,1,8,2.85,Calibration,5577.61,216,0.04,0.96,0.035555555555555556,0.0044444444444444444
QR00545,2025-03-07,Line D,Device Gamma,Evening,OP027,M-106,279,14,3,11,8.74,Calibration,7792.49,265,0.05017921146953405,0.9498207885304659,0.03942652329749104,0.010752688172043012
QR00546,2025-06-01,Line A,Device Beta,Evening,OP008,M-105,269,5,2,3,1.14,Packaging,1031.34,264,0.01858736059479554,0.9814126394052045,0.011152416356877323,0.007434944237918215
QR00547,2025-06-01,Line D,Device Delta,Night,OP012,M-106,173,11,3,8,4.09,Packaging,2395.52,162,0.06358381502890173,0.9364161849710982,0.046242774566473986,0.017341040462427744
QR00548,2025-04-14,Line C,Device Gamma,Evening,OP008,M-105,123,3,0,3,4.62,Material,2280.0,120,0.024390243902439025,0.975609756097561,0.024390243902439025,0.0
QR00549,2025-03-29,Line A,Device Delta,Evening,OP022,M-106,269,8,3,5,0.68,Assembly,3295.64,261,0.02973977695167286,0.9702602230483272,0.01858736059479554,0.011152416356877323
QR00550,2025-02-02,Line A,Device Delta,Morning,OP012,M-105,256,15,5,10,1.23,Process,7062.28,241,0.05859375,0.94140625,0.0390625,0.01953125
QR00551,2025-12-06,Line D,Device Gamma,Morning,OP025,M-101,131,5,1,4,5.68,Assembly,2275.55,126,0.03816793893129771,0.9618320610687023,0.030534351145038167,0.007633587786259542
QR00552,2025-02-04,Line C,Device Delta,Evening,OP011,M-105,226,7,3,4,3.54,Material,3525.74,219,0.030973451327433628,0.9690265486725663,0.017699115044247787,0.01327433628318584
QR00553,2025-09-14,Line A,Device Delta,Morning,OP013,M-105,109,3,0,3,0.9,Process,1770.0,106,0.027522935779816515,0.9724770642201835,0.027522935779816515,0.0
QR00554,2025-10-05,Line C,Device Gamma,Morning,OP004,M-102,220,2,0,2,1.21,Packaging,520.0,218,0.00909090909090909,0.990909090909091,0.00909090909090909,0.0
QR00555,2025-01-29,Line B,Device Gamma,Night,OP024,M-105,190,6,2,4,1.72,Material,3440.75,184,0.031578947368421054,0.968421052631579,0.021052631578947368,0.010526315789473684
QR00556,2025-02-15,Line B,Device Alpha,Evening,OP013,M-103,141,6,2,4,0.6,Material,3412.46,135,0.0425531914893617,0.9574468085106383,0.028368794326241134,0.014184397163120567
QR00557,2025-02-12,Line B,Device Gamma,Morning,OP029,M-104,259,9,2,7,1.07,Electrical,6100.31,250,0.03474903474903475,0.9652509652509652,0.02702702702702703,0.007722007722007722
QR00558,2025-07-31,Line D,Device Gamma,Morning,OP008,M-106,119,5,1,4,2.26,Calibration,2957.41,114,0.04201680672268908,0.957983193277311,0.03361344537815126,0.008403361344537815
QR00559,2025-10-17,Line A,Device Beta,Morning,OP028,M-103,174,4,2,2,2.63,Calibration,1595.81,170,0.022988505747126436,0.9770114942528736,0.011494252873563218,0.011494252873563218
QR00560,2025-01-24,Line D,Device Alpha,Evening,OP013,M-104,170,10,4,6,2.87,Material,5104.03,160,0.058823529411764705,0.9411764705882353,0.03529411764705882,0.023529411764705882
QR00561,2025-08-05,Line D,Device Beta,Morning,OP027,M-104,133,9,2,7,2.61,Material,5785.91,124,0.06766917293233082,0.9323308270676691,0.05263157894736842,0.015037593984962405
QR00562,2025-06-11,Line D,Device Alpha,Evening,OP022,M-102,245,6,3,3,1.01,Calibration,2698.3,239,0.024489795918367346,0.9755102040816327,0.012244897959183673,0.012244897959183673
QR00563,2025-09-25,Line D,Device Beta,Morning,OP014,M-104,145,7,2,5,6.42,Calibration,3843.83,138,0.04827586206896552,0.9517241379310345,0.034482758620689655,0.013793103448275862
QR00564,2025-09-28,Line B,Device Delta,Evening,OP007,M-105,113,5,1,4,4.51,Material,3254.58,108,0.04424778761061947,0.9557522123893806,0.035398230088495575,0.008849557522123894
QR00565,2025-02-20,Line A,Device Delta,Morning,OP029,M-101,268,10,2,8,5.43,Process,5123.75,258,0.03731343283582089,0.9626865671641791,0.029850746268656716,0.007462686567164179
QR00566,2025-07-27,Line D,Device Beta,Morning,OP020,M-105,243,12,2,10,1.58,Calibration,7033.52,231,0.04938271604938271,0.9506172839506173,0.0411522633744856,0.00823045267489712
QR00567,2025-01-27,Line A,Device Delta,Night,OP013,M-104,191,7,2,5,1.65,Electrical,4630.84,184,0.03664921465968586,0.9633507853403142,0.02617801047120419,0.010471204188481676
QR00568,2025-11-21,Line D,Device Delta,Morning,OP010,M-101,144,10,1,9,0.41,Packaging,2528.28,134,0.06944444444444445,0.9305555555555556,0.0625,0.006944444444444444
QR00569,2025-11-10,Line A,Device Gamma,Night,OP006,M-104,143,4,1,3,0.32,Material,2425.0,139,0.027972027972027972,0.972027972027972,0.02097902097902098,0.006993006993006993
QR00570,2025-07-09,Line B,Device Alpha,Evening,OP003,M-101,198,7,2,5,2.86,Electrical,4674.79,191,0.03535353535353535,0.9646464646464646,0.025252525252525252,0.010101010101010102
QR00571,2025-03-26,Line D,Device Delta,Morning,OP025,M-105,147,10,2,8,0.39,Electrical,7172.55,137,0.06802721088435375,0.9319727891156463,0.05442176870748299,0.013605442176870748
QR00572,2025-06-09,Line D,Device Beta,Morning,OP021,M-104,180,11,3,8,5.37,Material,6419.53,169,0.06111111111111111,0.9388888888888889,0.044444444444444446,0.016666666666666666
QR00573,2025-03-13,Line C,Device Beta,Night,OP005,M-101,279,7,2,5,3.03,Assembly,2882.55,272,0.025089605734767026,0.974910394265233,0.017921146953405017,0.007168458781362007
QR00574,2025-02-19,Line D,Device Gamma,Morning,OP024,M-104,235,11,4,7,1.08,Material,5716.04,224,0.04680851063829787,0.9531914893617022,0.029787234042553193,0.01702127659574468
QR00575,2025-08-09,Line D,Device Alpha,Evening,OP009,M-106,137,5,2,3,5.62,Material,2485.05,132,0.0364963503649635,0.9635036496350365,0.021897810218978103,0.014598540145985401
QR00576,2025-02-17,Line A,Device Delta,Morning,OP020,M-101,102,4,1,3,1.2,Process,1935.69,98,0.0392156862745098,0.9607843137254902,0.029411764705882353,0.00980392156862745
QR00577,2025-08-19,Line B,Device Gamma,Morning,OP026,M-106,198,4,1,3,2.5,Assembly,1742.04,194,0.020202020202020204,0.9797979797979798,0.015151515151515152,0.005050505050505051
QR00578,2025-04-03,Line D,Device Alpha,Morning,OP023,M-106,251,8,1,7,1.82,Packaging,1919.92,243,0.03187250996015936,0.9681274900398407,0.027888446215139442,0.00398406374501992
QR00579,2025-05-19,Line B,Device Delta,Morning,OP026,M-106,111,6,1,5,0.33,Assembly,2693.71,105,0.05405405405405406,0.9459459459459459,0.04504504504504504,0.009009009009009009
QR00580,2025-05-26,Line C,Device Delta,Evening,OP005,M-106,251,10,2,8,2.23,Material,6375.18,241,0.0398406374501992,0.9601593625498008,0.03187250996015936,0.00796812749003984
QR00581,2025-03-08,Line D,Device Beta,Morning,OP030,M-104,134,6,3,3,1.41,Calibration,2368.62,128,0.04477611940298507,0.9552238805970149,0.022388059701492536,0.022388059701492536
QR00582,2025-05-20,Line D,Device Alpha,Night,OP003,M-101,204,10,2,8,3.75,Electrical,7127.75,194,0.049019607843137254,0.9509803921568627,0.0392156862745098,0.00980392156862745
QR00583,2025-12-06,Line B,Device Beta,Night,OP011,M-106,173,6,2,4,1.17,Process,2629.2,167,0.03468208092485549,0.9653179190751445,0.023121387283236993,0.011560693641618497
QR00584,2025-02-19,Line A,Device Delta,Night,OP002,M-103,253,10,3,7,0.46,Assembly,3950.86,243,0.039525691699604744,0.9604743083003953,0.02766798418972332,0.011857707509881422
QR00585,2025-10-03,Line B,Device Delta,Morning,OP030,M-101,151,5,1,4,2.06,Calibration,2932.16,146,0.033112582781456956,0.9668874172185431,0.026490066225165563,0.006622516556291391
QR00586,2025-02-01,Line D,Device Alpha,Evening,OP030,M-105,273,14,2,12,1.5,Electrical,10293.55,259,0.05128205128205128,0.9487179487179487,0.04395604395604396,0.007326007326007326
QR00587,2025-02-03,Line A,Device Alpha,Morning,OP015,M-104,267,6,2,4,0.56,Material,3300.06,261,0.02247191011235955,0.9775280898876404,0.0149812734082397,0.00749063670411985
QR00588,2025-09-15,Line D,Device Gamma,Evening,OP010,M-103,219,10,3,7,0.45,Packaging,2353.9,209,0.045662100456621,0.954337899543379,0.0319634703196347,0.0136986301369863
QR00589,2025-02-01,Line B,Device Gamma,Night,OP020,M-103,90,3,1,2,4.14,Electrical,1793.12,87,0.03333333333333333,0.9666666666666667,0.022222222222222223,0.011111111111111112
QR00590,2025-11-13,Line A,Device Delta,Morning,OP019,M-104,158,6,1,5,0.06,Calibration,3636.3,152,0.0379746835443038,0.9620253164556962,0.03164556962025317,0.006329113924050633
QR00591,2025-06-14,Line B,Device Beta,Night,OP005,M-106,145,6,2,4,4.8,Electrical,3836.43,139,0.041379310344827586,0.9586206896551724,0.027586206896551724,0.013793103448275862
QR00592,2025-01-06,Line C,Device Gamma,Evening,OP004,M-104,110,1,0,1,1.35,Material,760.0,109,0.00909090909090909,0.990909090909091,0.00909090909090909,0.0
QR00593,2025-01-04,Line A,Device Delta,Night,OP030,M-106,113,3,1,2,0.56,Assembly,1165.29,110,0.02654867256637168,0.9734513274336283,0.017699115044247787,0.008849557522123894
QR00594,2025-12-03,Line B,Device Gamma,Evening,OP001,M-106,220,5,1,4,0.05,Packaging,1223.14,215,0.022727272727272728,0.9772727272727273,0.01818181818181818,0.004545454545454545
QR00595,2025-11-04,Line C,Device Beta,Evening,OP002,M-104,193,5,2,3,2.2,Material,2688.64,188,0.025906735751295335,0.9740932642487047,0.015544041450777202,0.010362694300518135
QR00596,2025-11-21,Line A,Device Gamma,Morning,OP027,M-102,154,4,1,3,1.91,Assembly,1658.63,150,0.025974025974025976,0.974025974025974,0.01948051948051948,0.006493506493506494
QR00597,2025-05-17,Line D,Device Beta,Morning,OP025,M-106,113,8,4,4,1.04,Packaging,1830.46,105,0.07079646017699115,0.9292035398230089,0.035398230088495575,0.035398230088495575
QR00598,2025-05-21,Line D,Device Alpha,Evening,OP029,M-102,91,4,1,3,4.92,Electrical,2619.18,87,0.04395604395604396,0.9560439560439561,0.03296703296703297,0.01098901098901099
QR00599,2025-05-16,Line B,Device Gamma,Night,OP005,M-102,257,9,2,7,2.6,Electrical,6100.2,248,0.03501945525291829,0.9649805447470817,0.027237354085603113,0.007782101167315175
QR00600,2025-04-13,Line C,Device Gamma,Evening,OP015,M-105,113,2,1,1,0.18,Electrical,1047.23,111,0.017699115044247787,0.9823008849557522,0.008849557522123894,0.008849557522123894
QR00601,2025-06-22,Line D,Device Delta,Evening,OP028,M-102,113,6,2,4,0.64,Packaging,1352.45,107,0.05309734513274336,0.9469026548672567,0.035398230088495575,0.017699115044247787
QR00602,2025-11-29,Line A,Device Beta,Morning,OP028,M-106,179,3,1,2,0.12,Calibration,1471.79,176,0.01675977653631285,0.9832402234636871,0.0111731843575419,0.00558659217877095
QR00603,2025-11-21,Line C,Device Delta,Morning,OP018,M-103,208,6,2,4,3.81,Material,3390.66,202,0.028846153846153848,0.9711538461538461,0.019230769230769232,0.009615384615384616
QR00604,2025-09-25,Line B,Device Gamma,Morning,OP017,M-106,183,8,3,5,3.73,Packaging,1769.68,175,0.04371584699453552,0.9562841530054644,0.0273224043715847,0.01639344262295082
QR00605,2025-05-23,Line A,Device Alpha,Evening,OP030,M-106,230,5,2,3,1.43,Process,2191.82,225,0.021739130434782608,0.9782608695652174,0.013043478260869565,0.008695652173913044
QR00606,2025-09-14,Line C,Device Gamma,Morning,OP016,M-102,92,2,0,2,0.29,Assembly,1040.0,90,0.021739130434782608,0.9782608695652174,0.021739130434782608,0.0
QR00607,2025-02-03,Line A,Device Gamma,Night,OP009,M-106,176,2,1,1,1.88,Process,732.11,174,0.011363636363636364,0.9886363636363636,0.005681818181818182,0.005681818181818182
QR00608,2025-07-04,Line D,Device Delta,Evening,OP023,M-104,239,14,6,8,0.89,Calibration,6118.81,225,0.058577405857740586,0.9414225941422594,0.03347280334728033,0.02510460251046025
QR00609,2025-09-22,Line A,Device Delta,Night,OP010,M-105,257,11,2,9,1.37,Electrical,7981.81,246,0.042801556420233464,0.9571984435797666,0.03501945525291829,0.007782101167315175
QR00610,2025-12-07,Line A,Device Gamma,Evening,OP029,M-104,122,2,1,1,1.85,Assembly,663.11,120,0.01639344262295082,0.9836065573770492,0.00819672131147541,0.00819672131147541
QR00611,2025-08-14,Line A,Device Beta,Evening,OP013,M-106,99,4,1,3,1.14,Material,2401.37,95,0.04040404040404041,0.9595959595959596,0.030303030303030304,0.010101010101010102
QR00612,2025-02-04,Line A,Device Gamma,Evening,OP003,M-101,267,5,2,3,4.42,Assembly,2035.27,262,0.018726591760299626,0.9812734082397003,0.011235955056179775,0.00749063670411985
QR00613,2025-05-06,Line D,Device Beta,Night,OP025,M-101,181,11,2,9,4.27,Packaging,2588.41,170,0.06077348066298342,0.9392265193370166,0.049723756906077346,0.011049723756906077
QR00614,2025-11-04,Line B,Device Alpha,Night,OP020,M-106,152,3,1,2,1.93,Assembly,1163.04,149,0.019736842105263157,0.9802631578947368,0.013157894736842105,0.006578947368421052
QR00615,2025-02-23,Line A,Device Beta,Night,OP027,M-102,163,4,1,3,0.19,Process,1982.03,159,0.024539877300613498,0.9754601226993865,0.018404907975460124,0.006134969325153374
QR00616,2025-05-03,Line A,Device Beta,Evening,OP011,M-103,95,2,1,1,1.22,Calibration,827.9,93,0.021052631578947368,0.9789473684210527,0.010526315789473684,0.010526315789473684
QR00617,2025-05-21,Line C,Device Beta,Night,OP003,M-104,272,7,1,6,2.19,Calibration,4304.2,265,0.025735294117647058,0.9742647058823529,0.022058823529411766,0.003676470588235294
QR00618,2025-10-30,Line C,Device Alpha,Morning,OP028,M-102,198,6,2,4,2.0,Assembly,2509.08,192,0.030303030303030304,0.9696969696969697,0.020202020202020204,0.010101010101010102
QR00619,2025-12-12,Line A,Device Delta,Evening,OP005,M-102,202,8,3,5,1.52,Assembly,2976.69,194,0.039603960396039604,0.9603960396039604,0.024752475247524754,0.01485148514851485
QR00620,2025-04-28,Line A,Device Gamma,Evening,OP019,M-106,221,6,2,4,0.78,Assembly,2458.42,215,0.027149321266968326,0.9728506787330317,0.01809954751131222,0.00904977375565611
QR00621,2025-10-05,Line A,Device Beta,Morning,OP029,M-103,130,4,1,3,5.02,Assembly,1768.72,126,0.03076923076923077,0.9692307692307692,0.023076923076923078,0.007692307692307693
QR00622,2025-10-29,Line C,Device Beta,Morning,OP001,M-105,167,4,1,3,3.12,Calibration,2139.8,163,0.023952095808383235,0.9760479041916168,0.017964071856287425,0.005988023952095809
QR00623,2025-01-30,Line A,Device Alpha,Morning,OP011,M-101,181,5,1,4,8.26,Process,2507.25,176,0.027624309392265192,0.9723756906077348,0.022099447513812154,0.0055248618784530384
QR00624,2025-05-26,Line A,Device Beta,Evening,OP001,M-105,161,4,1,3,2.4,Electrical,2623.29,157,0.024844720496894408,0.9751552795031055,0.018633540372670808,0.006211180124223602
QR00625,2025-06-12,Line C,Device Gamma,Evening,OP010,M-101,147,2,1,1,1.2,Packaging,360.19,145,0.013605442176870748,0.9863945578231292,0.006802721088435374,0.006802721088435374
QR00626,2025-11-13,Line A,Device Alpha,Night,OP017,M-105,217,4,1,3,3.31,Process,1956.02,213,0.018433179723502304,0.9815668202764977,0.013824884792626729,0.004608294930875576
QR00627,2025-08-24,Line A,Device Alpha,Night,OP004,M-104,172,3,1,2,0.3,Calibration,1514.5,169,0.01744186046511628,0.9825581395348837,0.011627906976744186,0.005813953488372093
QR00628,2025-01-17,Line A,Device Alpha,Evening,OP001,M-106,127,4,2,2,9.09,Packaging,830.45,123,0.031496062992125984,0.968503937007874,0.015748031496062992,0.015748031496062992
QR00629,2025-01-09,Line B,Device Alpha,Morning,OP027,M-104,267,8,3,5,4.09,Assembly,2914.41,259,0.0299625468164794,0.9700374531835206,0.018726591760299626,0.011235955056179775
QR00630,2025-12-05,Line A,Device Alpha,Morning,OP028,M-104,113,1,0,1,1.8,Electrical,840.0,112,0.008849557522123894,0.9911504424778761,0.008849557522123894,0.0
QR00631,2025-07-08,Line D,Device Beta,Morning,OP010,M-105,123,8,4,4,2.06,Calibration,3122.89,115,0.06504065040650407,0.9349593495934959,0.032520325203252036,0.032520325203252036
QR00632,2025-03-25,Line B,Device Beta,Evening,OP015,M-101,193,7,2,5,2.21,Packaging,1754.41,186,0.03626943005181347,0.9637305699481865,0.025906735751295335,0.010362694300518135
QR00633,2025-11-30,Line D,Device Gamma,Night,OP014,M-101,223,8,3,5,3.98,Assembly,2948.48,215,0.03587443946188341,0.9641255605381166,0.02242152466367713,0.013452914798206279
QR00634,2025-02-03,Line B,Device Gamma,Evening,OP011,M-102,132,6,1,5,0.94,Calibration,3520.97,126,0.045454545454545456,0.9545454545454546,0.03787878787878788,0.007575757575757576
QR00635,2025-05-16,Line C,Device Alpha,Evening,OP011,M-101,203,6,1,5,1.31,Assembly,2778.79,197,0.029556650246305417,0.9704433497536946,0.024630541871921183,0.0049261083743842365
QR00636,2025-07-13,Line A,Device Beta,Evening,OP030,M-103,122,5,1,4,1.63,Material,3230.11,117,0.040983606557377046,0.9590163934426229,0.03278688524590164,0.00819672131147541
QR00637,2025-12-13,Line A,Device Gamma,Morning,OP024,M-105,164,2,0,2,3.0,Electrical,1680.0,162,0.012195121951219513,0.9878048780487805,0.012195121951219513,0.0
QR00638,2025-10-22,Line C,Device Gamma,Morning,OP018,M-103,257,2,0,2,0.45,Packaging,520.0,255,0.007782101167315175,0.9922178988326849,0.007782101167315175,0.0
QR00639,2025-01-15,Line C,Device Beta,Evening,OP030,M-102,176,4,1,3,0.58,Material,2446.27,172,0.022727272727272728,0.9772727272727273,0.017045454545454544,0.005681818181818182
QR00640,2025-01-24,Line D,Device Gamma,Morning,OP025,M-106,145,7,3,4,0.58,Assembly,2609.05,138,0.04827586206896552,0.9517241379310345,0.027586206896551724,0.020689655172413793
QR00641,2025-03-26,Line A,Device Beta,Morning,OP002,M-102,186,2,0,2,3.27,Calibration,1360.0,184,0.010752688172043012,0.989247311827957,0.010752688172043012,0.0
QR00642,2025-04-18,Line A,Device Alpha,Evening,OP028,M-106,122,3,1,2,0.67,Packaging,756.06,119,0.02459016393442623,0.9754098360655737,0.01639344262295082,0.00819672131147541
QR00643,2025-05-08,Line A,Device Gamma,Morning,OP004,M-104,119,3,1,2,3.74,Electrical,1913.08,116,0.025210084033613446,0.9747899159663865,0.01680672268907563,0.008403361344537815
QR00644,2025-12-13,Line B,Device Gamma,Morning,OP019,M-105,196,6,1,5,1.16,Electrical,4294.52,190,0.030612244897959183,0.9693877551020408,0.025510204081632654,0.00510204081632653
QR00645,2025-08-18,Line A,Device Delta,Morning,OP016,M-105,203,5,1,4,1.26,Process,2544.01,198,0.024630541871921183,0.9753694581280788,0.019704433497536946,0.0049261083743842365
QR00646,2025-10-06,Line D,Device Delta,Evening,OP012,M-102,231,13,4,9,2.49,Process,6157.89,218,0.05627705627705628,0.9437229437229437,0.03896103896103896,0.017316017316017316
QR00647,2025-08-21,Line A,Device Gamma,Night,OP002,M-101,210,5,1,4,2.73,Assembly,2233.3,205,0.023809523809523808,0.9761904761904762,0.01904761904761905,0.004761904761904762
QR00648,2025-08-31,Line D,Device Beta,Evening,OP029,M-105,177,8,3,5,0.92,Process,3260.44,169,0.04519774011299435,0.9548022598870056,0.02824858757062147,0.01694915254237288
QR00649,2025-03-20,Line B,Device Beta,Evening,OP003,M-103,128,4,2,2,1.89,Assembly,1239.05,124,0.03125,0.96875,0.015625,0.015625
QR00650,2025-09-09,Line A,Device Gamma,Morning,OP028,M-101,220,3,0,3,1.59,Electrical,2520.0,217,0.013636363636363636,0.9863636363636363,0.013636363636363636,0.0
QR00651,2025-04-08,Line D,Device Beta,Morning,OP005,M-105,216,14,3,11,0.22,Calibration,7813.85,202,0.06481481481481481,0.9351851851851852,0.05092592592592592,0.013888888888888888
QR00652,2025-01-31,Line A,Device Beta,Night,OP020,M-106,106,3,1,2,0.58,Calibration,1574.27,103,0.02830188679245283,0.9716981132075472,0.018867924528301886,0.009433962264150943
QR00653,2025-01-02,Line C,Device Delta,Night,OP024,M-104,248,10,2,8,1.03,Material,6275.32,238,0.04032258064516129,0.9596774193548387,0.03225806451612903,0.008064516129032258
QR00654,2025-10-06,Line A,Device Delta,Morning,OP014,M-101,169,5,1,4,2.22,Electrical,3515.84,164,0.029585798816568046,0.9704142011834319,0.023668639053254437,0.005917159763313609
QR00655,2025-09-22,Line B,Device Gamma,Evening,OP006,M-106,116,3,1,2,1.97,Material,1651.5,113,0.02586206896551724,0.9741379310344828,0.017241379310344827,0.008620689655172414
QR00656,2025-10-21,Line A,Device Gamma,Evening,OP003,M-105,259,3,1,2,3.85,Material,1753.66,256,0.011583011583011582,0.9884169884169884,0.007722007722007722,0.003861003861003861
QR00657,2025-10-26,Line D,Device Alpha,Evening,OP002,M-101,99,4,1,3,0.13,Electrical,2639.19,95,0.04040404040404041,0.9595959595959596,0.030303030303030304,0.010101010101010102
QR00658,2025-05-26,Line A,Device Gamma,Morning,OP004,M-104,164,4,2,2,1.12,Electrical,1892.12,160,0.024390243902439025,0.975609756097561,0.012195121951219513,0.012195121951219513
QR00659,2025-04-23,Line C,Device Delta,Night,OP010,M-105,97,2,1,1,2.42,Material,872.73,95,0.020618556701030927,0.979381443298969,0.010309278350515464,0.010309278350515464
QR00660,2025-12-29,Line B,Device Alpha,Evening,OP015,M-105,141,6,1,5,2.55,Assembly,2815.99,135,0.0425531914893617,0.9574468085106383,0.03546099290780142,0.0070921985815602835
QR00661,2025-07-06,Line A,Device Delta,Morning,OP001,M-105,99,4,1,3,0.11,Material,2449.37,95,0.04040404040404041,0.9595959595959596,0.030303030303030304,0.010101010101010102
QR00662,2025-11-10,Line C,Device Gamma,Night,OP014,M-106,232,4,1,3,1.52,Process,1993.08,228,0.017241379310344827,0.9827586206896551,0.01293103448275862,0.004310344827586207
QR00663,2025-01-17,Line B,Device Beta,Evening,OP018,M-101,116,5,1,4,2.5,Calibration,2959.46,111,0.04310344827586207,0.9568965517241379,0.034482758620689655,0.008620689655172414
QR00664,2025-02-10,Line D,Device Gamma,Morning,OP018,M-105,206,8,3,5,3.47,Material,4517.56,198,0.038834951456310676,0.9611650485436893,0.024271844660194174,0.014563106796116505
QR00665,2025-12-01,Line D,Device Alpha,Evening,OP016,M-104,119,7,1,6,3.1,Material,4691.85,112,0.058823529411764705,0.9411764705882353,0.05042016806722689,0.008403361344537815
QR00666,2025-09-21,Line C,Device Alpha,Morning,OP006,M-105,208,3,1,2,1.91,Material,1759.58,205,0.014423076923076924,0.9855769230769231,0.009615384615384616,0.004807692307692308
QR00667,2025-09-01,Line D,Device Beta,Night,OP015,M-106,212,12,5,7,2.75,Material,6439.05,200,0.05660377358490566,0.9433962264150944,0.0330188679245283,0.02358490566037736
QR00668,2025-09-28,Line D,Device Beta,Night,OP027,M-101,132,8,1,7,1.28,Calibration,4924.03,124,0.06060606060606061,0.9393939393939394,0.05303030303030303,0.007575757575757576
QR00669,2025-07-27,Line D,Device Beta,Morning,OP008,M-105,168,9,3,6,0.06,Assembly,3431.39,159,0.05357142857142857,0.9464285714285714,0.03571428571428571,0.017857142857142856
QR00670,2025-08-28,Line C,Device Alpha,Night,OP016,M-106,212,1,0,1,0.71,Material,760.0,211,0.0047169811320754715,0.9952830188679245,0.0047169811320754715,0.0
QR00671,2025-01-18,Line C,Device Gamma,Evening,OP027,M-102,152,3,1,2,0.36,Packaging,700.96,149,0.019736842105263157,0.9802631578947368,0.013157894736842105,0.006578947368421052
QR00672,2025-04-01,Line D,Device Delta,Morning,OP017,M-101,139,6,2,4,3.37,Process,2645.79,133,0.04316546762589928,0.9568345323741008,0.02877697841726619,0.014388489208633094
QR00673,2025-01-05,Line A,Device Alpha,Morning,OP020,M-101,176,4,2,2,1.39,Process,1596.3,172,0.022727272727272728,0.9772727272727273,0.011363636363636364,0.011363636363636364
QR00674,2025-01-29,Line A,Device Gamma,Morning,OP020,M-101,182,6,1,5,0.66,Assembly,2752.51,176,0.03296703296703297,0.967032967032967,0.027472527472527472,0.005494505494505495
QR00675,2025-05-31,Line D,Device Beta,Morning,OP009,M-105,111,8,3,5,3.66,Calibration,3827.31,103,0.07207207207207207,0.9279279279279279,0.04504504504504504,0.02702702702702703
QR00676,2025-09-26,Line B,Device Gamma,Evening,OP002,M-104,92,2,1,1,1.71,Packaging,370.21,90,0.021739130434782608,0.9782608695652174,0.010869565217391304,0.010869565217391304
QR00677,2025-02-05,Line C,Device Gamma,Evening,OP028,M-106,248,5,2,3,0.23,Electrical,2930.94,243,0.020161290322580645,0.9798387096774194,0.012096774193548387,0.008064516129032258
QR00678,2025-01-23,Line A,Device Alpha,Evening,OP001,M-103,146,3,0,3,0.54,Packaging,780.0,143,0.02054794520547945,0.9794520547945206,0.02054794520547945,0.0
QR00679,2025-06-16,Line D,Device Delta,Evening,OP011,M-101,138,6,1,5,0.48,Electrical,4295.67,132,0.043478260869565216,0.9565217391304348,0.036231884057971016,0.007246376811594203
QR00680,2025-06-03,Line D,Device Gamma,Morning,OP025,M-102,267,12,3,9,1.94,Assembly,5062.06,255,0.0449438202247191,0.9550561797752809,0.033707865168539325,0.011235955056179775
QR00681,2025-05-10,Line D,Device Beta,Evening,OP008,M-101,248,17,5,12,0.9,Assembly,6772.26,231,0.06854838709677419,0.9314516129032258,0.04838709677419355,0.020161290322580645
QR00682,2025-01-14,Line C,Device Alpha,Evening,OP011,M-101,233,4,2,2,2.45,Calibration,1696.63,229,0.017167381974248927,0.9828326180257511,0.008583690987124463,0.008583690987124463
QR00683,2025-11-04,Line C,Device Alpha,Morning,OP008,M-103,279,2,1,1,2.6,Process,687.68,277,0.007168458781362007,0.992831541218638,0.0035842293906810036,0.0035842293906810036
QR00684,2025-11-24,Line A,Device Alpha,Evening,OP013,M-104,266,4,2,2,4.22,Process,1362.39,262,0.015037593984962405,0.9849624060150376,0.007518796992481203,0.007518796992481203
QR00685,2025-03-13,Line B,Device Delta,Morning,OP002,M-104,124,6,2,4,0.94,Packaging,1230.16,118,0.04838709677419355,0.9516129032258065,0.03225806451612903,0.016129032258064516
QR00686,2025-05-15,Line B,Device Delta,Evening,OP009,M-101,226,10,2,8,0.83,Material,6540.82,216,0.04424778761061947,0.9557522123893806,0.035398230088495575,0.008849557522123894
QR00687,2025-02-27,Line D,Device Beta,Night,OP022,M-103,251,16,7,9,7.38,Process,5973.05,235,0.06374501992031872,0.9362549800796812,0.035856573705179286,0.027888446215139442
QR00688,2025-09-14,Line D,Device Alpha,Morning,OP026,M-104,154,8,2,6,1.66,Packaging,1831.92,146,0.05194805194805195,0.948051948051948,0.03896103896103896,0.012987012987012988
QR00689,2025-09-16,Line C,Device Delta,Morning,OP003,M-105,105,4,2,2,1.1,Assembly,1366.64,101,0.0380952380952381,0.9619047619047619,0.01904761904761905,0.01904761904761905
QR00690,2025-10-01,Line A,Device Delta,Evening,OP021,M-103,122,6,1,5,4.16,Material,3915.0,116,0.04918032786885246,0.9508196721311475,0.040983606557377046,0.00819672131147541
QR00691,2025-09-02,Line D,Device Gamma,Morning,OP013,M-105,146,6,3,3,2.73,Process,2435.3,140,0.0410958904109589,0.958904109589041,0.02054794520547945,0.02054794520547945
QR00692,2025-09-03,Line A,Device Alpha,Morning,OP023,M-104,255,5,1,4,4.3,Process,2587.38,250,0.0196078431372549,0.9803921568627451,0.01568627450980392,0.00392156862745098
QR00693,2025-11-01,Line C,Device Gamma,Morning,OP009,M-106,97,2,0,2,0.59,Calibration,1360.0,95,0.020618556701030927,0.979381443298969,0.020618556701030927,0.0
QR00694,2025-11-26,Line B,Device Alpha,Evening,OP006,M-102,243,8,1,7,0.74,Assembly,3854.99,235,0.03292181069958848,0.9670781893004116,0.02880658436213992,0.00411522633744856
QR00695,2025-10-13,Line A,Device Delta,Night,OP004,M-102,107,3,1,2,1.63,Packaging,676.33,104,0.028037383177570093,0.9719626168224299,0.018691588785046728,0.009345794392523364
QR00696,2025-10-14,Line A,Device Gamma,Night,OP019,M-105,156,3,1,2,1.48,Material,1686.83,153,0.019230769230769232,0.9807692307692307,0.01282051282051282,0.00641025641025641
QR00697,2025-11-20,Line D,Device Gamma,Night,OP027,M-103,221,10,2,8,0.99,Process,5187.81,211,0.04524886877828054,0.9547511312217195,0.03619909502262444,0.00904977375565611
QR00698,2025-03-14,Line D,Device Gamma,Morning,OP015,M-103,237,6,1,5,1.33,Material,3926.95,231,0.02531645569620253,0.9746835443037974,0.02109704641350211,0.004219409282700422
QR00699,2025-02-11,Line B,Device Alpha,Evening,OP001,M-102,118,6,1,5,0.16,Material,4020.98,112,0.05084745762711865,0.9491525423728814,0.0423728813559322,0.00847457627118644
QR00700,2025-07-20,Line B,Device Alpha,Morning,OP020,M-104,189,3,1,2,1.82,Assembly,1225.33,186,0.015873015873015872,0.9841269841269841,0.010582010582010581,0.005291005291005291
QR00701,2025-06-17,Line D,Device Delta,Evening,OP026,M-104,158,10,2,8,0.39,Packaging,2290.1,148,0.06329113924050633,0.9367088607594937,0.05063291139240506,0.012658227848101266
QR00702,2025-07-08,Line A,Device Delta,Evening,OP018,M-103,158,7,3,4,3.25,Assembly,2658.32,151,0.04430379746835443,0.9556962025316456,0.02531645569620253,0.0189873417721519
QR00703,2025-10-26,Line A,Device Alpha,Morning,OP021,M-106,186,4,1,3,0.82,Packaging,890.19,182,0.021505376344086023,0.978494623655914,0.016129032258064516,0.005376344086021506
QR00704,2025-11-13,Line A,Device Beta,Morning,OP001,M-105,211,5,1,4,0.39,Electrical,3450.7,206,0.023696682464454975,0.976303317535545,0.018957345971563982,0.004739336492890996
QR00705,2025-10-19,Line C,Device Gamma,Morning,OP027,M-102,232,1,0,1,1.0,Assembly,520.0,231,0.004310344827586207,0.9956896551724138,0.004310344827586207,0.0
QR00706,2025-03-06,Line D,Device Beta,Evening,OP016,M-105,220,14,4,10,2.47,Material,8147.74,206,0.06363636363636363,0.9363636363636364,0.045454545454545456,0.01818181818181818
QR00707,2025-02-20,Line B,Device Gamma,Morning,OP011,M-101,148,4,2,2,0.98,Assembly,1395.79,144,0.02702702702702703,0.972972972972973,0.013513513513513514,0.013513513513513514
QR00708,2025-05-06,Line A,Device Delta,Evening,OP016,M-102,106,3,1,2,2.41,Electrical,1799.44,103,0.02830188679245283,0.9716981132075472,0.018867924528301886,0.009433962264150943
QR00709,2025-10-01,Line D,Device Delta,Morning,OP015,M-105,153,8,1,7,1.93,Assembly,3856.05,145,0.05228758169934641,0.9477124183006536,0.0457516339869281,0.006535947712418301
QR00710,2025-12-28,Line A,Device Beta,Morning,OP007,M-103,268,6,2,4,1.23,Process,2698.69,262,0.022388059701492536,0.9776119402985075,0.014925373134328358,0.007462686567164179
QR00711,2025-11-10,Line D,Device Gamma,Night,OP017,M-104,134,6,2,4,3.15,Assembly,2523.63,128,0.04477611940298507,0.9552238805970149,0.029850746268656716,0.014925373134328358
QR00712,2025-01-10,Line A,Device Beta,Night,OP016,M-105,113,2,0,2,1.26,Electrical,1680.0,111,0.017699115044247787,0.9823008849557522,0.017699115044247787,0.0
QR00713,2025-06-24,Line A,Device Alpha,Evening,OP016,M-101,263,5,1,4,3.79,Process,2541.65,258,0.019011406844106463,0.9809885931558935,0.015209125475285171,0.0038022813688212928
QR00714,2025-06-17,Line C,Device Beta,Evening,OP021,M-106,230,10,3,7,0.08,Process,4495.81,220,0.043478260869565216,0.9565217391304348,0.030434782608695653,0.013043478260869565
QR00715,2025-07-30,Line C,Device Alpha,Night,OP026,M-106,223,5,2,3,2.94,Electrical,2722.5,218,0.02242152466367713,0.9775784753363229,0.013452914798206279,0.008968609865470852
QR00716,2025-06-14,Line A,Device Alpha,Night,OP017,M-104,121,3,1,2,1.12,Material,1664.93,118,0.024793388429752067,0.9752066115702479,0.01652892561983471,0.008264462809917356
QR00717,2025-02-16,Line C,Device Gamma,Morning,OP030,M-102,119,1,0,1,0.79,Calibration,680.0,118,0.008403361344537815,0.9915966386554622,0.008403361344537815,0.0
QR00718,2025-09-02,Line D,Device Beta,Evening,OP006,M-106,176,10,3,7,3.05,Calibration,5375.85,166,0.056818181818181816,0.9431818181818182,0.03977272727272727,0.017045454545454544
QR00719,2025-05-06,Line C,Device Beta,Evening,OP028,M-105,134,4,1,3,1.12,Calibration,2209.39,130,0.029850746268656716,0.9701492537313433,0.022388059701492536,0.007462686567164179
QR00720,2025-04-13,Line A,Device Alpha,Morning,OP009,M-102,207,2,0,2,1.54,Assembly,1040.0,205,0.00966183574879227,0.9903381642512077,0.00966183574879227,0.0
QR00721,2025-02-13,Line B,Device Alpha,Morning,OP004,M-104,267,7,1,6,0.64,Process,3740.2,260,0.026217228464419477,0.9737827715355806,0.02247191011235955,0.003745318352059925
QR00722,2025-09-17,Line C,Device Delta,Morning,OP020,M-106,271,6,2,4,0.95,Assembly,2277.43,265,0.02214022140221402,0.977859778597786,0.014760147601476014,0.007380073800738007
QR00723,2025-05-03,Line B,Device Gamma,Night,OP001,M-103,164,5,2,3,0.06,Electrical,2938.22,159,0.03048780487804878,0.9695121951219512,0.018292682926829267,0.012195121951219513
QR00724,2025-05-14,Line D,Device Beta,Morning,OP028,M-101,173,10,3,7,0.62,Assembly,4357.84,163,0.057803468208092484,0.9421965317919075,0.04046242774566474,0.017341040462427744
QR00725,2025-10-08,Line A,Device Beta,Night,OP028,M-104,97,3,1,2,2.73,Electrical,1797.59,94,0.030927835051546393,0.9690721649484536,0.020618556701030927,0.010309278350515464
QR00726,2025-10-01,Line C,Device Delta,Evening,OP025,M-104,161,5,1,4,0.45,Assembly,2256.97,156,0.031055900621118012,0.968944099378882,0.024844720496894408,0.006211180124223602
QR00727,2025-11-09,Line D,Device Beta,Morning,OP003,M-106,214,14,3,11,5.35,Material,8663.52,200,0.06542056074766354,0.9345794392523364,0.0514018691588785,0.014018691588785047
QR00728,2025-08-08,Line B,Device Gamma,Evening,OP028,M-102,163,6,1,5,0.88,Assembly,2701.13,157,0.03680981595092025,0.9631901840490797,0.03067484662576687,0.006134969325153374
QR00729,2025-10-08,Line B,Device Alpha,Night,OP025,M-101,225,10,4,6,3.29,Material,5059.5,215,0.044444444444444446,0.9555555555555556,0.02666666666666667,0.017777777777777778
QR00730,2025-03-28,Line C,Device Delta,Morning,OP028,M-102,190,4,1,3,5.95,Calibration,2252.92,186,0.021052631578947368,0.9789473684210527,0.015789473684210527,0.005263157894736842
QR00731,2025-10-17,Line D,Device Delta,Morning,OP020,M-105,252,15,4,11,5.43,Calibration,7932.25,237,0.05952380952380952,0.9404761904761905,0.04365079365079365,0.015873015873015872
QR00732,2025-08-11,Line C,Device Gamma,Evening,OP008,M-105,134,3,1,2,0.17,Material,1695.72,131,0.022388059701492536,0.9776119402985075,0.014925373134328358,0.007462686567164179
QR00733,2025-11-10,Line C,Device Gamma,Morning,OP011,M-101,277,7,2,5,1.34,Electrical,4459.0,270,0.02527075812274368,0.9747292418772563,0.018050541516245487,0.007220216606498195
QR00734,2025-09-23,Line D,Device Delta,Morning,OP026,M-105,137,8,1,7,1.17,Assembly,3754.97,129,0.058394160583941604,0.9416058394160584,0.051094890510948905,0.0072992700729927005
QR00735,2025-12-27,Line B,Device Beta,Night,OP001,M-104,95,3,1,2,1.15,Packaging,722.41,92,0.031578947368421054,0.968421052631579,0.021052631578947368,0.010526315789473684
QR00736,2025-12-04,Line B,Device Beta,Evening,OP023,M-101,265,10,4,6,2.41,Assembly,3636.65,255,0.03773584905660377,0.9622641509433962,0.022641509433962263,0.01509433962264151
QR00737,2025-07-11,Line A,Device Alpha,Night,OP009,M-102,256,6,1,5,0.34,Material,3893.8,250,0.0234375,0.9765625,0.01953125,0.00390625
QR00738,2025-12-22,Line A,Device Beta,Morning,OP018,M-102,258,7,2,5,0.94,Material,4057.85,251,0.027131782945736434,0.9728682170542635,0.01937984496124031,0.007751937984496124
QR00739,2025-09-19,Line C,Device Gamma,Morning,OP013,M-105,233,5,1,4,0.02,Electrical,3512.83,228,0.02145922746781116,0.9785407725321889,0.017167381974248927,0.004291845493562232
QR00740,2025-10-08,Line A,Device Beta,Evening,OP025,M-102,143,6,1,5,1.44,Process,3114.72,137,0.04195804195804196,0.958041958041958,0.03496503496503497,0.006993006993006993
QR00741,2025-05-08,Line D,Device Beta,Evening,OP008,M-101,95,6,1,5,0.87,Electrical,4334.19,89,0.06315789473684211,0.9368421052631579,0.05263157894736842,0.010526315789473684
QR00742,2025-06-01,Line A,Device Alpha,Evening,OP005,M-104,175,4,2,2,0.26,Material,1784.73,171,0.022857142857142857,0.9771428571428571,0.011428571428571429,0.011428571428571429
QR00743,2025-08-17,Line C,Device Beta,Morning,OP003,M-104,149,3,1,2,0.86,Material,1697.35,146,0.020134228187919462,0.9798657718120806,0.013422818791946308,0.006711409395973154
QR00744,2025-07-05,Line B,Device Beta,Morning,OP017,M-102,263,14,6,8,1.09,Material,6670.18,249,0.053231939163498096,0.9467680608365019,0.030418250950570342,0.022813688212927757
QR00745,2025-08-28,Line D,Device Alpha,Night,OP004,M-101,272,15,3,12,0.67,Calibration,8647.24,257,0.05514705882352941,0.9448529411764706,0.04411764705882353,0.011029411764705883
QR00746,2025-05-23,Line A,Device Beta,Morning,OP003,M-105,273,3,1,2,3.42,Calibration,1598.09,270,0.01098901098901099,0.989010989010989,0.007326007326007326,0.003663003663003663
QR00747,2025-07-13,Line C,Device Beta,Morning,OP008,M-105,277,5,2,3,3.84,Material,2593.36,272,0.018050541516245487,0.9819494584837545,0.010830324909747292,0.007220216606498195
QR00748,2025-06-29,Line D,Device Beta,Night,OP018,M-102,110,5,1,4,1.0,Calibration,2873.49,105,0.045454545454545456,0.9545454545454546,0.03636363636363636,0.00909090909090909
QR00749,2025-12-21,Line D,Device Delta,Night,OP018,M-106,164,10,3,7,1.83,Process,4572.58,154,0.06097560975609756,0.9390243902439024,0.042682926829268296,0.018292682926829267
QR00750,2025-09-09,Line C,Device Delta,Night,OP018,M-106,147,6,2,4,0.57,Process,2707.81,141,0.04081632653061224,0.9591836734693877,0.027210884353741496,0.013605442176870748
QR00751,2025-06-19,Line C,Device Beta,Night,OP024,M-102,168,3,1,2,2.09,Process,1402.95,165,0.017857142857142856,0.9821428571428571,0.011904761904761904,0.005952380952380952
QR00752,2025-01-20,Line D,Device Beta,Evening,OP017,M-101,268,16,3,13,2.52,Process,8049.7,252,0.05970149253731343,0.9402985074626866,0.048507462686567165,0.011194029850746268
QR00753,2025-07-17,Line B,Device Gamma,Morning,OP015,M-101,158,6,1,5,0.91,Packaging,1508.85,152,0.0379746835443038,0.9620253164556962,0.03164556962025317,0.006329113924050633
QR00754,2025-11-09,Line C,Device Alpha,Evening,OP013,M-102,215,6,1,5,0.97,Calibration,3596.88,209,0.027906976744186046,0.9720930232558139,0.023255813953488372,0.004651162790697674
QR00755,2025-02-06,Line A,Device Alpha,Morning,OP010,M-105,187,2,0,2,3.42,Material,1520.0,185,0.0106951871657754,0.9893048128342246,0.0106951871657754,0.0
QR00756,2025-05-25,Line D,Device Gamma,Night,OP025,M-106,115,4,1,3,2.35,Material,2453.11,111,0.034782608695652174,0.9652173913043478,0.02608695652173913,0.008695652173913044
QR00757,2025-05-23,Line A,Device Delta,Morning,OP012,M-105,193,7,2,5,1.67,Calibration,3864.58,186,0.03626943005181347,0.9637305699481865,0.025906735751295335,0.010362694300518135
QR00758,2025-02-03,Line A,Device Beta,Morning,OP009,M-105,259,10,2,8,5.72,Packaging,2559.06,249,0.03861003861003861,0.9613899613899614,0.03088803088803089,0.007722007722007722
QR00759,2025-11-17,Line A,Device Gamma,Evening,OP007,M-102,204,5,1,4,0.51,Process,2511.0,199,0.024509803921568627,0.9754901960784313,0.0196078431372549,0.004901960784313725
QR00760,2025-01-12,Line D,Device Alpha,Evening,OP011,M-104,147,6,2,4,2.49,Assembly,2550.59,141,0.04081632653061224,0.9591836734693877,0.027210884353741496,0.013605442176870748
QR00761,2025-06-06,Line A,Device Alpha,Night,OP008,M-101,280,9,1,8,0.91,Process,4817.06,271,0.03214285714285714,0.9678571428571429,0.02857142857142857,0.0035714285714285713
QR00762,2025-11-14,Line A,Device Beta,Morning,OP030,M-106,278,8,3,5,0.83,Packaging,1924.81,270,0.02877697841726619,0.9712230215827338,0.017985611510791366,0.01079136690647482
QR00763,2025-01-03,Line A,Device Beta,Evening,OP029,M-106,257,5,2,3,2.48,Material,2601.1,252,0.019455252918287938,0.980544747081712,0.011673151750972763,0.007782101167315175
QR00764,2025-09-10,Line D,Device Alpha,Morning,OP014,M-101,103,4,2,2,0.55,Process,1438.41,99,0.038834951456310676,0.9611650485436893,0.019417475728155338,0.019417475728155338
QR00765,2025-06-10,Line B,Device Alpha,Morning,OP001,M-101,166,3,0,3,0.5,Process,1770.0,163,0.018072289156626505,0.9819277108433735,0.018072289156626505,0.0
QR00766,2025-08-21,Line A,Device Delta,Morning,OP017,M-106,201,7,1,6,4.07,Calibration,4277.47,194,0.03482587064676617,0.9651741293532339,0.029850746268656716,0.004975124378109453
QR00767,2025-03-06,Line A,Device Beta,Evening,OP024,M-102,211,5,1,4,1.77,Material,3252.81,206,0.023696682464454975,0.976303317535545,0.018957345971563982,0.004739336492890996
QR00768,2025-09-01,Line D,Device Delta,Morning,OP019,M-102,185,10,3,7,2.64,Assembly,4331.77,175,0.05405405405405406,0.9459459459459459,0.03783783783783784,0.016216216216216217
QR00769,2025-05-15,Line D,Device Alpha,Evening,OP013,M-103,203,11,3,8,0.29,Calibration,6065.94,192,0.054187192118226604,0.9458128078817734,0.03940886699507389,0.014778325123152709
QR00770,2025-04-05,Line C,Device Delta,Evening,OP003,M-102,274,10,3,7,1.23,Assembly,4097.21,264,0.0364963503649635,0.9635036496350365,0.025547445255474453,0.010948905109489052
QR00771,2025-03-14,Line B,Device Beta,Night,OP013,M-101,165,7,2,5,5.45,Electrical,4519.18,158,0.04242424242424243,0.9575757575757575,0.030303030303030304,0.012121212121212121
QR00772,2025-06-27,Line C,Device Alpha,Morning,OP026,M-103,110,2,1,1,1.29,Material,963.92,108,0.01818181818181818,0.9818181818181818,0.00909090909090909,0.00909090909090909
QR00773,2025-02-01,Line B,Device Beta,Evening,OP030,M-106,209,8,2,6,1.87,Process,3834.5,201,0.03827751196172249,0.9617224880382775,0.028708133971291867,0.009569377990430622
QR00774,2025-04-04,Line A,Device Gamma,Morning,OP020,M-103,235,7,1,6,2.83,Calibration,4208.41,228,0.029787234042553193,0.9702127659574468,0.02553191489361702,0.00425531914893617
QR00775,2025-03-09,Line C,Device Gamma,Morning,OP019,M-104,185,3,1,2,5.6,Material,1704.4,182,0.016216216216216217,0.9837837837837838,0.010810810810810811,0.005405405405405406
QR00776,2025-08-18,Line B,Device Gamma,Morning,OP021,M-104,188,4,1,3,1.02,Material,2459.81,184,0.02127659574468085,0.9787234042553191,0.015957446808510637,0.005319148936170213
QR00777,2025-08-22,Line C,Device Gamma,Morning,OP006,M-106,272,2,1,1,2.83,Assembly,746.33,270,0.007352941176470588,0.9926470588235294,0.003676470588235294,0.003676470588235294
QR00778,2025-06-20,Line D,Device Beta,Morning,OP014,M-102,176,10,2,8,0.45,Assembly,4440.13,166,0.056818181818181816,0.9431818181818182,0.045454545454545456,0.011363636363636364
QR00779,2025-07-07,Line A,Device Gamma,Morning,OP015,M-105,97,1,0,1,1.3,Process,590.0,96,0.010309278350515464,0.9896907216494846,0.010309278350515464,0.0
QR00780,2025-08-26,Line B,Device Delta,Evening,OP029,M-103,218,10,4,6,1.38,Process,4190.99,208,0.045871559633027525,0.9541284403669725,0.027522935779816515,0.01834862385321101
QR00781,2025-02-21,Line A,Device Beta,Evening,OP021,M-105,274,7,1,6,3.64,Material,4779.8,267,0.025547445255474453,0.9744525547445255,0.021897810218978103,0.0036496350364963502
QR00782,2025-07-04,Line D,Device Gamma,Evening,OP004,M-101,191,10,4,6,3.45,Process,4081.69,181,0.05235602094240838,0.9476439790575916,0.031413612565445025,0.020942408376963352
QR00783,2025-09-20,Line B,Device Alpha,Evening,OP003,M-103,193,8,3,5,0.21,Assembly,2939.62,185,0.04145077720207254,0.9585492227979274,0.025906735751295335,0.015544041450777202
QR00784,2025-10-26,Line A,Device Delta,Evening,OP009,M-104,261,11,3,8,4.53,Calibration,6158.95,250,0.0421455938697318,0.9578544061302682,0.03065134099616858,0.011494252873563218
QR00785,2025-08-20,Line D,Device Beta,Evening,OP022,M-101,160,11,3,8,3.98,Material,6515.09,149,0.06875,0.93125,0.05,0.01875
QR00786,2025-11-11,Line C,Device Delta,Night,OP008,M-105,201,7,1,6,4.19,Process,3704.22,194,0.03482587064676617,0.9651741293532339,0.029850746268656716,0.004975124378109453
QR00787,2025-01-07,Line B,Device Alpha,Morning,OP024,M-103,104,5,1,4,1.65,Electrical,3474.36,99,0.04807692307692308,0.9519230769230769,0.038461538461538464,0.009615384615384616
QR00788,2025-03-10,Line B,Device Gamma,Evening,OP003,M-101,185,7,2,5,1.85,Material,4168.85,178,0.03783783783783784,0.9621621621621622,0.02702702702702703,0.010810810810810811
QR00789,2025-01-10,Line B,Device Gamma,Night,OP010,M-103,142,4,1,3,2.25,Calibration,2161.53,138,0.028169014084507043,0.971830985915493,0.02112676056338028,0.007042253521126761
QR00790,2025-03-23,Line A,Device Beta,Evening,OP013,M-102,110,4,1,3,1.24,Assembly,1708.27,106,0.03636363636363636,0.9636363636363636,0.02727272727272727,0.00909090909090909
QR00791,2025-04-06,Line B,Device Beta,Evening,OP026,M-102,101,4,1,3,2.65,Process,1957.16,97,0.039603960396039604,0.9603960396039604,0.0297029702970297,0.009900990099009901
QR00792,2025-11-29,Line A,Device Beta,Morning,OP001,M-106,116,3,0,3,4.08,Assembly,1560.0,113,0.02586206896551724,0.9741379310344828,0.02586206896551724,0.0
QR00793,2025-11-24,Line D,Device Delta,Evening,OP019,M-103,111,5,2,3,1.89,Material,2749.01,106,0.04504504504504504,0.954954954954955,0.02702702702702703,0.018018018018018018
QR00794,2025-07-22,Line B,Device Alpha,Evening,OP012,M-102,229,8,2,6,2.34,Process,3776.92,221,0.034934497816593885,0.9650655021834061,0.026200873362445413,0.008733624454148471
QR00795,2025-04-01,Line D,Device Beta,Morning,OP017,M-103,257,16,3,13,2.8,Assembly,7407.36,241,0.0622568093385214,0.9377431906614786,0.05058365758754864,0.011673151750972763
QR00796,2025-05-25,Line A,Device Beta,Night,OP016,M-102,238,8,3,5,0.46,Assembly,3298.54,230,0.03361344537815126,0.9663865546218487,0.02100840336134454,0.012605042016806723
QR00797,2025-03-30,Line C,Device Gamma,Night,OP012,M-103,157,3,1,2,4.54,Material,1704.82,154,0.01910828025477707,0.9808917197452229,0.012738853503184714,0.006369426751592357
QR00798,2025-04-16,Line B,Device Delta,Evening,OP004,M-106,178,6,3,3,1.53,Electrical,3083.37,172,0.033707865168539325,0.9662921348314607,0.016853932584269662,0.016853932584269662
QR00799,2025-02-10,Line A,Device Gamma,Evening,OP006,M-105,273,2,1,1,2.48,Calibration,874.99,271,0.007326007326007326,0.9926739926739927,0.003663003663003663,0.003663003663003663
QR00800,2025-11-19,Line C,Device Delta,Evening,OP002,M-101,141,5,1,4,3.53,Assembly,2199.28,136,0.03546099290780142,0.9645390070921985,0.028368794326241134,0.0070921985815602835
QR00801,2025-01-03,Line C,Device Alpha,Morning,OP005,M-105,219,2,1,1,2.34,Assembly,668.61,217,0.0091324200913242,0.9908675799086758,0.0045662100456621,0.0045662100456621
QR00802,2025-02-10,Line B,Device Gamma,Morning,OP006,M-104,153,5,2,3,1.9,Process,2160.04,148,0.032679738562091505,0.9673202614379085,0.0196078431372549,0.013071895424836602
QR00803,2025-10-12,Line A,Device Gamma,Morning,OP025,M-106,251,6,1,5,1.42,Process,3137.75,245,0.02390438247011952,0.9760956175298805,0.0199203187250996,0.00398406374501992
QR00804,2025-01-09,Line B,Device Gamma,Morning,OP003,M-103,199,8,1,7,0.86,Material,5429.09,191,0.04020100502512563,0.9597989949748744,0.035175879396984924,0.005025125628140704
QR00805,2025-09-27,Line A,Device Delta,Night,OP001,M-104,119,6,2,4,1.07,Calibration,3167.36,113,0.05042016806722689,0.9495798319327731,0.03361344537815126,0.01680672268907563
QR00806,2025-01-02,Line B,Device Alpha,Morning,OP010,M-102,244,7,1,6,1.97,Assembly,3222.55,237,0.028688524590163935,0.9713114754098361,0.02459016393442623,0.004098360655737705
QR00807,2025-08-14,Line C,Device Gamma,Night,OP018,M-104,214,1,0,1,2.43,Assembly,520.0,213,0.004672897196261682,0.9953271028037384,0.004672897196261682,0.0
QR00808,2025-10-20,Line C,Device Beta,Night,OP015,M-105,167,3,0,3,3.1,Electrical,2520.0,164,0.017964071856287425,0.9820359281437125,0.017964071856287425,0.0
QR00809,2025-04-24,Line C,Device Alpha,Evening,OP008,M-102,273,5,1,4,2.84,Process,2457.1,268,0.018315018315018316,0.9816849816849816,0.014652014652014652,0.003663003663003663
QR00810,2025-01-24,Line B,Device Beta,Evening,OP012,M-101,237,11,4,7,0.2,Material,6196.22,226,0.046413502109704644,0.9535864978902954,0.029535864978902954,0.016877637130801686
QR00811,2025-01-17,Line C,Device Alpha,Evening,OP023,M-106,101,2,1,1,3.6,Assembly,736.65,99,0.019801980198019802,0.9801980198019802,0.009900990099009901,0.009900990099009901
QR00812,2025-10-01,Line D,Device Alpha,Evening,OP003,M-105,220,11,2,9,1.86,Calibration,6526.35,209,0.05,0.95,0.04090909090909091,0.00909090909090909
QR00813,2025-11-06,Line D,Device Alpha,Evening,OP013,M-104,219,9,4,5,1.15,Process,3484.36,210,0.0410958904109589,0.958904109589041,0.0228310502283105,0.0182648401826484
QR00814,2025-10-20,Line A,Device Beta,Evening,OP018,M-102,153,2,1,1,1.24,Electrical,1051.04,151,0.013071895424836602,0.9869281045751634,0.006535947712418301,0.006535947712418301
QR00815,2025-09-03,Line C,Device Beta,Evening,OP006,M-105,209,5,1,4,0.67,Assembly,2200.38,204,0.023923444976076555,0.9760765550239234,0.019138755980861243,0.004784688995215311
QR00816,2025-09-10,Line D,Device Delta,Evening,OP006,M-106,129,8,3,5,1.68,Material,4389.68,121,0.06201550387596899,0.937984496124031,0.03875968992248062,0.023255813953488372
QR00817,2025-10-29,Line B,Device Alpha,Night,OP010,M-104,104,4,2,2,0.38,Assembly,1369.21,100,0.038461538461538464,0.9615384615384616,0.019230769230769232,0.019230769230769232
QR00818,2025-04-11,Line B,Device Gamma,Evening,OP014,M-103,249,9,2,7,0.73,Packaging,2107.71,240,0.03614457831325301,0.963855421686747,0.028112449799196786,0.008032128514056224
QR00819,2025-02-18,Line A,Device Alpha,Night,OP028,M-103,239,1,0,1,2.74,Assembly,520.0,238,0.0041841004184100415,0.99581589958159,0.0041841004184100415,0.0
QR00820,2025-08-20,Line C,Device Gamma,Evening,OP015,M-102,155,1,0,1,2.31,Assembly,520.0,154,0.0064516129032258064,0.9935483870967742,0.0064516129032258064,0.0
QR00821,2025-07-30,Line D,Device Delta,Evening,OP026,M-101,193,10,2,8,3.66,Electrical,7124.93,183,0.05181347150259067,0.9481865284974094,0.04145077720207254,0.010362694300518135
QR00822,2025-05-14,Line B,Device Delta,Evening,OP001,M-101,224,8,3,5,0.34,Packaging,1937.25,216,0.03571428571428571,0.9642857142857143,0.022321428571428572,0.013392857142857142
QR00823,2025-08-21,Line A,Device Gamma,Evening,OP029,M-106,244,3,1,2,1.49,Process,1414.06,241,0.012295081967213115,0.9877049180327869,0.00819672131147541,0.004098360655737705
QR00824,2025-06-16,Line C,Device Alpha,Evening,OP025,M-105,247,7,2,5,2.7,Assembly,3016.75,240,0.02834008097165992,0.97165991902834,0.020242914979757085,0.008097165991902834
QR00825,2025-06-19,Line D,Device Alpha,Night,OP004,M-101,203,11,3,8,2.09,Assembly,4568.61,192,0.054187192118226604,0.9458128078817734,0.03940886699507389,0.014778325123152709
QR00826,2025-05-04,Line C,Device Gamma,Evening,OP021,M-102,175,2,0,2,2.7,Calibration,1360.0,173,0.011428571428571429,0.9885714285714285,0.011428571428571429,0.0
QR00827,2025-04-23,Line D,Device Alpha,Night,OP025,M-101,274,15,6,9,0.56,Assembly,5441.18,259,0.05474452554744526,0.9452554744525548,0.032846715328467155,0.021897810218978103
QR00828,2025-01-15,Line D,Device Beta,Morning,OP009,M-104,135,7,2,5,1.73,Process,3149.35,128,0.05185185185185185,0.9481481481481482,0.037037037037037035,0.014814814814814815
QR00829,2025-12-05,Line D,Device Beta,Evening,OP011,M-103,239,16,4,12,1.45,Calibration,8539.74,223,0.06694560669456066,0.9330543933054394,0.0502092050209205,0.016736401673640166
QR00830,2025-02-28,Line A,Device Delta,Morning,OP021,M-104,185,6,3,3,1.26,Electrical,3053.98,179,0.032432432432432434,0.9675675675675676,0.016216216216216217,0.016216216216216217
QR00831,2025-11-26,Line D,Device Alpha,Morning,OP014,M-101,217,8,3,5,2.36,Electrical,4625.51,209,0.03686635944700461,0.9631336405529954,0.02304147465437788,0.013824884792626729
QR00832,2025-09-10,Line B,Device Beta,Morning,OP007,M-104,113,5,2,3,0.67,Electrical,2988.04,108,0.04424778761061947,0.9557522123893806,0.02654867256637168,0.017699115044247787
QR00833,2025-05-05,Line B,Device Delta,Evening,OP030,M-101,199,10,3,7,1.85,Calibration,5415.94,189,0.05025125628140704,0.949748743718593,0.035175879396984924,0.01507537688442211
QR00834,2025-04-25,Line A,Device Beta,Evening,OP004,M-106,179,6,1,5,1.15,Assembly,2737.79,173,0.0335195530726257,0.9664804469273743,0.027932960893854747,0.00558659217877095
QR00835,2025-10-03,Line D,Device Alpha,Night,OP017,M-103,218,8,3,5,1.01,Calibration,3682.86,210,0.03669724770642202,0.963302752293578,0.022935779816513763,0.013761467889908258
QR00836,2025-01-03,Line D,Device Gamma,Evening,OP019,M-102,201,9,3,6,5.93,Material,5002.27,192,0.04477611940298507,0.9552238805970149,0.029850746268656716,0.014925373134328358
QR00837,2025-10-11,Line D,Device Gamma,Evening,OP004,M-101,273,9,3,6,1.65,Material,5223.48,264,0.03296703296703297,0.967032967032967,0.02197802197802198,0.01098901098901099
QR00838,2025-03-17,Line C,Device Gamma,Evening,OP028,M-102,102,1,0,1,1.4,Material,760.0,101,0.00980392156862745,0.9901960784313726,0.00980392156862745,0.0
QR00839,2025-09-30,Line B,Device Delta,Evening,OP029,M-101,272,12,2,10,1.72,Packaging,3072.45,260,0.04411764705882353,0.9558823529411765,0.03676470588235294,0.007352941176470588
QR00840,2025-09-14,Line C,Device Beta,Morning,OP007,M-104,207,7,2,5,3.01,Packaging,1749.13,200,0.033816425120772944,0.966183574879227,0.024154589371980676,0.00966183574879227
QR00841,2025-08-26,Line A,Device Delta,Night,OP007,M-104,91,2,0,2,0.74,Assembly,1040.0,89,0.02197802197802198,0.978021978021978,0.02197802197802198,0.0
QR00842,2025-10-29,Line B,Device Alpha,Morning,OP007,M-105,200,7,2,5,2.32,Assembly,3032.92,193,0.035,0.965,0.025,0.01
QR00843,2025-02-07,Line A,Device Delta,Night,OP011,M-104,139,5,1,4,0.89,Packaging,1177.57,134,0.03597122302158273,0.9640287769784173,0.02877697841726619,0.007194244604316547
QR00844,2025-05-29,Line D,Device Delta,Night,OP022,M-104,151,8,1,7,0.34,Packaging,2059.83,143,0.052980132450331126,0.9470198675496688,0.046357615894039736,0.006622516556291391
QR00845,2025-10-09,Line B,Device Beta,Evening,OP023,M-104,119,5,2,3,2.46,Process,2182.77,114,0.04201680672268908,0.957983193277311,0.025210084033613446,0.01680672268907563
QR00846,2025-03-28,Line C,Device Delta,Morning,OP029,M-103,185,6,2,4,0.28,Electrical,3815.09,179,0.032432432432432434,0.9675675675675676,0.021621621621621623,0.010810810810810811
QR00847,2025-06-19,Line B,Device Beta,Morning,OP028,M-104,181,6,2,4,3.53,Calibration,3034.03,175,0.03314917127071823,0.9668508287292817,0.022099447513812154,0.011049723756906077
QR00848,2025-04-09,Line A,Device Beta,Morning,OP027,M-106,257,15,4,11,1.68,Material,9266.93,242,0.058365758754863814,0.9416342412451362,0.042801556420233464,0.01556420233463035
QR00849,2025-10-06,Line D,Device Beta,Morning,OP006,M-104,156,7,2,5,1.6,Calibration,3731.97,149,0.04487179487179487,0.9551282051282052,0.03205128205128205,0.01282051282051282
QR00850,2025-01-09,Line C,Device Beta,Evening,OP009,M-104,196,2,1,1,0.31,Process,740.95,194,0.01020408163265306,0.9897959183673469,0.00510204081632653,0.00510204081632653
QR00851,2025-04-21,Line A,Device Alpha,Evening,OP011,M-102,158,2,0,2,1.95,Assembly,1040.0,156,0.012658227848101266,0.9873417721518988,0.012658227848101266,0.0
QR00852,2025-10-07,Line A,Device Alpha,Morning,OP018,M-101,170,5,1,4,3.47,Process,2479.98,165,0.029411764705882353,0.9705882352941176,0.023529411764705882,0.0058823529411764705
QR00853,2025-03-20,Line C,Device Gamma,Morning,OP001,M-103,258,3,1,2,0.4,Electrical,1870.07,255,0.011627906976744186,0.9883720930232558,0.007751937984496124,0.003875968992248062
QR00854,2025-10-02,Line A,Device Delta,Evening,OP010,M-104,179,6,1,5,0.38,Process,3086.27,173,0.0335195530726257,0.9664804469273743,0.027932960893854747,0.00558659217877095
QR00855,2025-10-07,Line B,Device Delta,Evening,OP019,M-104,277,12,4,8,0.93,Process,5436.71,265,0.04332129963898917,0.9566787003610109,0.02888086642599278,0.01444043321299639
QR00856,2025-05-18,Line D,Device Beta,Morning,OP012,M-103,109,5,2,3,1.76,Assembly,1746.59,104,0.045871559633027525,0.9541284403669725,0.027522935779816515,0.01834862385321101
QR00857,2025-04-24,Line B,Device Gamma,Morning,OP020,M-102,271,8,1,7,3.32,Assembly,3865.62,263,0.02952029520295203,0.9704797047970479,0.025830258302583026,0.0036900369003690036
QR00858,2025-03-22,Line D,Device Gamma,Evening,OP017,M-102,147,6,1,5,1.9,Electrical,4351.13,141,0.04081632653061224,0.9591836734693877,0.034013605442176874,0.006802721088435374
QR00859,2025-02-24,Line C,Device Delta,Morning,OP023,M-101,135,3,1,2,0.36,Assembly,1231.72,132,0.022222222222222223,0.9777777777777777,0.014814814814814815,0.007407407407407408
QR00860,2025-11-24,Line B,Device Delta,Night,OP018,M-102,169,9,2,7,2.6,Calibration,5029.39,160,0.05325443786982249,0.9467455621301775,0.04142011834319527,0.011834319526627219
QR00861,2025-12-04,Line A,Device Beta,Morning,OP017,M-104,96,3,0,3,3.61,Calibration,2040.0,93,0.03125,0.96875,0.03125,0.0
QR00862,2025-11-02,Line B,Device Alpha,Morning,OP028,M-103,208,5,1,4,1.27,Electrical,3499.06,203,0.02403846153846154,0.9759615384615384,0.019230769230769232,0.004807692307692308
QR00863,2025-08-24,Line B,Device Alpha,Morning,OP007,M-105,97,3,1,2,1.68,Electrical,1830.95,94,0.030927835051546393,0.9690721649484536,0.020618556701030927,0.010309278350515464
QR00864,2025-08-01,Line B,Device Delta,Morning,OP015,M-106,169,6,1,5,1.71,Assembly,2829.79,163,0.03550295857988166,0.9644970414201184,0.029585798816568046,0.005917159763313609
QR00865,2025-04-20,Line B,Device Gamma,Evening,OP023,M-106,265,8,2,6,2.86,Electrical,5316.46,257,0.03018867924528302,0.969811320754717,0.022641509433962263,0.007547169811320755
QR00866,2025-08-05,Line C,Device Alpha,Evening,OP013,M-101,253,4,0,4,0.44,Electrical,3360.0,249,0.015810276679841896,0.9841897233201581,0.015810276679841896,0.0
QR00867,2025-06-09,Line A,Device Gamma,Evening,OP024,M-105,116,3,1,2,0.35,Electrical,1836.03,113,0.02586206896551724,0.9741379310344828,0.017241379310344827,0.008620689655172414
QR00868,2025-12-08,Line C,Device Gamma,Morning,OP026,M-102,270,5,1,4,0.53,Calibration,2885.81,265,0.018518518518518517,0.9814814814814815,0.014814814814814815,0.003703703703703704
QR00869,2025-07-16,Line C,Device Delta,Morning,OP021,M-106,241,10,3,7,3.76,Assembly,4344.28,231,0.04149377593360996,0.9585062240663901,0.029045643153526972,0.012448132780082987
QR00870,2025-12-02,Line B,Device Alpha,Night,OP004,M-102,193,6,1,5,1.14,Electrical,4331.53,187,0.031088082901554404,0.9689119170984456,0.025906735751295335,0.0051813471502590676
QR00871,2025-07-20,Line B,Device Gamma,Evening,OP002,M-103,179,5,1,4,3.45,Calibration,2943.79,174,0.027932960893854747,0.9720670391061452,0.0223463687150838,0.00558659217877095
QR00872,2025-08-13,Line B,Device Delta,Night,OP002,M-104,183,7,2,5,7.52,Assembly,2836.18,176,0.03825136612021858,0.9617486338797814,0.0273224043715847,0.01092896174863388
QR00873,2025-10-07,Line C,Device Delta,Evening,OP027,M-101,91,3,1,2,1.75,Assembly,1241.3,88,0.03296703296703297,0.967032967032967,0.02197802197802198,0.01098901098901099
QR00874,2025-08-10,Line A,Device Beta,Evening,OP020,M-104,264,8,2,6,2.85,Process,3825.74,256,0.030303030303030304,0.9696969696969697,0.022727272727272728,0.007575757575757576
QR00875,2025-03-23,Line C,Device Beta,Evening,OP011,M-105,155,2,1,1,1.86,Material,928.25,153,0.012903225806451613,0.9870967741935484,0.0064516129032258064,0.0064516129032258064
QR00876,2025-05-25,Line D,Device Gamma,Morning,OP005,M-104,238,8,2,6,1.59,Packaging,1828.64,230,0.03361344537815126,0.9663865546218487,0.025210084033613446,0.008403361344537815
QR00877,2025-08-22,Line C,Device Beta,Night,OP030,M-105,191,5,2,3,4.24,Assembly,1856.43,186,0.02617801047120419,0.9738219895287958,0.015706806282722512,0.010471204188481676
QR00878,2025-01-17,Line D,Device Gamma,Morning,OP027,M-103,246,13,4,9,0.77,Process,5747.48,233,0.052845528455284556,0.9471544715447154,0.036585365853658534,0.016260162601626018
QR00879,2025-12-29,Line D,Device Beta,Night,OP005,M-105,105,6,2,4,4.44,Assembly,2361.0,99,0.05714285714285714,0.9428571428571428,0.0380952380952381,0.01904761904761905
QR00880,2025-09-27,Line A,Device Gamma,Night,OP012,M-105,259,3,1,2,0.73,Material,1706.73,256,0.011583011583011582,0.9884169884169884,0.007722007722007722,0.003861003861003861
QR00881,2025-07-23,Line C,Device Gamma,Morning,OP030,M-105,169,1,0,1,2.96,Packaging,260.0,168,0.005917159763313609,0.9940828402366864,0.005917159763313609,0.0
QR00882,2025-12-03,Line D,Device Alpha,Morning,OP001,M-104,212,8,2,6,0.52,Material,4979.02,204,0.03773584905660377,0.9622641509433962,0.02830188679245283,0.009433962264150943
QR00883,2025-04-07,Line B,Device Gamma,Morning,OP016,M-101,240,7,3,4,1.04,Process,3006.78,233,0.029166666666666667,0.9708333333333333,0.016666666666666666,0.0125
QR00884,2025-12-31,Line B,Device Beta,Morning,OP002,M-103,124,5,2,3,5.54,Material,2675.05,119,0.04032258064516129,0.9596774193548387,0.024193548387096774,0.016129032258064516
QR00885,2025-11-19,Line B,Device Gamma,Night,OP022,M-102,208,8,2,6,8.42,Material,4832.08,200,0.038461538461538464,0.9615384615384616,0.028846153846153848,0.009615384615384616
QR00886,2025-10-01,Line A,Device Alpha,Morning,OP024,M-106,201,5,1,4,2.06,Process,2480.91,196,0.024875621890547265,0.9751243781094527,0.01990049751243781,0.004975124378109453
QR00887,2025-04-16,Line D,Device Gamma,Evening,OP006,M-102,148,7,3,4,2.96,Material,3728.18,141,0.0472972972972973,0.9527027027027027,0.02702702702702703,0.02027027027027027
QR00888,2025-07-29,Line D,Device Beta,Night,OP002,M-106,234,12,5,7,0.94,Process,5033.4,222,0.05128205128205128,0.9487179487179487,0.029914529914529916,0.021367521367521368
QR00889,2025-03-07,Line D,Device Beta,Night,OP008,M-103,120,6,2,4,1.65,Process,2813.31,114,0.05,0.95,0.03333333333333333,0.016666666666666666
QR00890,2025-11-18,Line C,Device Delta,Morning,OP029,M-106,275,5,1,4,1.42,Process,2509.67,270,0.01818181818181818,0.9818181818181818,0.014545454545454545,0.0036363636363636364
QR00891,2025-01-16,Line B,Device Alpha,Morning,OP002,M-105,101,3,1,2,3.6,Process,1352.41,98,0.0297029702970297,0.9702970297029703,0.019801980198019802,0.009900990099009901
QR00892,2025-11-16,Line D,Device Delta,Night,OP004,M-101,223,13,2,11,1.14,Packaging,3318.23,210,0.05829596412556054,0.9417040358744395,0.04932735426008968,0.008968609865470852
QR00893,2025-05-11,Line C,Device Gamma,Night,OP024,M-102,257,3,1,2,1.13,Material,1654.8,254,0.011673151750972763,0.9883268482490273,0.007782101167315175,0.0038910505836575876
QR00894,2025-02-27,Line C,Device Beta,Evening,OP027,M-102,160,3,1,2,1.93,Material,1613.14,157,0.01875,0.98125,0.0125,0.00625
QR00895,2025-12-14,Line A,Device Beta,Morning,OP020,M-101,246,8,2,6,2.35,Electrical,5454.92,238,0.032520325203252036,0.967479674796748,0.024390243902439025,0.008130081300813009
QR00896,2025-10-31,Line D,Device Beta,Night,OP011,M-105,262,13,2,11,1.96,Material,8729.71,249,0.04961832061068702,0.950381679389313,0.04198473282442748,0.007633587786259542
QR00897,2025-08-29,Line B,Device Delta,Night,OP006,M-104,119,6,1,5,1.87,Packaging,1518.49,113,0.05042016806722689,0.9495798319327731,0.04201680672268908,0.008403361344537815
QR00898,2025-04-25,Line D,Device Alpha,Morning,OP025,M-106,207,8,1,7,5.92,Assembly,3823.58,199,0.03864734299516908,0.961352657004831,0.033816425120772944,0.004830917874396135
QR00899,2025-12-13,Line C,Device Alpha,Morning,OP028,M-102,262,1,0,1,2.15,Electrical,840.0,261,0.003816793893129771,0.9961832061068703,0.003816793893129771,0.0
QR00900,2025-10-12,Line A,Device Delta,Evening,OP023,M-104,250,11,2,9,0.32,Assembly,5102.76,239,0.044,0.956,0.036,0.008
QR00901,2025-09-06,Line B,Device Beta,Evening,OP007,M-101,156,6,2,4,3.92,Process,2654.09,150,0.038461538461538464,0.9615384615384616,0.02564102564102564,0.01282051282051282
QR00902,2025-07-01,Line C,Device Gamma,Night,OP006,M-103,219,1,0,1,1.93,Calibration,680.0,218,0.0045662100456621,0.9954337899543378,0.0045662100456621,0.0
QR00903,2025-11-27,Line C,Device Alpha,Morning,OP010,M-102,164,4,1,3,1.26,Process,2007.27,160,0.024390243902439025,0.975609756097561,0.018292682926829267,0.006097560975609756
QR00904,2025-04-05,Line B,Device Beta,Night,OP022,M-103,103,4,1,3,0.76,Electrical,2639.83,99,0.038834951456310676,0.9611650485436893,0.02912621359223301,0.009708737864077669
QR00905,2025-02-09,Line A,Device Beta,Night,OP012,M-106,201,5,1,4,3.31,Calibration,2894.77,196,0.024875621890547265,0.9751243781094527,0.01990049751243781,0.004975124378109453
QR00906,2025-04-13,Line D,Device Beta,Evening,OP007,M-105,241,13,2,11,2.01,Calibration,7861.05,228,0.05394190871369295,0.946058091286307,0.04564315352697095,0.008298755186721992
QR00907,2025-10-31,Line B,Device Delta,Evening,OP029,M-103,271,14,4,10,0.96,Assembly,6028.57,257,0.05166051660516605,0.948339483394834,0.03690036900369004,0.014760147601476014
QR00908,2025-01-31,Line A,Device Gamma,Night,OP021,M-106,237,3,1,2,2.04,Assembly,1271.26,234,0.012658227848101266,0.9873417721518988,0.008438818565400843,0.004219409282700422
QR00909,2025-03-10,Line A,Device Alpha,Night,OP015,M-105,222,3,1,2,1.14,Process,1314.7,219,0.013513513513513514,0.9864864864864865,0.009009009009009009,0.0045045045045045045
QR00910,2025-06-27,Line A,Device Alpha,Morning,OP010,M-104,115,2,1,1,2.17,Packaging,419.91,113,0.017391304347826087,0.9826086956521739,0.008695652173913044,0.008695652173913044
QR00911,2025-05-31,Line D,Device Beta,Night,OP005,M-102,116,8,2,6,3.95,Packaging,1872.94,108,0.06896551724137931,0.9310344827586207,0.05172413793103448,0.017241379310344827
QR00912,2025-04-23,Line D,Device Beta,Morning,OP018,M-101,147,8,3,5,1.76,Material,4164.92,139,0.05442176870748299,0.9455782312925171,0.034013605442176874,0.02040816326530612
QR00913,2025-02-19,Line C,Device Alpha,Night,OP026,M-102,102,1,0,1,0.77,Calibration,680.0,101,0.00980392156862745,0.9901960784313726,0.00980392156862745,0.0
QR00914,2025-07-18,Line B,Device Beta,Night,OP014,M-106,188,7,3,4,1.59,Material,3549.23,181,0.03723404255319149,0.9627659574468085,0.02127659574468085,0.015957446808510637
QR00915,2025-08-13,Line D,Device Delta,Night,OP001,M-102,162,11,5,6,3.22,Electrical,5952.74,151,0.06790123456790123,0.9320987654320988,0.037037037037037035,0.030864197530864196
QR00916,2025-04-18,Line B,Device Delta,Morning,OP007,M-103,253,9,1,8,2.47,Assembly,4394.91,244,0.03557312252964427,0.9644268774703557,0.03162055335968379,0.003952569169960474
QR00917,2025-08-31,Line B,Device Beta,Evening,OP003,M-106,202,10,4,6,0.2,Calibration,4617.83,192,0.04950495049504951,0.9504950495049505,0.0297029702970297,0.019801980198019802
QR00918,2025-09-04,Line C,Device Delta,Evening,OP023,M-105,212,5,2,3,3.7,Electrical,2750.57,207,0.02358490566037736,0.9764150943396226,0.014150943396226415,0.009433962264150943
QR00919,2025-10-27,Line D,Device Delta,Morning,OP029,M-102,112,6,1,5,1.32,Material,4002.41,106,0.05357142857142857,0.9464285714285714,0.044642857142857144,0.008928571428571428
QR00920,2025-10-31,Line D,Device Gamma,Evening,OP022,M-103,110,5,2,3,1.32,Calibration,2298.12,105,0.045454545454545456,0.9545454545454546,0.02727272727272727,0.01818181818181818
QR00921,2025-01-05,Line A,Device Gamma,Morning,OP003,M-106,119,2,0,2,3.85,Packaging,520.0,117,0.01680672268907563,0.9831932773109243,0.01680672268907563,0.0
QR00922,2025-05-20,Line A,Device Alpha,Evening,OP018,M-105,201,3,1,2,2.75,Material,1645.55,198,0.014925373134328358,0.9850746268656716,0.009950248756218905,0.004975124378109453
QR00923,2025-12-31,Line A,Device Beta,Morning,OP029,M-105,227,3,1,2,1.84,Calibration,1579.22,224,0.013215859030837005,0.986784140969163,0.00881057268722467,0.004405286343612335
QR00924,2025-08-22,Line B,Device Alpha,Morning,OP007,M-104,102,4,1,3,0.12,Calibration,2187.21,98,0.0392156862745098,0.9607843137254902,0.029411764705882353,0.00980392156862745
QR00925,2025-09-11,Line D,Device Gamma,Evening,OP029,M-106,209,12,1,11,4.1,Material,8533.66,197,0.05741626794258373,0.9425837320574163,0.05263157894736842,0.004784688995215311
QR00926,2025-03-16,Line A,Device Beta,Morning,OP007,M-104,118,4,1,3,0.62,Assembly,1760.4,114,0.03389830508474576,0.9661016949152542,0.025423728813559324,0.00847457627118644
QR00927,2025-01-07,Line A,Device Delta,Morning,OP013,M-106,260,5,2,3,2.58,Assembly,1804.85,255,0.019230769230769232,0.9807692307692307,0.011538461538461539,0.007692307692307693
QR00928,2025-05-22,Line A,Device Delta,Night,OP007,M-105,225,9,3,6,2.84,Calibration,4425.09,216,0.04,0.96,0.02666666666666667,0.013333333333333334
QR00929,2025-09-14,Line D,Device Alpha,Morning,OP013,M-104,134,6,1,5,1.18,Packaging,1461.3,128,0.04477611940298507,0.9552238805970149,0.03731343283582089,0.007462686567164179
QR00930,2025-04-24,Line B,Device Beta,Morning,OP026,M-101,101,5,1,4,2.15,Process,2486.94,96,0.04950495049504951,0.9504950495049505,0.039603960396039604,0.009900990099009901
QR00931,2025-07-02,Line A,Device Beta,Night,OP025,M-106,189,7,2,5,2.49,Packaging,1551.63,182,0.037037037037037035,0.9629629629629629,0.026455026455026454,0.010582010582010581
QR00932,2025-01-25,Line C,Device Gamma,Evening,OP001,M-106,280,3,1,2,1.95,Material,1636.46,277,0.010714285714285714,0.9892857142857143,0.007142857142857143,0.0035714285714285713
QR00933,2025-06-21,Line A,Device Gamma,Evening,OP002,M-102,233,2,1,1,0.26,Packaging,406.66,231,0.008583690987124463,0.9914163090128756,0.004291845493562232,0.004291845493562232
QR00934,2025-04-19,Line A,Device Alpha,Morning,OP028,M-102,103,3,1,2,5.43,Electrical,1862.59,100,0.02912621359223301,0.970873786407767,0.019417475728155338,0.009708737864077669
QR00935,2025-08-23,Line A,Device Beta,Morning,OP008,M-106,217,9,4,5,0.91,Packaging,1879.44,208,0.041474654377880185,0.9585253456221198,0.02304147465437788,0.018433179723502304
QR00936,2025-09-20,Line D,Device Gamma,Evening,OP026,M-106,275,10,4,6,2.64,Assembly,3917.29,265,0.03636363636363636,0.9636363636363636,0.02181818181818182,0.014545454545454545
QR00937,2025-02-22,Line D,Device Gamma,Morning,OP026,M-106,155,7,3,4,2.19,Process,2654.55,148,0.04516129032258064,0.9548387096774194,0.025806451612903226,0.01935483870967742
QR00938,2025-06-08,Line B,Device Alpha,Evening,OP008,M-103,94,4,1,3,0.23,Process,1922.05,90,0.0425531914893617,0.9574468085106383,0.031914893617021274,0.010638297872340425
QR00939,2025-05-26,Line C,Device Alpha,Evening,OP024,M-103,161,1,0,1,2.5,Packaging,260.0,160,0.006211180124223602,0.9937888198757764,0.006211180124223602,0.0
QR00940,2025-04-17,Line A,Device Delta,Evening,OP024,M-101,133,3,0,3,0.59,Material,2280.0,130,0.022556390977443608,0.9774436090225563,0.022556390977443608,0.0
QR00941,2025-08-24,Line C,Device Gamma,Evening,OP009,M-102,188,2,1,1,2.87,Material,957.46,186,0.010638297872340425,0.9893617021276596,0.005319148936170213,0.005319148936170213
QR00942,2025-09-18,Line C,Device Delta,Evening,OP030,M-102,170,6,1,5,1.5,Electrical,4432.39,164,0.03529411764705882,0.9647058823529412,0.029411764705882353,0.0058823529411764705
QR00943,2025-07-10,Line C,Device Beta,Evening,OP021,M-103,136,3,1,2,4.3,Calibration,1547.39,133,0.022058823529411766,0.9779411764705882,0.014705882352941176,0.007352941176470588
QR00944,2025-09-10,Line D,Device Beta,Evening,OP027,M-106,243,15,6,9,1.07,Process,6363.85,228,0.06172839506172839,0.9382716049382716,0.037037037037037035,0.024691358024691357
QR00945,2025-04-20,Line C,Device Beta,Night,OP012,M-101,243,6,2,4,1.46,Electrical,3808.3,237,0.024691358024691357,0.9753086419753086,0.01646090534979424,0.00823045267489712
QR00946,2025-01-10,Line A,Device Delta,Morning,OP028,M-106,235,10,4,6,1.32,Electrical,5637.24,225,0.0425531914893617,0.9574468085106383,0.02553191489361702,0.01702127659574468
QR00947,2025-06-22,Line C,Device Beta,Morning,OP011,M-102,267,6,1,5,2.1,Material,4016.44,261,0.02247191011235955,0.9775280898876404,0.018726591760299626,0.003745318352059925
QR00948,2025-07-08,Line B,Device Gamma,Morning,OP010,M-103,167,4,1,3,0.54,Assembly,1745.02,163,0.023952095808383235,0.9760479041916168,0.017964071856287425,0.005988023952095809
QR00949,2025-03-29,Line A,Device Alpha,Evening,OP007,M-101,218,4,1,3,4.45,Calibration,2256.73,214,0.01834862385321101,0.981651376146789,0.013761467889908258,0.0045871559633027525
QR00950,2025-05-27,Line D,Device Alpha,Morning,OP023,M-106,186,10,2,8,5.44,Electrical,7132.4,176,0.053763440860215055,0.946236559139785,0.043010752688172046,0.010752688172043012
QR00951,2025-04-30,Line C,Device Beta,Morning,OP012,M-101,264,10,2,8,1.3,Material,6450.5,254,0.03787878787878788,0.9621212121212122,0.030303030303030304,0.007575757575757576
QR00952,2025-07-18,Line B,Device Delta,Evening,OP029,M-105,201,9,1,8,1.86,Packaging,2197.97,192,0.04477611940298507,0.9552238805970149,0.03980099502487562,0.004975124378109453
QR00953,2025-12-13,Line A,Device Delta,Night,OP005,M-101,220,10,2,8,1.86,Material,6350.79,210,0.045454545454545456,0.9545454545454546,0.03636363636363636,0.00909090909090909
QR00954,2025-04-20,Line D,Device Alpha,Evening,OP011,M-103,246,12,3,9,6.27,Process,5714.85,234,0.04878048780487805,0.9512195121951219,0.036585365853658534,0.012195121951219513
QR00955,2025-11-26,Line D,Device Gamma,Morning,OP027,M-106,127,5,1,4,0.36,Assembly,2253.09,122,0.03937007874015748,0.9606299212598425,0.031496062992125984,0.007874015748031496
QR00956,2025-04-18,Line A,Device Gamma,Night,OP018,M-106,176,5,2,3,5.72,Packaging,1238.56,171,0.028409090909090908,0.9715909090909091,0.017045454545454544,0.011363636363636364
QR00957,2025-11-17,Line D,Device Alpha,Evening,OP013,M-106,263,13,4,9,2.2,Assembly,5487.51,250,0.049429657794676805,0.9505703422053232,0.034220532319391636,0.015209125475285171
QR00958,2025-06-10,Line B,Device Beta,Evening,OP006,M-105,257,15,3,12,0.27,Assembly,6684.1,242,0.058365758754863814,0.9416342412451362,0.04669260700389105,0.011673151750972763
QR00959,2025-01-15,Line B,Device Beta,Evening,OP025,M-105,213,7,1,6,2.02,Material,4760.46,206,0.03286384976525822,0.9671361502347418,0.028169014084507043,0.004694835680751174
QR00960,2025-11-22,Line C,Device Delta,Morning,OP003,M-104,125,2,1,1,2.37,Material,940.66,123,0.016,0.984,0.008,0.008
QR00961,2025-01-22,Line B,Device Delta,Morning,OP020,M-103,145,5,1,4,2.17,Assembly,2260.87,140,0.034482758620689655,0.9655172413793104,0.027586206896551724,0.006896551724137931
QR00962,2025-11-23,Line D,Device Delta,Morning,OP007,M-105,97,6,1,5,0.67,Material,3955.27,91,0.061855670103092786,0.9381443298969072,0.05154639175257732,0.010309278350515464
QR00963,2025-02-20,Line D,Device Gamma,Morning,OP024,M-101,106,5,1,4,0.72,Process,2533.21,101,0.04716981132075472,0.9528301886792453,0.03773584905660377,0.009433962264150943
QR00964,2025-08-04,Line B,Device Alpha,Evening,OP002,M-103,113,4,1,3,1.42,Assembly,1670.21,109,0.035398230088495575,0.9646017699115044,0.02654867256637168,0.008849557522123894
QR00965,2025-02-04,Line B,Device Gamma,Night,OP024,M-105,239,4,1,3,4.04,Material,2385.03,235,0.016736401673640166,0.9832635983263598,0.012552301255230125,0.0041841004184100415
QR00966,2025-06-16,Line D,Device Beta,Evening,OP010,M-104,276,15,5,10,2.95,Material,8278.67,261,0.05434782608695652,0.9456521739130435,0.036231884057971016,0.018115942028985508
QR00967,2025-11-22,Line D,Device Alpha,Morning,OP012,M-102,177,10,4,6,1.71,Calibration,4761.91,167,0.05649717514124294,0.943502824858757,0.03389830508474576,0.022598870056497175
QR00968,2025-04-24,Line C,Device Beta,Morning,OP025,M-101,197,7,1,6,0.38,Assembly,3282.49,190,0.03553299492385787,0.9644670050761421,0.030456852791878174,0.005076142131979695
QR00969,2025-12-19,Line D,Device Delta,Morning,OP026,M-103,230,14,5,9,4.86,Calibration,7128.08,216,0.06086956521739131,0.9391304347826087,0.0391304347826087,0.021739130434782608
QR00970,2025-07-31,Line D,Device Beta,Evening,OP013,M-102,148,8,4,4,0.4,Assembly,2617.55,140,0.05405405405405406,0.9459459459459459,0.02702702702702703,0.02702702702702703
QR00971,2025-06-20,Line B,Device Gamma,Morning,OP019,M-102,129,5,1,4,0.92,Electrical,3566.77,124,0.03875968992248062,0.9612403100775194,0.031007751937984496,0.007751937984496124
QR00972,2025-02-21,Line D,Device Alpha,Morning,OP016,M-105,153,8,1,7,2.34,Electrical,5997.4,145,0.05228758169934641,0.9477124183006536,0.0457516339869281,0.006535947712418301
QR00973,2025-03-07,Line C,Device Beta,Morning,OP001,M-104,185,4,1,3,1.98,Material,2375.82,181,0.021621621621621623,0.9783783783783784,0.016216216216216217,0.005405405405405406
QR00974,2025-02-22,Line D,Device Alpha,Morning,OP023,M-101,230,12,4,8,0.46,Assembly,4973.46,218,0.05217391304347826,0.9478260869565217,0.034782608695652174,0.017391304347826087
QR00975,2025-01-12,Line A,Device Gamma,Evening,OP002,M-103,222,4,2,2,0.5,Packaging,789.09,218,0.018018018018018018,0.9819819819819819,0.009009009009009009,0.009009009009009009
QR00976,2025-04-04,Line D,Device Gamma,Evening,OP024,M-104,277,15,6,9,2.49,Material,7695.93,262,0.05415162454873646,0.9458483754512635,0.032490974729241874,0.021660649819494584
QR00977,2025-01-07,Line B,Device Delta,Night,OP004,M-106,262,11,4,7,2.38,Process,5071.76,251,0.04198473282442748,0.9580152671755725,0.026717557251908396,0.015267175572519083
QR00978,2025-08-15,Line C,Device Beta,Night,OP012,M-103,271,6,1,5,3.11,Assembly,2793.86,265,0.02214022140221402,0.977859778597786,0.01845018450184502,0.0036900369003690036
QR00979,2025-08-15,Line D,Device Gamma,Morning,OP013,M-102,277,11,3,8,3.12,Electrical,7180.99,266,0.039711191335740074,0.9602888086642599,0.02888086642599278,0.010830324909747292
QR00980,2025-08-13,Line A,Device Alpha,Morning,OP012,M-104,224,6,1,5,3.57,Material,4006.27,218,0.026785714285714284,0.9732142857142857,0.022321428571428572,0.004464285714285714
QR00981,2025-07-21,Line D,Device Gamma,Morning,OP025,M-102,210,7,3,4,2.99,Packaging,1721.32,203,0.03333333333333333,0.9666666666666667,0.01904761904761905,0.014285714285714285
QR00982,2025-06-06,Line B,Device Beta,Morning,OP026,M-101,205,8,3,5,1.96,Process,3427.03,197,0.03902439024390244,0.9609756097560975,0.024390243902439025,0.014634146341463415
QR00983,2025-04-12,Line D,Device Delta,Evening,OP018,M-103,175,13,4,9,1.87,Calibration,6798.34,162,0.07428571428571429,0.9257142857142857,0.05142857142857143,0.022857142857142857
QR00984,2025-08-17,Line D,Device Delta,Morning,OP007,M-102,247,10,2,8,1.15,Material,6268.2,237,0.04048582995951417,0.9595141700404858,0.032388663967611336,0.008097165991902834
QR00985,2025-10-06,Line A,Device Delta,Morning,OP014,M-106,118,4,2,2,1.73,Process,1370.31,114,0.03389830508474576,0.9661016949152542,0.01694915254237288,0.01694915254237288
QR00986,2025-02-07,Line B,Device Delta,Night,OP020,M-105,258,11,4,7,1.81,Calibration,5154.82,247,0.04263565891472868,0.9573643410852714,0.027131782945736434,0.015503875968992248
QR00987,2025-04-03,Line A,Device Gamma,Evening,OP017,M-101,262,4,1,3,0.08,Material,2413.47,258,0.015267175572519083,0.9847328244274809,0.011450381679389313,0.003816793893129771
QR00988,2025-10-01,Line B,Device Gamma,Evening,OP003,M-104,127,2,0,2,0.12,Electrical,1680.0,125,0.015748031496062992,0.984251968503937,0.015748031496062992,0.0
QR00989,2025-05-08,Line B,Device Gamma,Evening,OP002,M-101,272,9,2,7,0.99,Process,4382.72,263,0.03308823529411765,0.9669117647058824,0.025735294117647058,0.007352941176470588
QR00990,2025-07-25,Line A,Device Delta,Evening,OP008,M-101,265,10,4,6,0.41,Calibration,4860.59,255,0.03773584905660377,0.9622641509433962,0.022641509433962263,0.01509433962264151
QR00991,2025-08-25,Line D,Device Gamma,Morning,OP024,M-106,225,13,5,8,0.82,Process,5755.25,212,0.057777777777777775,0.9422222222222222,0.035555555555555556,0.022222222222222223
QR00992,2025-10-30,Line D,Device Delta,Evening,OP010,M-106,238,15,3,12,1.61,Process,7355.21,223,0.06302521008403361,0.9369747899159664,0.05042016806722689,0.012605042016806723
QR00993,2025-06-05,Line A,Device Delta,Morning,OP001,M-103,190,7,1,6,1.3,Process,3694.88,183,0.03684210526315789,0.9631578947368421,0.031578947368421054,0.005263157894736842
QR00994,2025-10-23,Line B,Device Beta,Evening,OP001,M-104,96,4,1,3,1.14,Material,2386.92,92,0.041666666666666664,0.9583333333333334,0.03125,0.010416666666666666
QR00995,2025-06-17,Line A,Device Alpha,Night,OP029,M-103,259,4,2,2,1.78,Electrical,2085.16,255,0.015444015444015444,0.9845559845559846,0.007722007722007722,0.007722007722007722
QR00996,2025-04-02,Line B,Device Alpha,Morning,OP020,M-101,117,4,1,3,0.47,Assembly,1765.8,113,0.03418803418803419,0.9658119658119658,0.02564102564102564,0.008547008547008548
QR00997,2025-01-09,Line B,Device Beta,Evening,OP025,M-101,137,7,3,4,3.68,Assembly,2739.51,130,0.051094890510948905,0.948905109489051,0.029197080291970802,0.021897810218978103
QR00998,2025-12-31,Line D,Device Gamma,Morning,OP025,M-105,223,9,4,5,0.6,Calibration,3995.73,214,0.04035874439461883,0.9596412556053812,0.02242152466367713,0.017937219730941704
QR00999,2025-01-15,Line B,Device Beta,Evening,OP007,M-101,186,7,2,5,2.73,Material,4209.21,179,0.03763440860215054,0.9623655913978495,0.026881720430107527,0.010752688172043012
QR01000,2025-09-08,Line A,Device Gamma,Evening,OP020,M-105,156,2,1,1,0.8,Material,960.22,154,0.01282051282051282,0.9871794871794872,0.00641025641025641,0.00641025641025641
QR01001,2025-11-07,Line D,Device Alpha,Morning,OP027,M-104,218,10,4,6,3.99,Calibration,4834.31,208,0.045871559633027525,0.9541284403669725,0.027522935779816515,0.01834862385321101
QR01002,2025-06-13,Line B,Device Beta,Evening,OP018,M-102,157,4,1,3,0.61,Packaging,910.98,153,0.025477707006369428,0.9745222929936306,0.01910828025477707,0.006369426751592357
QR01003,2025-07-27,Line C,Device Beta,Evening,OP009,M-102,155,5,2,3,0.86,Material,2528.87,150,0.03225806451612903,0.967741935483871,0.01935483870967742,0.012903225806451613
QR01004,2025-03-30,Line A,Device Gamma,Evening,OP026,M-103,270,6,1,5,1.06,Electrical,4293.41,264,0.022222222222222223,0.9777777777777777,0.018518518518518517,0.003703703703703704
QR01005,2025-06-19,Line A,Device Delta,Night,OP005,M-104,146,3,1,2,1.57,Assembly,1159.21,143,0.02054794520547945,0.9794520547945206,0.0136986301369863,0.00684931506849315
QR01006,2025-03-05,Line C,Device Gamma,Evening,OP020,M-102,111,2,1,1,1.16,Material,850.98,109,0.018018018018018018,0.9819819819819819,0.009009009009009009,0.009009009009009009
QR01007,2025-06-03,Line C,Device Alpha,Night,OP004,M-106,95,2,1,1,0.83,Assembly,688.79,93,0.021052631578947368,0.9789473684210527,0.010526315789473684,0.010526315789473684
QR01008,2025-12-08,Line A,Device Delta,Morning,OP004,M-101,132,4,1,3,3.39,Material,2413.11,128,0.030303030303030304,0.9696969696969697,0.022727272727272728,0.007575757575757576
QR01009,2025-01-27,Line B,Device Gamma,Night,OP014,M-103,255,9,3,6,1.75,Assembly,3748.3,246,0.03529411764705882,0.9647058823529412,0.023529411764705882,0.011764705882352941
QR01010,2025-05-10,Line B,Device Delta,Morning,OP028,M-104,97,5,1,4,7.03,Assembly,2298.4,92,0.05154639175257732,0.9484536082474226,0.041237113402061855,0.010309278350515464
QR01011,2025-10-25,Line B,Device Alpha,Evening,OP011,M-105,150,5,1,4,2.21,Material,3153.75,145,0.03333333333333333,0.9666666666666667,0.02666666666666667,0.006666666666666667
QR01012,2025-03-30,Line A,Device Gamma,Morning,OP024,M-102,140,2,0,2,1.68,Calibration,1360.0,138,0.014285714285714285,0.9857142857142858,0.014285714285714285,0.0
QR01013,2025-12-17,Line C,Device Delta,Evening,OP028,M-105,200,5,2,3,1.44,Electrical,2834.34,195,0.025,0.975,0.015,0.01
QR01014,2025-02-26,Line B,Device Delta,Morning,OP028,M-104,122,6,1,5,0.17,Assembly,2813.16,116,0.04918032786885246,0.9508196721311475,0.040983606557377046,0.00819672131147541
QR01015,2025-12-10,Line B,Device Delta,Night,OP009,M-104,132,6,2,4,4.29,Calibration,3072.99,126,0.045454545454545456,0.9545454545454546,0.030303030303030304,0.015151515151515152
QR01016,2025-12-05,Line D,Device Delta,Evening,OP015,M-105,200,13,3,10,1.51,Process,6191.17,187,0.065,0.935,0.05,0.015
QR01017,2025-11-27,Line B,Device Beta,Morning,OP027,M-106,140,6,2,4,2.39,Packaging,1491.7,134,0.04285714285714286,0.9571428571428572,0.02857142857142857,0.014285714285714285
QR01018,2025-03-27,Line D,Device Beta,Morning,OP011,M-102,193,11,4,7,2.58,Calibration,5279.01,182,0.05699481865284974,0.9430051813471503,0.03626943005181347,0.02072538860103627
QR01019,2025-04-03,Line D,Device Alpha,Morning,OP030,M-101,214,13,5,8,1.25,Electrical,7421.48,201,0.06074766355140187,0.9392523364485982,0.037383177570093455,0.02336448598130841
QR01020,2025-11-05,Line C,Device Gamma,Night,OP004,M-105,163,2,0,2,1.67,Electrical,1680.0,161,0.012269938650306749,0.9877300613496932,0.012269938650306749,0.0
QR01021,2025-04-16,Line B,Device Delta,Evening,OP005,M-101,244,9,4,5,0.79,Calibration,3774.98,235,0.036885245901639344,0.9631147540983607,0.020491803278688523,0.01639344262295082
QR01022,2025-11-10,Line A,Device Gamma,Evening,OP018,M-104,162,5,2,3,0.97,Calibration,2309.5,157,0.030864197530864196,0.9691358024691358,0.018518518518518517,0.012345679012345678
QR01023,2025-12-07,Line B,Device Alpha,Night,OP020,M-105,257,12,3,9,1.88,Electrical,8200.73,245,0.04669260700389105,0.953307392996109,0.03501945525291829,0.011673151750972763
QR01024,2025-05-28,Line C,Device Delta,Morning,OP026,M-101,94,5,2,3,0.33,Packaging,1099.95,89,0.05319148936170213,0.9468085106382979,0.031914893617021274,0.02127659574468085
QR01025,2025-09-29,Line A,Device Delta,Evening,OP011,M-106,273,7,2,5,4.59,Calibration,3818.64,266,0.02564102564102564,0.9743589743589743,0.018315018315018316,0.007326007326007326
QR01026,2025-01-30,Line D,Device Delta,Night,OP002,M-105,120,8,2,6,2.84,Calibration,4365.35,112,0.06666666666666667,0.9333333333333333,0.05,0.016666666666666666
QR01027,2025-09-28,Line A,Device Gamma,Evening,OP017,M-106,172,4,0,4,5.76,Process,2360.0,168,0.023255813953488372,0.9767441860465116,0.023255813953488372,0.0
QR01028,2025-04-15,Line D,Device Beta,Night,OP008,M-104,203,9,2,7,1.05,Calibration,5016.97,194,0.04433497536945813,0.9556650246305419,0.034482758620689655,0.009852216748768473
QR01029,2025-01-05,Line C,Device Alpha,Evening,OP021,M-103,117,1,0,1,0.47,Process,590.0,116,0.008547008547008548,0.9914529914529915,0.008547008547008548,0.0
QR01030,2025-07-06,Line D,Device Alpha,Night,OP021,M-101,174,6,1,5,0.37,Material,3986.44,168,0.034482758620689655,0.9655172413793104,0.028735632183908046,0.005747126436781609
QR01031,2025-05-14,Line D,Device Gamma,Morning,OP025,M-105,270,13,3,10,1.07,Electrical,8725.47,257,0.04814814814814815,0.9518518518518518,0.037037037037037035,0.011111111111111112
QR01032,2025-05-06,Line B,Device Delta,Morning,OP018,M-106,259,13,3,10,1.48,Electrical,9103.87,246,0.05019305019305019,0.9498069498069498,0.03861003861003861,0.011583011583011582
QR01033,2025-04-17,Line B,Device Gamma,Evening,OP017,M-101,239,8,1,7,1.54,Material,5529.28,231,0.03347280334728033,0.9665271966527197,0.029288702928870293,0.0041841004184100415
QR01034,2025-02-05,Line D,Device Alpha,Night,OP029,M-101,254,12,5,7,3.36,Packaging,2415.75,242,0.047244094488188976,0.952755905511811,0.027559055118110236,0.01968503937007874
QR01035,2025-06-16,Line C,Device Delta,Night,OP020,M-102,93,3,1,2,1.98,Packaging,738.68,90,0.03225806451612903,0.967741935483871,0.021505376344086023,0.010752688172043012
QR01036,2025-02-14,Line C,Device Gamma,Morning,OP016,M-105,121,3,1,2,0.21,Material,1745.41,118,0.024793388429752067,0.9752066115702479,0.01652892561983471,0.008264462809917356
QR01037,2025-08-14,Line A,Device Beta,Evening,OP018,M-102,170,5,2,3,1.65,Process,1996.31,165,0.029411764705882353,0.9705882352941176,0.01764705882352941,0.011764705882352941
QR01038,2025-03-14,Line A,Device Beta,Morning,OP020,M-102,195,5,2,3,1.36,Packaging,1182.62,190,0.02564102564102564,0.9743589743589743,0.015384615384615385,0.010256410256410256
QR01039,2025-12-14,Line D,Device Beta,Night,OP001,M-103,91,5,2,3,1.6,Process,1963.94,86,0.054945054945054944,0.945054945054945,0.03296703296703297,0.02197802197802198
QR01040,2025-10-06,Line D,Device Beta,Evening,OP016,M-102,245,13,5,8,1.39,Calibration,6542.84,232,0.053061224489795916,0.9469387755102041,0.0326530612244898,0.02040816326530612
QR01041,2025-10-01,Line A,Device Gamma,Morning,OP028,M-101,249,4,1,3,7.91,Packaging,1012.31,245,0.01606425702811245,0.9839357429718876,0.012048192771084338,0.004016064257028112
QR01042,2025-09-26,Line C,Device Alpha,Evening,OP010,M-106,255,6,1,5,3.68,Process,3160.06,249,0.023529411764705882,0.9764705882352941,0.0196078431372549,0.00392156862745098
QR01043,2025-07-10,Line D,Device Alpha,Evening,OP020,M-102,135,6,2,4,3.48,Material,3311.44,129,0.044444444444444446,0.9555555555555556,0.02962962962962963,0.014814814814814815
QR01044,2025-03-14,Line A,Device Gamma,Morning,OP004,M-101,199,2,1,1,2.69,Calibration,797.12,197,0.010050251256281407,0.9899497487437185,0.005025125628140704,0.005025125628140704
QR01045,2025-10-05,Line C,Device Beta,Night,OP015,M-102,168,5,2,3,0.5,Process,2053.52,163,0.02976190476190476,0.9702380952380952,0.017857142857142856,0.011904761904761904
QR01046,2025-09-20,Line B,Device Delta,Night,OP011,M-106,91,5,1,4,1.43,Material,3186.86,86,0.054945054945054944,0.945054945054945,0.04395604395604396,0.01098901098901099
QR01047,2025-03-14,Line C,Device Gamma,Night,OP026,M-102,127,2,0,2,1.44,Electrical,1680.0,125,0.015748031496062992,0.984251968503937,0.015748031496062992,0.0
QR01048,2025-09-13,Line B,Device Alpha,Morning,OP010,M-101,274,8,2,6,3.2,Electrical,5435.19,266,0.029197080291970802,0.9708029197080292,0.021897810218978103,0.0072992700729927005
QR01049,2025-11-10,Line D,Device Gamma,Morning,OP006,M-104,102,5,2,3,0.87,Assembly,1868.02,97,0.049019607843137254,0.9509803921568627,0.029411764705882353,0.0196078431372549
QR01050,2025-11-23,Line C,Device Delta,Night,OP017,M-104,256,7,2,5,0.59,Electrical,4427.19,249,0.02734375,0.97265625,0.01953125,0.0078125
QR01051,2025-12-25,Line B,Device Gamma,Morning,OP001,M-101,223,10,2,8,1.2,Assembly,4590.32,213,0.04484304932735426,0.9551569506726457,0.03587443946188341,0.008968609865470852
QR01052,2025-05-26,Line B,Device Alpha,Night,OP001,M-101,197,8,2,6,0.49,Calibration,4453.95,189,0.04060913705583756,0.9593908629441624,0.030456852791878174,0.01015228426395939
QR01053,2025-10-02,Line D,Device Gamma,Morning,OP016,M-101,207,8,1,7,3.32,Material,5464.65,199,0.03864734299516908,0.961352657004831,0.033816425120772944,0.004830917874396135
QR01054,2025-03-29,Line A,Device Delta,Evening,OP003,M-103,264,6,2,4,2.3,Electrical,3579.42,258,0.022727272727272728,0.9772727272727273,0.015151515151515152,0.007575757575757576
QR01055,2025-05-12,Line D,Device Gamma,Evening,OP015,M-102,199,10,4,6,2.54,Material,5111.78,189,0.05025125628140704,0.949748743718593,0.03015075376884422,0.020100502512562814
QR01056,2025-02-03,Line A,Device Gamma,Morning,OP030,M-104,237,4,1,3,3.02,Material,2389.41,233,0.016877637130801686,0.9831223628691983,0.012658227848101266,0.004219409282700422
QR01057,2025-04-21,Line C,Device Gamma,Morning,OP018,M-102,94,2,1,1,7.18,Material,953.23,92,0.02127659574468085,0.9787234042553191,0.010638297872340425,0.010638297872340425
QR01058,2025-03-01,Line D,Device Alpha,Evening,OP008,M-103,94,4,1,3,0.64,Calibration,2131.2,90,0.0425531914893617,0.9574468085106383,0.031914893617021274,0.010638297872340425
QR01059,2025-10-05,Line A,Device Gamma,Night,OP005,M-101,263,7,2,5,1.44,Process,3373.14,256,0.026615969581749048,0.973384030418251,0.019011406844106463,0.0076045627376425855
QR01060,2025-12-12,Line A,Device Beta,Morning,OP020,M-106,168,7,3,4,4.2,Material,3413.27,161,0.041666666666666664,0.9583333333333334,0.023809523809523808,0.017857142857142856
QR01061,2025-10-03,Line D,Device Beta,Morning,OP016,M-104,279,13,4,9,2.42,Electrical,8237.29,266,0.04659498207885305,0.953405017921147,0.03225806451612903,0.014336917562724014
QR01062,2025-05-29,Line D,Device Alpha,Morning,OP020,M-103,99,5,1,4,0.53,Electrical,3536.84,94,0.050505050505050504,0.9494949494949495,0.04040404040404041,0.010101010101010102
QR01063,2025-04-23,Line D,Device Beta,Evening,OP006,M-104,173,11,3,8,1.87,Calibration,6134.23,162,0.06358381502890173,0.9364161849710982,0.046242774566473986,0.017341040462427744
QR01064,2025-02-17,Line B,Device Alpha,Morning,OP015,M-106,107,3,0,3,0.27,Packaging,780.0,104,0.028037383177570093,0.9719626168224299,0.028037383177570093,0.0
QR01065,2025-10-22,Line D,Device Beta,Night,OP006,M-104,248,14,3,11,1.6,Electrical,9625.64,234,0.056451612903225805,0.9435483870967742,0.04435483870967742,0.012096774193548387
QR01066,2025-07-28,Line A,Device Gamma,Morning,OP006,M-105,172,3,1,2,0.97,Calibration,1536.91,169,0.01744186046511628,0.9825581395348837,0.011627906976744186,0.005813953488372093
QR01067,2025-02-19,Line D,Device Gamma,Evening,OP002,M-101,97,3,1,2,1.19,Process,1301.38,94,0.030927835051546393,0.9690721649484536,0.020618556701030927,0.010309278350515464
QR01068,2025-07-23,Line D,Device Gamma,Morning,OP029,M-103,173,8,2,6,2.37,Process,3851.55,165,0.046242774566473986,0.953757225433526,0.03468208092485549,0.011560693641618497
QR01069,2025-11-03,Line B,Device Gamma,Morning,OP008,M-104,108,5,2,3,1.44,Assembly,1827.63,103,0.046296296296296294,0.9537037037037037,0.027777777777777776,0.018518518518518517
QR01070,2025-04-19,Line C,Device Delta,Night,OP004,M-106,227,9,3,6,1.89,Material,5104.6,218,0.039647577092511016,0.960352422907489,0.02643171806167401,0.013215859030837005
QR01071,2025-09-16,Line B,Device Alpha,Night,OP030,M-103,161,5,2,3,5.09,Assembly,2024.32,156,0.031055900621118012,0.968944099378882,0.018633540372670808,0.012422360248447204
QR01072,2025-11-25,Line B,Device Beta,Evening,OP010,M-105,274,11,3,8,1.02,Assembly,4859.72,263,0.040145985401459854,0.9598540145985401,0.029197080291970802,0.010948905109489052
QR01073,2025-11-07,Line B,Device Alpha,Morning,OP028,M-101,96,3,0,3,2.14,Assembly,1560.0,93,0.03125,0.96875,0.03125,0.0
QR01074,2025-11-02,Line B,Device Delta,Evening,OP007,M-106,187,6,2,4,0.23,Process,2666.54,181,0.03208556149732621,0.9679144385026738,0.0213903743315508,0.0106951871657754
QR01075,2025-09-07,Line A,Device Delta,Night,OP002,M-101,248,5,1,4,1.22,Process,2465.72,243,0.020161290322580645,0.9798387096774194,0.016129032258064516,0.004032258064516129
QR01076,2025-03-29,Line B,Device Delta,Morning,OP017,M-103,260,14,3,11,1.2,Calibration,8009.23,246,0.05384615384615385,0.9461538461538461,0.04230769230769231,0.011538461538461539
QR01077,2025-08-23,Line C,Device Beta,Night,OP021,M-103,274,8,3,5,1.08,Packaging,1842.73,266,0.029197080291970802,0.9708029197080292,0.01824817518248175,0.010948905109489052
QR01078,2025-11-25,Line A,Device Alpha,Morning,OP019,M-105,149,5,2,3,3.86,Material,2605.22,144,0.03355704697986577,0.9664429530201343,0.020134228187919462,0.013422818791946308
QR01079,2025-04-22,Line A,Device Alpha,Evening,OP029,M-102,185,3,1,2,0.54,Material,1719.33,182,0.016216216216216217,0.9837837837837838,0.010810810810810811,0.005405405405405406
QR01080,2025-10-28,Line D,Device Delta,Evening,OP003,M-103,141,9,2,7,1.22,Process,4449.25,132,0.06382978723404255,0.9361702127659575,0.04964539007092199,0.014184397163120567
QR01081,2025-10-09,Line C,Device Alpha,Morning,OP009,M-102,200,1,0,1,1.57,Assembly,520.0,199,0.005,0.995,0.005,0.0
QR01082,2025-11-20,Line A,Device Gamma,Morning,OP016,M-103,178,4,1,3,1.09,Calibration,2212.48,174,0.02247191011235955,0.9775280898876404,0.016853932584269662,0.0056179775280898875
QR01083,2025-06-25,Line A,Device Alpha,Evening,OP007,M-104,113,3,1,2,0.11,Assembly,1139.47,110,0.02654867256637168,0.9734513274336283,0.017699115044247787,0.008849557522123894
QR01084,2025-07-16,Line D,Device Gamma,Morning,OP002,M-103,277,9,4,5,1.01,Calibration,4123.24,268,0.032490974729241874,0.9675090252707581,0.018050541516245487,0.01444043321299639
QR01085,2025-03-23,Line D,Device Gamma,Morning,OP006,M-101,144,6,2,4,1.57,Assembly,2435.82,138,0.041666666666666664,0.9583333333333334,0.027777777777777776,0.013888888888888888
QR01086,2025-12-16,Line A,Device Beta,Morning,OP014,M-102,91,2,0,2,2.45,Packaging,520.0,89,0.02197802197802198,0.978021978021978,0.02197802197802198,0.0
QR01087,2025-07-18,Line D,Device Gamma,Night,OP023,M-105,213,10,2,8,1.43,Process,5112.51,203,0.046948356807511735,0.9530516431924883,0.03755868544600939,0.009389671361502348
QR01088,2025-05-07,Line B,Device Delta,Morning,OP005,M-101,243,10,2,8,5.12,Process,5121.49,233,0.0411522633744856,0.9588477366255144,0.03292181069958848,0.00823045267489712
QR01089,2025-03-14,Line A,Device Beta,Morning,OP012,M-105,166,3,1,2,2.29,Packaging,641.18,163,0.018072289156626505,0.9819277108433735,0.012048192771084338,0.006024096385542169
QR01090,2025-08-07,Line C,Device Gamma,Morning,OP022,M-104,212,2,1,1,0.79,Material,886.84,210,0.009433962264150943,0.9905660377358491,0.0047169811320754715,0.0047169811320754715
QR01091,2025-08-18,Line C,Device Alpha,Morning,OP028,M-106,250,3,1,2,1.3,Assembly,1176.13,247,0.012,0.988,0.008,0.004
QR01092,2025-05-25,Line D,Device Alpha,Morning,OP005,M-103,178,8,2,6,0.23,Electrical,5269.4,170,0.0449438202247191,0.9550561797752809,0.033707865168539325,0.011235955056179775
QR01093,2025-12-27,Line C,Device Delta,Morning,OP025,M-101,213,5,1,4,2.76,Material,3130.05,208,0.023474178403755867,0.9765258215962441,0.018779342723004695,0.004694835680751174
QR01094,2025-04-26,Line C,Device Delta,Morning,OP006,M-101,201,6,3,3,2.93,Calibration,2386.66,195,0.029850746268656716,0.9701492537313433,0.014925373134328358,0.014925373134328358
QR01095,2025-06-29,Line A,Device Alpha,Evening,OP001,M-102,211,3,1,2,0.74,Calibration,1460.32,208,0.014218009478672985,0.985781990521327,0.009478672985781991,0.004739336492890996
QR01096,2025-06-29,Line A,Device Alpha,Evening,OP021,M-103,179,3,1,2,0.35,Material,1711.01,176,0.01675977653631285,0.9832402234636871,0.0111731843575419,0.00558659217877095
QR01097,2025-09-25,Line C,Device Alpha,Morning,OP001,M-104,200,4,1,3,3.03,Process,1959.54,196,0.02,0.98,0.015,0.005
QR01098,2025-07-26,Line A,Device Beta,Evening,OP016,M-105,101,4,1,3,3.7,Assembly,1753.93,97,0.039603960396039604,0.9603960396039604,0.0297029702970297,0.009900990099009901
QR01099,2025-05-27,Line B,Device Gamma,Morning,OP008,M-102,95,4,1,3,2.2,Calibration,2166.43,91,0.042105263157894736,0.9578947368421052,0.031578947368421054,0.010526315789473684
QR01100,2025-04-20,Line D,Device Beta,Evening,OP028,M-101,190,11,4,7,1.54,Assembly,4241.14,179,0.05789473684210526,0.9421052631578948,0.03684210526315789,0.021052631578947368
QR01101,2025-07-26,Line D,Device Alpha,Morning,OP017,M-101,138,7,2,5,4.04,Packaging,1588.14,131,0.050724637681159424,0.9492753623188406,0.036231884057971016,0.014492753623188406
QR01102,2025-05-30,Line A,Device Gamma,Night,OP018,M-103,190,1,0,1,0.18,Packaging,260.0,189,0.005263157894736842,0.9947368421052631,0.005263157894736842,0.0
QR01103,2025-10-02,Line C,Device Alpha,Morning,OP005,M-105,190,2,1,1,3.5,Calibration,898.74,188,0.010526315789473684,0.9894736842105263,0.005263157894736842,0.005263157894736842
QR01104,2025-11-21,Line D,Device Gamma,Evening,OP014,M-105,194,8,3,5,3.0,Process,3455.06,186,0.041237113402061855,0.9587628865979382,0.02577319587628866,0.015463917525773196
QR01105,2025-07-14,Line B,Device Gamma,Night,OP023,M-103,162,4,1,3,1.1,Packaging,949.36,158,0.024691358024691357,0.9753086419753086,0.018518518518518517,0.006172839506172839
QR01106,2025-01-27,Line D,Device Alpha,Morning,OP005,M-103,206,10,4,6,0.9,Process,4399.78,196,0.04854368932038835,0.9514563106796117,0.02912621359223301,0.019417475728155338
QR01107,2025-01-18,Line D,Device Gamma,Night,OP006,M-103,215,6,3,3,5.21,Material,2708.28,209,0.027906976744186046,0.9720930232558139,0.013953488372093023,0.013953488372093023
QR01108,2025-11-19,Line A,Device Alpha,Morning,OP016,M-101,117,3,1,2,1.74,Calibration,1535.36,114,0.02564102564102564,0.9743589743589743,0.017094017094017096,0.008547008547008548
QR01109,2025-02-15,Line D,Device Beta,Morning,OP018,M-104,142,9,3,6,1.66,Assembly,3488.48,133,0.06338028169014084,0.9366197183098591,0.04225352112676056,0.02112676056338028
QR01110,2025-10-01,Line A,Device Delta,Evening,OP027,M-103,234,3,1,2,0.63,Process,1293.22,231,0.01282051282051282,0.9871794871794872,0.008547008547008548,0.004273504273504274
QR01111,2025-01-12,Line C,Device Gamma,Evening,OP007,M-104,254,1,0,1,2.87,Electrical,840.0,253,0.003937007874015748,0.9960629921259843,0.003937007874015748,0.0
QR01112,2025-09-07,Line B,Device Beta,Morning,OP023,M-101,95,5,1,4,0.42,Assembly,2198.38,90,0.05263157894736842,0.9473684210526315,0.042105263157894736,0.010526315789473684
QR01113,2025-01-12,Line D,Device Beta,Evening,OP013,M-106,178,8,1,7,0.59,Process,4305.37,170,0.0449438202247191,0.9550561797752809,0.03932584269662921,0.0056179775280898875
QR01114,2025-07-18,Line A,Device Gamma,Night,OP002,M-102,267,6,1,5,0.23,Assembly,2759.05,261,0.02247191011235955,0.9775280898876404,0.018726591760299626,0.003745318352059925
QR01115,2025-07-25,Line D,Device Alpha,Morning,OP017,M-105,172,9,2,7,3.57,Process,4427.48,163,0.05232558139534884,0.9476744186046512,0.040697674418604654,0.011627906976744186
QR01116,2025-12-18,Line B,Device Delta,Morning,OP030,M-106,193,9,4,5,0.15,Packaging,1715.92,184,0.046632124352331605,0.9533678756476683,0.025906735751295335,0.02072538860103627
QR01117,2025-02-21,Line D,Device Gamma,Night,OP019,M-103,112,4,1,3,1.99,Packaging,972.34,108,0.03571428571428571,0.9642857142857143,0.026785714285714284,0.008928571428571428
QR01118,2025-03-24,Line B,Device Gamma,Night,OP026,M-101,148,5,1,4,1.22,Assembly,2245.18,143,0.033783783783783786,0.9662162162162162,0.02702702702702703,0.006756756756756757
QR01119,2025-01-21,Line C,Device Alpha,Morning,OP006,M-103,158,4,1,3,3.11,Assembly,1686.67,154,0.02531645569620253,0.9746835443037974,0.0189873417721519,0.006329113924050633
QR01120,2025-05-11,Line D,Device Alpha,Morning,OP005,M-105,138,7,2,5,1.73,Packaging,1563.9,131,0.050724637681159424,0.9492753623188406,0.036231884057971016,0.014492753623188406
QR01121,2025-08-26,Line A,Device Gamma,Evening,OP027,M-105,239,3,1,2,0.2,Packaging,638.53,236,0.012552301255230125,0.9874476987447699,0.008368200836820083,0.0041841004184100415
QR01122,2025-07-05,Line B,Device Gamma,Evening,OP024,M-103,216,5,1,4,3.41,Assembly,2306.84,211,0.023148148148148147,0.9768518518518519,0.018518518518518517,0.004629629629629629
QR01123,2025-07-16,Line D,Device Delta,Evening,OP012,M-106,192,10,3,7,0.4,Calibration,5460.27,182,0.052083333333333336,0.9479166666666666,0.036458333333333336,0.015625
QR01124,2025-09-23,Line B,Device Alpha,Evening,OP010,M-103,152,3,1,2,0.83,Calibration,1573.16,149,0.019736842105263157,0.9802631578947368,0.013157894736842105,0.006578947368421052
QR01125,2025-04-06,Line D,Device Delta,Morning,OP015,M-101,242,12,2,10,8.56,Calibration,7115.27,230,0.049586776859504134,0.9504132231404959,0.04132231404958678,0.008264462809917356
QR01126,2025-05-18,Line D,Device Beta,Evening,OP021,M-104,116,6,2,4,0.08,Electrical,3758.23,110,0.05172413793103448,0.9482758620689655,0.034482758620689655,0.017241379310344827
QR01127,2025-10-13,Line B,Device Alpha,Night,OP016,M-106,236,9,2,7,1.19,Calibration,5090.77,227,0.038135593220338986,0.961864406779661,0.029661016949152543,0.00847457627118644
QR01128,2025-05-16,Line B,Device Delta,Night,OP021,M-103,265,14,6,8,0.96,Material,7409.61,251,0.052830188679245285,0.9471698113207547,0.03018867924528302,0.022641509433962263
QR01129,2025-05-21,Line C,Device Beta,Night,OP024,M-105,194,7,2,5,0.7,Assembly,3074.03,187,0.03608247422680412,0.9639175257731959,0.02577319587628866,0.010309278350515464
QR01130,2025-05-06,Line C,Device Delta,Night,OP004,M-105,200,5,2,3,2.98,Assembly,1839.15,195,0.025,0.975,0.015,0.01
QR01131,2025-06-21,Line B,Device Delta,Morning,OP014,M-102,266,9,4,5,1.55,Assembly,3262.75,257,0.03383458646616541,0.9661654135338346,0.018796992481203006,0.015037593984962405
QR01132,2025-09-30,Line B,Device Alpha,Morning,OP027,M-102,187,6,3,3,1.02,Process,2375.93,181,0.03208556149732621,0.9679144385026738,0.016042780748663103,0.016042780748663103
QR01133,2025-11-16,Line B,Device Delta,Evening,OP030,M-106,149,7,2,5,2.96,Assembly,2907.82,142,0.04697986577181208,0.9530201342281879,0.03355704697986577,0.013422818791946308
QR01134,2025-10-18,Line C,Device Alpha,Morning,OP009,M-101,180,2,1,1,4.27,Process,688.0,178,0.011111111111111112,0.9888888888888889,0.005555555555555556,0.005555555555555556
QR01135,2025-11-04,Line D,Device Delta,Evening,OP005,M-103,192,9,1,8,1.89,Assembly,4315.37,183,0.046875,0.953125,0.041666666666666664,0.005208333333333333
QR01136,2025-12-05,Line B,Device Gamma,Night,OP022,M-104,277,10,3,7,1.4,Calibration,5408.46,267,0.036101083032490974,0.9638989169675091,0.02527075812274368,0.010830324909747292
QR01137,2025-07-19,Line A,Device Beta,Evening,OP025,M-101,222,6,2,4,2.55,Assembly,2372.25,216,0.02702702702702703,0.972972972972973,0.018018018018018018,0.009009009009009009
QR01138,2025-08-08,Line B,Device Gamma,Morning,OP015,M-101,224,7,1,6,0.59,Electrical,5179.06,217,0.03125,0.96875,0.026785714285714284,0.004464285714285714
QR01139,2025-03-14,Line A,Device Delta,Morning,OP021,M-102,137,4,1,3,2.51,Material,2446.44,133,0.029197080291970802,0.9708029197080292,0.021897810218978103,0.0072992700729927005
QR01140,2025-06-29,Line B,Device Alpha,Evening,OP028,M-103,127,3,1,2,2.91,Assembly,1267.52,124,0.023622047244094488,0.9763779527559056,0.015748031496062992,0.007874015748031496
QR01141,2025-04-17,Line B,Device Beta,Evening,OP021,M-104,251,15,5,10,1.83,Material,8615.13,236,0.05976095617529881,0.9402390438247012,0.0398406374501992,0.0199203187250996
QR01142,2025-05-10,Line A,Device Alpha,Night,OP014,M-102,169,4,2,2,1.19,Assembly,1272.84,165,0.023668639053254437,0.9763313609467456,0.011834319526627219,0.011834319526627219
QR01143,2025-08-23,Line C,Device Beta,Morning,OP013,M-102,224,4,1,3,5.28,Material,2497.98,220,0.017857142857142856,0.9821428571428571,0.013392857142857142,0.004464285714285714
QR01144,2025-09-03,Line C,Device Delta,Night,OP023,M-106,202,4,1,3,0.58,Calibration,2236.36,198,0.019801980198019802,0.9801980198019802,0.01485148514851485,0.0049504950495049506
QR01145,2025-11-19,Line C,Device Delta,Evening,OP006,M-101,220,5,1,4,3.86,Electrical,3532.65,215,0.022727272727272728,0.9772727272727273,0.01818181818181818,0.004545454545454545
QR01146,2025-07-26,Line A,Device Beta,Night,OP020,M-106,236,8,2,6,2.53,Packaging,1991.62,228,0.03389830508474576,0.9661016949152542,0.025423728813559324,0.00847457627118644
QR01147,2025-01-13,Line C,Device Gamma,Evening,OP024,M-103,278,2,1,1,3.09,Material,989.61,276,0.007194244604316547,0.9928057553956835,0.0035971223021582736,0.0035971223021582736
QR01148,2025-05-26,Line A,Device Alpha,Morning,OP002,M-101,228,6,3,3,0.54,Electrical,2986.08,222,0.02631578947368421,0.9736842105263158,0.013157894736842105,0.013157894736842105
QR01149,2025-04-25,Line D,Device Delta,Night,OP002,M-103,122,6,2,4,0.72,Assembly,2264.22,116,0.04918032786885246,0.9508196721311475,0.03278688524590164,0.01639344262295082
QR01150,2025-05-17,Line D,Device Delta,Night,OP019,M-106,213,15,6,9,0.58,Assembly,5426.12,198,0.07042253521126761,0.9295774647887324,0.04225352112676056,0.028169014084507043
QR01151,2025-06-04,Line C,Device Alpha,Evening,OP011,M-104,128,3,1,2,0.62,Calibration,1525.28,125,0.0234375,0.9765625,0.015625,0.0078125
QR01152,2025-11-02,Line B,Device Beta,Evening,OP012,M-105,176,10,3,7,0.65,Calibration,5293.63,166,0.056818181818181816,0.9431818181818182,0.03977272727272727,0.017045454545454544
QR01153,2025-10-01,Line C,Device Gamma,Evening,OP010,M-102,197,5,1,4,1.78,Material,3199.51,192,0.025380710659898477,0.9746192893401016,0.02030456852791878,0.005076142131979695
QR01154,2025-10-12,Line D,Device Gamma,Night,OP025,M-104,96,4,1,3,2.19,Material,2446.8,92,0.041666666666666664,0.9583333333333334,0.03125,0.010416666666666666
QR01155,2025-01-30,Line D,Device Delta,Evening,OP009,M-103,187,13,4,9,0.78,Material,7398.75,174,0.06951871657754011,0.93048128342246,0.0481283422459893,0.0213903743315508
QR01156,2025-11-24,Line B,Device Gamma,Evening,OP012,M-106,160,4,2,2,0.36,Assembly,1349.24,156,0.025,0.975,0.0125,0.0125
QR01157,2025-10-30,Line D,Device Gamma,Evening,OP019,M-104,253,14,3,11,3.12,Electrical,9911.26,239,0.05533596837944664,0.9446640316205533,0.043478260869565216,0.011857707509881422
QR01158,2025-11-18,Line C,Device Alpha,Evening,OP006,M-103,122,2,0,2,0.68,Process,1180.0,120,0.01639344262295082,0.9836065573770492,0.01639344262295082,0.0
QR01159,2025-01-04,Line A,Device Alpha,Morning,OP025,M-106,234,4,1,3,1.11,Process,1879.23,230,0.017094017094017096,0.9829059829059829,0.01282051282051282,0.004273504273504274
QR01160,2025-11-12,Line B,Device Beta,Morning,OP027,M-101,254,9,3,6,1.86,Packaging,2230.43,245,0.03543307086614173,0.9645669291338582,0.023622047244094488,0.011811023622047244
QR01161,2025-10-19,Line A,Device Alpha,Night,OP011,M-105,93,4,1,3,9.55,Packaging,940.62,89,0.043010752688172046,0.956989247311828,0.03225806451612903,0.010752688172043012
QR01162,2025-01-03,Line D,Device Beta,Morning,OP014,M-105,139,8,3,5,1.59,Calibration,3825.21,131,0.05755395683453238,0.9424460431654677,0.03597122302158273,0.02158273381294964
QR01163,2025-04-09,Line D,Device Alpha,Evening,OP002,M-106,113,5,2,3,4.4,Assembly,1840.59,108,0.04424778761061947,0.9557522123893806,0.02654867256637168,0.017699115044247787
QR01164,2025-05-16,Line B,Device Gamma,Night,OP013,M-104,268,7,3,4,1.72,Electrical,3858.86,261,0.026119402985074626,0.9738805970149254,0.014925373134328358,0.011194029850746268
QR01165,2025-04-07,Line D,Device Delta,Evening,OP008,M-104,141,7,3,4,0.19,Material,3391.01,134,0.04964539007092199,0.950354609929078,0.028368794326241134,0.02127659574468085
QR01166,2025-01-17,Line B,Device Gamma,Night,OP030,M-101,166,3,1,2,1.29,Calibration,1536.32,163,0.018072289156626505,0.9819277108433735,0.012048192771084338,0.006024096385542169
QR01167,2025-08-04,Line C,Device Alpha,Night,OP017,M-105,246,5,1,4,0.48,Process,2490.1,241,0.02032520325203252,0.9796747967479674,0.016260162601626018,0.0040650406504065045
QR01168,2025-01-23,Line C,Device Alpha,Night,OP013,M-101,161,2,1,1,0.97,Packaging,432.04,159,0.012422360248447204,0.9875776397515528,0.006211180124223602,0.006211180124223602
QR01169,2025-12-23,Line D,Device Beta,Morning,OP006,M-105,158,10,3,7,0.66,Assembly,4106.65,148,0.06329113924050633,0.9367088607594937,0.04430379746835443,0.0189873417721519
QR01170,2025-01-16,Line A,Device Beta,Evening,OP004,M-101,248,6,1,5,0.91,Assembly,2690.93,242,0.024193548387096774,0.9758064516129032,0.020161290322580645,0.004032258064516129
QR01171,2025-03-22,Line B,Device Beta,Morning,OP012,M-102,277,10,3,7,0.78,Material,6029.05,267,0.036101083032490974,0.9638989169675091,0.02527075812274368,0.010830324909747292
QR01172,2025-10-08,Line D,Device Beta,Morning,OP021,M-103,171,9,2,7,2.83,Electrical,6339.6,162,0.05263157894736842,0.9473684210526315,0.04093567251461988,0.011695906432748537
QR01173,2025-12-09,Line B,Device Delta,Morning,OP015,M-103,261,10,4,6,2.18,Electrical,5697.98,251,0.038314176245210725,0.9616858237547893,0.022988505747126436,0.01532567049808429
QR01174,2025-06-01,Line A,Device Gamma,Night,OP029,M-103,258,5,1,4,1.05,Material,3265.42,253,0.01937984496124031,0.9806201550387597,0.015503875968992248,0.003875968992248062
QR01175,2025-03-30,Line B,Device Delta,Evening,OP014,M-106,128,5,2,3,2.06,Electrical,2777.13,123,0.0390625,0.9609375,0.0234375,0.015625
QR01176,2025-05-07,Line A,Device Beta,Morning,OP020,M-106,128,6,1,5,1.11,Calibration,3569.17,122,0.046875,0.953125,0.0390625,0.0078125
QR01177,2025-11-24,Line B,Device Alpha,Night,OP027,M-102,151,4,1,3,4.34,Electrical,2720.71,147,0.026490066225165563,0.9735099337748344,0.019867549668874173,0.006622516556291391
QR01178,2025-08-04,Line A,Device Beta,Morning,OP015,M-102,190,7,2,5,0.76,Electrical,4509.36,183,0.03684210526315789,0.9631578947368421,0.02631578947368421,0.010526315789473684
QR01179,2025-06-11,Line A,Device Delta,Morning,OP024,M-105,230,5,1,4,2.02,Assembly,2238.68,225,0.021739130434782608,0.9782608695652174,0.017391304347826087,0.004347826086956522
QR01180,2025-12-22,Line A,Device Gamma,Evening,OP017,M-104,146,2,0,2,0.69,Calibration,1360.0,144,0.0136986301369863,0.9863013698630136,0.0136986301369863,0.0
QR01181,2025-04-23,Line B,Device Alpha,Night,OP027,M-101,180,10,3,7,0.71,Assembly,4139.21,170,0.05555555555555555,0.9444444444444444,0.03888888888888889,0.016666666666666666
QR01182,2025-11-15,Line D,Device Beta,Morning,OP019,M-104,225,14,2,12,2.96,Assembly,6619.38,211,0.06222222222222222,0.9377777777777778,0.05333333333333334,0.008888888888888889
QR01183,2025-08-10,Line A,Device Delta,Night,OP007,M-103,275,10,2,8,0.85,Electrical,6988.76,265,0.03636363636363636,0.9636363636363636,0.02909090909090909,0.007272727272727273
QR01184,2025-09-05,Line D,Device Gamma,Night,OP023,M-101,100,5,1,4,0.61,Material,3198.11,95,0.05,0.95,0.04,0.01
QR01185,2025-07-04,Line C,Device Beta,Morning,OP023,M-103,90,2,1,1,1.02,Calibration,862.7,88,0.022222222222222223,0.9777777777777777,0.011111111111111112,0.011111111111111112
QR01186,2025-02-17,Line C,Device Beta,Morning,OP016,M-102,208,5,2,3,3.99,Electrical,2994.27,203,0.02403846153846154,0.9759615384615384,0.014423076923076924,0.009615384615384616
QR01187,2025-06-05,Line A,Device Alpha,Night,OP028,M-106,173,7,1,6,0.32,Electrical,5232.58,166,0.04046242774566474,0.9595375722543352,0.03468208092485549,0.005780346820809248
QR01188,2025-08-12,Line A,Device Alpha,Night,OP008,M-103,168,4,1,3,5.37,Process,1995.23,164,0.023809523809523808,0.9761904761904762,0.017857142857142856,0.005952380952380952
QR01189,2025-03-13,Line A,Device Alpha,Evening,OP008,M-103,231,6,2,4,0.88,Assembly,2558.1,225,0.025974025974025976,0.974025974025974,0.017316017316017316,0.008658008658008658
QR01190,2025-02-15,Line C,Device Gamma,Evening,OP028,M-102,108,1,0,1,2.1,Packaging,260.0,107,0.009259259259259259,0.9907407407407407,0.009259259259259259,0.0
QR01191,2025-11-08,Line D,Device Delta,Evening,OP009,M-105,123,7,2,5,1.8,Electrical,4567.98,116,0.056910569105691054,0.943089430894309,0.04065040650406504,0.016260162601626018
QR01192,2025-06-08,Line B,Device Beta,Morning,OP016,M-106,259,9,4,5,2.22,Packaging,1760.28,250,0.03474903474903475,0.9652509652509652,0.019305019305019305,0.015444015444015444
QR01193,2025-01-01,Line C,Device Beta,Evening,OP029,M-103,186,4,2,2,1.75,Assembly,1360.34,182,0.021505376344086023,0.978494623655914,0.010752688172043012,0.010752688172043012
QR01194,2025-12-30,Line C,Device Alpha,Evening,OP022,M-104,120,3,0,3,3.35,Packaging,780.0,117,0.025,0.975,0.025,0.0
QR01195,2025-01-19,Line D,Device Delta,Morning,OP027,M-102,224,11,4,7,3.74,Packaging,2590.71,213,0.049107142857142856,0.9508928571428571,0.03125,0.017857142857142856
QR01196,2025-01-01,Line A,Device Delta,Morning,OP022,M-106,146,4,1,3,1.53,Material,2432.33,142,0.0273972602739726,0.9726027397260274,0.02054794520547945,0.00684931506849315
QR01197,2025-06-21,Line C,Device Delta,Morning,OP027,M-104,192,4,2,2,0.36,Material,1910.07,188,0.020833333333333332,0.9791666666666666,0.010416666666666666,0.010416666666666666
QR01198,2025-01-11,Line D,Device Delta,Night,OP013,M-104,250,17,8,9,0.45,Process,6259.74,233,0.068,0.932,0.036,0.032
QR01199,2025-07-24,Line A,Device Delta,Morning,OP001,M-101,203,7,1,6,0.8,Assembly,3227.55,196,0.034482758620689655,0.9655172413793104,0.029556650246305417,0.0049261083743842365
QR01200,2025-11-16,Line A,Device Beta,Morning,OP023,M-102,168,4,1,3,3.29,Assembly,1786.33,164,0.023809523809523808,0.9761904761904762,0.017857142857142856,0.005952380952380952
QR01201,2025-06-06,Line B,Device Delta,Morning,OP013,M-102,213,9,3,6,0.47,Material,4973.6,204,0.04225352112676056,0.9577464788732394,0.028169014084507043,0.014084507042253521
QR01202,2025-10-10,Line B,Device Alpha,Evening,OP025,M-103,189,8,1,7,1.94,Process,4286.9,181,0.042328042328042326,0.9576719576719577,0.037037037037037035,0.005291005291005291
QR01203,2025-10-30,Line D,Device Delta,Morning,OP007,M-104,273,18,7,11,2.17,Calibration,8619.65,255,0.06593406593406594,0.9340659340659341,0.040293040293040296,0.02564102564102564
QR01204,2025-05-17,Line A,Device Alpha,Night,OP021,M-103,106,4,2,2,1.92,Electrical,1938.04,102,0.03773584905660377,0.9622641509433962,0.018867924528301886,0.018867924528301886
QR01205,2025-07-21,Line D,Device Beta,Night,OP015,M-101,183,9,3,6,4.07,Packaging,2112.72,174,0.04918032786885246,0.9508196721311475,0.03278688524590164,0.01639344262295082
QR01206,2025-06-14,Line A,Device Alpha,Morning,OP012,M-103,204,4,1,3,0.05,Packaging,1018.5,200,0.0196078431372549,0.9803921568627451,0.014705882352941176,0.004901960784313725
QR01207,2025-11-20,Line C,Device Beta,Morning,OP020,M-106,272,5,1,4,0.65,Material,3157.57,267,0.01838235294117647,0.9816176470588235,0.014705882352941176,0.003676470588235294
QR01208,2025-07-09,Line A,Device Beta,Evening,OP024,M-101,192,4,1,3,1.23,Assembly,1716.69,188,0.020833333333333332,0.9791666666666666,0.015625,0.005208333333333333
QR01209,2025-11-07,Line A,Device Delta,Night,OP004,M-106,137,6,2,4,0.85,Material,3316.7,131,0.043795620437956206,0.9562043795620438,0.029197080291970802,0.014598540145985401
QR01210,2025-06-09,Line C,Device Gamma,Evening,OP008,M-105,213,1,0,1,0.98,Electrical,840.0,212,0.004694835680751174,0.9953051643192489,0.004694835680751174,0.0
QR01211,2025-06-07,Line B,Device Delta,Evening,OP012,M-106,98,4,1,3,0.52,Calibration,2155.03,94,0.04081632653061224,0.9591836734693877,0.030612244897959183,0.01020408163265306
QR01212,2025-02-21,Line D,Device Alpha,Morning,OP006,M-104,271,16,5,11,1.72,Calibration,7965.51,255,0.05904059040590406,0.940959409594096,0.04059040590405904,0.01845018450184502
QR01213,2025-07-08,Line C,Device Alpha,Evening,OP003,M-103,229,5,1,4,0.92,Assembly,2182.04,224,0.021834061135371178,0.9781659388646288,0.017467248908296942,0.004366812227074236
QR01214,2025-02-05,Line A,Device Alpha,Night,OP019,M-103,242,2,0,2,1.85,Material,1520.0,240,0.008264462809917356,0.9917355371900827,0.008264462809917356,0.0
QR01215,2025-07-24,Line A,Device Gamma,Night,OP030,M-101,250,10,2,8,2.38,Assembly,4492.3,240,0.04,0.96,0.032,0.008
QR01216,2025-04-09,Line C,Device Gamma,Morning,OP026,M-104,95,0,0,0,2.1,Packaging,0.0,95,0.0,1.0,0.0,0.0
QR01217,2025-11-14,Line C,Device Delta,Evening,OP009,M-105,258,11,2,9,0.21,Material,7127.59,247,0.04263565891472868,0.9573643410852714,0.03488372093023256,0.007751937984496124
QR01218,2025-04-20,Line B,Device Gamma,Morning,OP025,M-101,164,5,2,3,1.2,Electrical,2746.62,159,0.03048780487804878,0.9695121951219512,0.018292682926829267,0.012195121951219513
QR01219,2025-09-18,Line A,Device Beta,Evening,OP004,M-105,230,5,1,4,2.04,Assembly,2173.26,225,0.021739130434782608,0.9782608695652174,0.017391304347826087,0.004347826086956522
QR01220,2025-10-02,Line A,Device Gamma,Evening,OP021,M-104,236,5,1,4,0.98,Electrical,3516.81,231,0.0211864406779661,0.9788135593220338,0.01694915254237288,0.00423728813559322
QR01221,2025-10-09,Line B,Device Beta,Morning,OP029,M-103,193,9,1,8,5.07,Electrical,6861.71,184,0.046632124352331605,0.9533678756476683,0.04145077720207254,0.0051813471502590676
QR01222,2025-11-05,Line D,Device Alpha,Morning,OP005,M-104,262,15,3,12,1.41,Process,7585.69,247,0.05725190839694656,0.9427480916030534,0.04580152671755725,0.011450381679389313
QR01223,2025-06-22,Line A,Device Beta,Evening,OP006,M-104,132,3,0,3,0.89,Calibration,2040.0,129,0.022727272727272728,0.9772727272727273,0.022727272727272728,0.0
QR01224,2025-09-17,Line B,Device Alpha,Evening,OP025,M-102,128,4,1,3,1.34,Assembly,1666.55,124,0.03125,0.96875,0.0234375,0.0078125
QR01225,2025-02-07,Line D,Device Delta,Evening,OP004,M-104,233,14,5,9,2.19,Packaging,2840.53,219,0.060085836909871244,0.9399141630901288,0.03862660944206009,0.02145922746781116
QR01226,2025-07-13,Line B,Device Alpha,Night,OP014,M-105,263,9,3,6,2.4,Packaging,2261.27,254,0.034220532319391636,0.9657794676806084,0.022813688212927757,0.011406844106463879
QR01227,2025-02-28,Line D,Device Gamma,Morning,OP002,M-102,91,6,2,4,0.61,Calibration,3151.32,85,0.06593406593406594,0.9340659340659341,0.04395604395604396,0.02197802197802198
QR01228,2025-04-25,Line A,Device Gamma,Night,OP020,M-103,235,4,1,3,0.12,Material,2388.41,231,0.01702127659574468,0.9829787234042553,0.01276595744680851,0.00425531914893617
QR01229,2025-05-28,Line B,Device Beta,Evening,OP017,M-106,262,9,2,7,1.42,Electrical,6145.16,253,0.03435114503816794,0.9656488549618321,0.026717557251908396,0.007633587786259542
QR01230,2025-01-04,Line D,Device Alpha,Morning,OP027,M-106,255,10,3,7,0.55,Assembly,4227.51,245,0.0392156862745098,0.9607843137254902,0.027450980392156862,0.011764705882352941
QR01231,2025-10-13,Line B,Device Gamma,Evening,OP025,M-106,102,3,1,2,0.68,Electrical,1896.57,99,0.029411764705882353,0.9705882352941176,0.0196078431372549,0.00980392156862745
QR01232,2025-02-16,Line B,Device Beta,Evening,OP028,M-105,154,7,1,6,1.37,Material,4722.64,147,0.045454545454545456,0.9545454545454546,0.03896103896103896,0.006493506493506494
QR01233,2025-11-12,Line C,Device Beta,Evening,OP026,M-101,232,5,1,4,1.31,Process,2534.32,227,0.021551724137931036,0.978448275862069,0.017241379310344827,0.004310344827586207
QR01234,2025-08-27,Line C,Device Delta,Night,OP004,M-103,204,7,1,6,1.82,Packaging,1790.1,197,0.03431372549019608,0.9656862745098039,0.029411764705882353,0.004901960784313725
QR01235,2025-03-12,Line A,Device Delta,Evening,OP004,M-101,239,9,3,6,1.55,Assembly,3634.85,230,0.03765690376569038,0.9623430962343096,0.02510460251046025,0.012552301255230125
QR01236,2025-10-28,Line B,Device Beta,Morning,OP016,M-106,197,9,2,7,1.7,Material,5704.41,188,0.04568527918781726,0.9543147208121827,0.03553299492385787,0.01015228426395939
QR01237,2025-09-14,Line A,Device Gamma,Morning,OP015,M-103,259,4,0,4,2.51,Assembly,2080.0,255,0.015444015444015444,0.9845559845559846,0.015444015444015444,0.0
QR01238,2025-01-09,Line B,Device Alpha,Evening,OP028,M-105,251,9,3,6,0.73,Assembly,3804.99,242,0.035856573705179286,0.9641434262948207,0.02390438247011952,0.01195219123505976
QR01239,2025-02-05,Line B,Device Delta,Morning,OP010,M-106,257,11,4,7,5.05,Calibration,5163.57,246,0.042801556420233464,0.9571984435797666,0.027237354085603113,0.01556420233463035
QR01240,2025-09-06,Line C,Device Alpha,Morning,OP014,M-103,200,6,2,4,1.02,Calibration,3034.11,194,0.03,0.97,0.02,0.01
QR01241,2025-05-05,Line D,Device Gamma,Morning,OP010,M-103,262,9,2,7,1.21,Electrical,6084.04,253,0.03435114503816794,0.9656488549618321,0.026717557251908396,0.007633587786259542
QR01242,2025-10-26,Line C,Device Gamma,Evening,OP029,M-106,133,1,0,1,1.71,Packaging,260.0,132,0.007518796992481203,0.9924812030075187,0.007518796992481203,0.0
QR01243,2025-08-11,Line C,Device Delta,Morning,OP012,M-106,213,6,3,3,3.94,Assembly,2101.12,207,0.028169014084507043,0.971830985915493,0.014084507042253521,0.014084507042253521
QR01244,2025-09-14,Line B,Device Gamma,Morning,OP009,M-101,261,5,1,4,1.72,Electrical,3539.75,256,0.019157088122605363,0.9808429118773946,0.01532567049808429,0.0038314176245210726
QR01245,2025-11-08,Line A,Device Gamma,Morning,OP001,M-101,155,4,1,3,1.89,Packaging,922.85,151,0.025806451612903226,0.9741935483870968,0.01935483870967742,0.0064516129032258064
QR01246,2025-03-31,Line D,Device Delta,Night,OP004,M-105,187,11,4,7,1.49,Material,5877.61,176,0.058823529411764705,0.9411764705882353,0.0374331550802139,0.0213903743315508
QR01247,2025-03-03,Line B,Device Gamma,Morning,OP005,M-104,165,8,3,5,6.84,Calibration,3997.93,157,0.048484848484848485,0.9515151515151515,0.030303030303030304,0.01818181818181818
QR01248,2025-08-17,Line C,Device Alpha,Night,OP010,M-101,181,4,1,3,0.26,Assembly,1683.96,177,0.022099447513812154,0.9779005524861878,0.016574585635359115,0.0055248618784530384
QR01249,2025-01-04,Line A,Device Delta,Night,OP013,M-103,141,4,1,3,0.23,Material,2427.22,137,0.028368794326241134,0.9716312056737588,0.02127659574468085,0.0070921985815602835
QR01250,2025-09-16,Line A,Device Beta,Evening,OP006,M-105,236,3,0,3,1.16,Material,2280.0,233,0.012711864406779662,0.9872881355932204,0.012711864406779662,0.0
QR01251,2025-10-02,Line A,Device Beta,Night,OP018,M-101,168,3,1,2,0.8,Assembly,1235.8,165,0.017857142857142856,0.9821428571428571,0.011904761904761904,0.005952380952380952
QR01252,2025-10-06,Line B,Device Delta,Morning,OP026,M-105,213,11,4,7,1.38,Assembly,4122.95,202,0.051643192488262914,0.9483568075117371,0.03286384976525822,0.018779342723004695
QR01253,2025-05-14,Line C,Device Alpha,Morning,OP023,M-102,147,4,1,3,2.98,Assembly,1723.99,143,0.027210884353741496,0.9727891156462585,0.02040816326530612,0.006802721088435374
QR01254,2025-09-04,Line C,Device Beta,Evening,OP018,M-101,271,9,3,6,1.28,Assembly,3589.76,262,0.033210332103321034,0.966789667896679,0.02214022140221402,0.01107011070110701
QR01255,2025-04-10,Line A,Device Gamma,Evening,OP025,M-104,174,3,1,2,3.42,Calibration,1457.95,171,0.017241379310344827,0.9827586206896551,0.011494252873563218,0.005747126436781609
QR01256,2025-10-03,Line D,Device Alpha,Morning,OP021,M-102,153,6,1,5,0.5,Calibration,3604.96,147,0.0392156862745098,0.9607843137254902,0.032679738562091505,0.006535947712418301
QR01257,2025-10-30,Line A,Device Beta,Night,OP007,M-103,260,5,1,4,0.83,Calibration,2958.11,255,0.019230769230769232,0.9807692307692307,0.015384615384615385,0.0038461538461538464
QR01258,2025-01-06,Line B,Device Delta,Evening,OP001,M-101,269,15,3,12,1.39,Assembly,6529.33,254,0.055762081784386616,0.9442379182156134,0.04460966542750929,0.011152416356877323
QR01259,2025-10-08,Line A,Device Gamma,Morning,OP014,M-101,123,1,0,1,0.7,Material,760.0,122,0.008130081300813009,0.991869918699187,0.008130081300813009,0.0
QR01260,2025-05-06,Line A,Device Delta,Morning,OP028,M-105,244,8,3,5,4.79,Process,3658.38,236,0.03278688524590164,0.9672131147540983,0.020491803278688523,0.012295081967213115
QR01261,2025-08-25,Line C,Device Gamma,Night,OP008,M-106,274,1,0,1,1.48,Packaging,260.0,273,0.0036496350364963502,0.9963503649635036,0.0036496350364963502,0.0
QR01262,2025-01-18,Line B,Device Gamma,Evening,OP008,M-103,94,4,1,3,2.28,Assembly,1737.67,90,0.0425531914893617,0.9574468085106383,0.031914893617021274,0.010638297872340425
QR01263,2025-08-06,Line A,Device Beta,Night,OP018,M-102,246,8,1,7,2.64,Material,5509.5,238,0.032520325203252036,0.967479674796748,0.028455284552845527,0.0040650406504065045
QR01264,2025-02-19,Line A,Device Delta,Morning,OP001,M-104,179,7,2,5,4.69,Material,4198.03,172,0.03910614525139665,0.9608938547486033,0.027932960893854747,0.0111731843575419
QR01265,2025-04-08,Line C,Device Beta,Night,OP001,M-105,248,5,2,3,0.97,Material,2745.86,243,0.020161290322580645,0.9798387096774194,0.012096774193548387,0.008064516129032258
QR01266,2025-10-28,Line C,Device Beta,Evening,OP006,M-103,156,5,2,3,1.61,Electrical,2706.6,151,0.03205128205128205,0.967948717948718,0.019230769230769232,0.01282051282051282
QR01267,2025-09-21,Line A,Device Alpha,Evening,OP018,M-105,240,8,2,6,0.83,Assembly,3350.58,232,0.03333333333333333,0.9666666666666667,0.025,0.008333333333333333
QR01268,2025-02-26,Line B,Device Alpha,Night,OP016,M-102,268,8,3,5,4.43,Material,4334.15,260,0.029850746268656716,0.9701492537313433,0.018656716417910446,0.011194029850746268
QR01269,2025-09-22,Line D,Device Gamma,Evening,OP018,M-104,141,8,3,5,2.62,Assembly,2972.97,133,0.05673758865248227,0.9432624113475178,0.03546099290780142,0.02127659574468085
QR01270,2025-06-18,Line D,Device Beta,Morning,OP020,M-104,156,9,4,5,1.19,Assembly,3529.79,147,0.057692307692307696,0.9423076923076923,0.03205128205128205,0.02564102564102564
QR01271,2025-01-09,Line A,Device Beta,Evening,OP007,M-101,142,4,1,3,2.06,Process,1869.63,138,0.028169014084507043,0.971830985915493,0.02112676056338028,0.007042253521126761
QR01272,2025-06-10,Line D,Device Beta,Evening,OP012,M-105,145,7,2,5,4.07,Packaging,1707.74,138,0.04827586206896552,0.9517241379310345,0.034482758620689655,0.013793103448275862
QR01273,2025-03-02,Line D,Device Beta,Evening,OP009,M-106,94,5,1,4,1.05,Packaging,1250.2,89,0.05319148936170213,0.9468085106382979,0.0425531914893617,0.010638297872340425
QR01274,2025-12-12,Line B,Device Gamma,Morning,OP005,M-103,125,5,2,3,2.24,Calibration,2294.33,120,0.04,0.96,0.024,0.016
QR01275,2025-06-29,Line B,Device Alpha,Evening,OP002,M-106,180,6,2,4,2.63,Assembly,2553.47,174,0.03333333333333333,0.9666666666666667,0.022222222222222223,0.011111111111111112
QR01276,2025-10-13,Line C,Device Alpha,Night,OP004,M-103,231,3,1,2,1.65,Process,1338.23,228,0.012987012987012988,0.987012987012987,0.008658008658008658,0.004329004329004329
QR01277,2025-09-17,Line B,Device Gamma,Evening,OP016,M-103,110,3,1,2,1.36,Electrical,1823.32,107,0.02727272727272727,0.9727272727272728,0.01818181818181818,0.00909090909090909
QR01278,2025-05-14,Line C,Device Beta,Evening,OP006,M-101,103,2,0,2,4.89,Electrical,1680.0,101,0.019417475728155338,0.9805825242718447,0.019417475728155338,0.0
QR01279,2025-11-01,Line C,Device Delta,Morning,OP001,M-102,129,4,2,2,0.98,Calibration,1578.0,125,0.031007751937984496,0.9689922480620154,0.015503875968992248,0.015503875968992248
QR01280,2025-07-08,Line A,Device Alpha,Evening,OP005,M-106,198,2,1,1,1.4,Material,967.52,196,0.010101010101010102,0.98989898989899,0.005050505050505051,0.005050505050505051
QR01281,2025-08-23,Line B,Device Gamma,Night,OP008,M-102,121,2,0,2,1.2,Process,1180.0,119,0.01652892561983471,0.9834710743801653,0.01652892561983471,0.0
QR01282,2025-11-25,Line D,Device Gamma,Evening,OP014,M-104,191,9,4,5,3.49,Electrical,4784.5,182,0.04712041884816754,0.9528795811518325,0.02617801047120419,0.020942408376963352
QR01283,2025-05-01,Line C,Device Delta,Evening,OP017,M-104,97,3,1,2,0.63,Electrical,1897.28,94,0.030927835051546393,0.9690721649484536,0.020618556701030927,0.010309278350515464
QR01284,2025-05-08,Line A,Device Beta,Night,OP008,M-103,203,7,2,5,1.78,Calibration,3586.55,196,0.034482758620689655,0.9655172413793104,0.024630541871921183,0.009852216748768473
QR01285,2025-08-22,Line D,Device Alpha,Evening,OP016,M-106,276,13,3,10,0.58,Electrical,8671.09,263,0.04710144927536232,0.9528985507246377,0.036231884057971016,0.010869565217391304
QR01286,2025-04-27,Line C,Device Beta,Evening,OP018,M-104,201,5,2,3,2.38,Assembly,1784.06,196,0.024875621890547265,0.9751243781094527,0.014925373134328358,0.009950248756218905
QR01287,2025-02-27,Line A,Device Alpha,Evening,OP017,M-106,172,2,0,2,2.06,Assembly,1040.0,170,0.011627906976744186,0.9883720930232558,0.011627906976744186,0.0
QR01288,2025-05-27,Line B,Device Delta,Morning,OP006,M-105,205,10,4,6,0.52,Calibration,4958.57,195,0.04878048780487805,0.9512195121951219,0.02926829268292683,0.01951219512195122
QR01289,2025-11-17,Line D,Device Alpha,Morning,OP009,M-103,186,9,1,8,1.28,Packaging,2236.92,177,0.04838709677419355,0.9516129032258065,0.043010752688172046,0.005376344086021506
QR01290,2025-08-22,Line C,Device Beta,Night,OP015,M-102,181,1,0,1,0.16,Calibration,680.0,180,0.0055248618784530384,0.994475138121547,0.0055248618784530384,0.0
QR01291,2025-12-24,Line D,Device Gamma,Morning,OP003,M-104,232,12,4,8,3.19,Material,6752.73,220,0.05172413793103448,0.9482758620689655,0.034482758620689655,0.017241379310344827
QR01292,2025-10-19,Line D,Device Beta,Morning,OP022,M-104,138,6,2,4,3.11,Material,3358.6,132,0.043478260869565216,0.9565217391304348,0.028985507246376812,0.014492753623188406
QR01293,2025-06-10,Line A,Device Gamma,Night,OP029,M-104,122,1,0,1,2.48,Packaging,260.0,121,0.00819672131147541,0.9918032786885246,0.00819672131147541,0.0
QR01294,2025-08-02,Line A,Device Gamma,Evening,OP029,M-106,230,4,1,3,3.22,Material,2507.34,226,0.017391304347826087,0.9826086956521739,0.013043478260869565,0.004347826086956522
QR01295,2025-12-10,Line C,Device Delta,Evening,OP014,M-106,140,1,0,1,1.45,Assembly,520.0,139,0.007142857142857143,0.9928571428571429,0.007142857142857143,0.0
QR01296,2025-03-21,Line A,Device Alpha,Evening,OP005,M-103,179,5,1,4,0.86,Process,2452.79,174,0.027932960893854747,0.9720670391061452,0.0223463687150838,0.00558659217877095
QR01297,2025-01-02,Line C,Device Gamma,Morning,OP005,M-105,271,4,2,2,2.35,Process,1414.15,267,0.014760147601476014,0.985239852398524,0.007380073800738007,0.007380073800738007
QR01298,2025-02-02,Line C,Device Beta,Night,OP030,M-101,194,4,1,3,0.45,Calibration,2196.68,190,0.020618556701030927,0.979381443298969,0.015463917525773196,0.005154639175257732
QR01299,2025-12-31,Line D,Device Alpha,Morning,OP002,M-105,231,13,3,10,3.13,Electrical,8674.07,218,0.05627705627705628,0.9437229437229437,0.04329004329004329,0.012987012987012988
QR01300,2025-09-15,Line B,Device Gamma,Morning,OP023,M-102,168,7,2,5,1.51,Process,3219.71,161,0.041666666666666664,0.9583333333333334,0.02976190476190476,0.011904761904761904
QR01301,2025-08-23,Line C,Device Gamma,Night,OP025,M-104,226,3,0,3,3.07,Assembly,1560.0,223,0.01327433628318584,0.9867256637168141,0.01327433628318584,0.0
QR01302,2025-03-23,Line B,Device Beta,Night,OP013,M-106,131,5,1,4,2.34,Assembly,2273.93,126,0.03816793893129771,0.9618320610687023,0.030534351145038167,0.007633587786259542
QR01303,2025-06-23,Line B,Device Gamma,Morning,OP009,M-103,120,4,1,3,0.43,Assembly,1709.57,116,0.03333333333333333,0.9666666666666667,0.025,0.008333333333333333
QR01304,2025-12-06,Line B,Device Beta,Evening,OP028,M-103,140,7,1,6,0.81,Assembly,3274.57,133,0.05,0.95,0.04285714285714286,0.007142857142857143
QR01305,2025-06-09,Line C,Device Delta,Night,OP027,M-103,106,1,0,1,2.65,Material,760.0,105,0.009433962264150943,0.9905660377358491,0.009433962264150943,0.0
QR01306,2025-11-03,Line D,Device Gamma,Evening,OP005,M-106,135,6,1,5,5.93,Assembly,2825.36,129,0.044444444444444446,0.9555555555555556,0.037037037037037035,0.007407407407407408
QR01307,2025-12-05,Line C,Device Alpha,Morning,OP010,M-104,171,2,1,1,0.79,Calibration,917.89,169,0.011695906432748537,0.9883040935672515,0.005847953216374269,0.005847953216374269
QR01308,2025-11-03,Line A,Device Delta,Evening,OP021,M-106,138,6,2,4,1.23,Assembly,2272.79,132,0.043478260869565216,0.9565217391304348,0.028985507246376812,0.014492753623188406
QR01309,2025-12-19,Line D,Device Beta,Morning,OP005,M-101,194,12,4,8,2.62,Electrical,7484.08,182,0.061855670103092786,0.9381443298969072,0.041237113402061855,0.020618556701030927
QR01310,2025-01-07,Line A,Device Alpha,Night,OP025,M-103,279,10,4,6,1.96,Assembly,3630.01,269,0.035842293906810034,0.96415770609319,0.021505376344086023,0.014336917562724014
QR01311,2025-01-22,Line C,Device Gamma,Morning,OP005,M-103,280,9,3,6,1.41,Electrical,5502.97,271,0.03214285714285714,0.9678571428571429,0.02142857142857143,0.010714285714285714
QR01312,2025-09-21,Line A,Device Gamma,Morning,OP002,M-104,134,3,1,2,3.54,Electrical,1818.28,131,0.022388059701492536,0.9776119402985075,0.014925373134328358,0.007462686567164179
QR01313,2025-09-05,Line A,Device Alpha,Morning,OP029,M-105,268,5,2,3,2.46,Process,2171.72,263,0.018656716417910446,0.9813432835820896,0.011194029850746268,0.007462686567164179
QR01314,2025-08-05,Line D,Device Gamma,Night,OP021,M-102,91,4,2,2,3.12,Assembly,1458.73,87,0.04395604395604396,0.9560439560439561,0.02197802197802198,0.02197802197802198
QR01315,2025-04-21,Line A,Device Alpha,Morning,OP017,M-102,156,4,2,2,3.96,Material,1898.18,152,0.02564102564102564,0.9743589743589743,0.01282051282051282,0.01282051282051282
QR01316,2025-11-30,Line D,Device Gamma,Morning,OP015,M-103,145,8,3,5,1.61,Material,4078.77,137,0.05517241379310345,0.9448275862068966,0.034482758620689655,0.020689655172413793
QR01317,2025-10-18,Line D,Device Beta,Evening,OP013,M-103,237,13,3,10,3.06,Calibration,7390.45,224,0.05485232067510549,0.9451476793248945,0.04219409282700422,0.012658227848101266
QR01318,2025-06-25,Line C,Device Gamma,Night,OP026,M-104,203,2,0,2,1.85,Material,1520.0,201,0.009852216748768473,0.9901477832512315,0.009852216748768473,0.0
QR01319,2025-12-28,Line D,Device Alpha,Morning,OP011,M-106,244,11,5,6,2.72,Process,4436.07,233,0.045081967213114756,0.9549180327868853,0.02459016393442623,0.020491803278688523
QR01320,2025-07-03,Line A,Device Beta,Night,OP008,M-102,263,8,3,5,1.06,Material,4510.03,255,0.030418250950570342,0.9695817490494296,0.019011406844106463,0.011406844106463879
QR01321,2025-04-21,Line C,Device Beta,Evening,OP028,M-103,191,4,1,3,1.3,Material,2464.11,187,0.020942408376963352,0.9790575916230366,0.015706806282722512,0.005235602094240838
QR01322,2025-01-10,Line C,Device Delta,Evening,OP012,M-105,122,4,1,3,1.56,Material,2482.37,118,0.03278688524590164,0.9672131147540983,0.02459016393442623,0.00819672131147541
QR01323,2025-07-09,Line B,Device Beta,Night,OP011,M-105,239,11,2,9,0.4,Process,5490.18,228,0.04602510460251046,0.9539748953974896,0.03765690376569038,0.008368200836820083
QR01324,2025-08-20,Line D,Device Alpha,Evening,OP028,M-102,98,5,1,4,5.31,Assembly,2225.96,93,0.05102040816326531,0.9489795918367347,0.04081632653061224,0.01020408163265306
QR01325,2025-10-19,Line B,Device Alpha,Morning,OP019,M-106,118,4,2,2,2.1,Calibration,1604.22,114,0.03389830508474576,0.9661016949152542,0.01694915254237288,0.01694915254237288
QR01326,2025-11-16,Line D,Device Delta,Morning,OP004,M-105,151,11,2,9,1.23,Process,5622.93,140,0.0728476821192053,0.9271523178807947,0.059602649006622516,0.013245033112582781
QR01327,2025-10-24,Line C,Device Beta,Morning,OP014,M-102,227,4,1,3,0.6,Assembly,1757.24,223,0.01762114537444934,0.9823788546255506,0.013215859030837005,0.004405286343612335
QR01328,2025-08-01,Line C,Device Delta,Evening,OP020,M-106,198,9,2,7,2.97,Process,4499.98,189,0.045454545454545456,0.9545454545454546,0.03535353535353535,0.010101010101010102
QR01329,2025-05-12,Line B,Device Beta,Evening,OP017,M-103,190,10,3,7,0.34,Assembly,3984.39,180,0.05263157894736842,0.9473684210526315,0.03684210526315789,0.015789473684210527
QR01330,2025-11-27,Line C,Device Beta,Evening,OP029,M-102,254,8,3,5,1.28,Electrical,4668.95,246,0.031496062992125984,0.968503937007874,0.01968503937007874,0.011811023622047244
QR01331,2025-09-07,Line A,Device Beta,Evening,OP001,M-101,248,8,3,5,2.93,Packaging,1758.07,240,0.03225806451612903,0.967741935483871,0.020161290322580645,0.012096774193548387
QR01332,2025-10-04,Line B,Device Gamma,Morning,OP017,M-103,95,4,1,3,4.29,Material,2493.2,91,0.042105263157894736,0.9578947368421052,0.031578947368421054,0.010526315789473684
QR01333,2025-10-14,Line B,Device Alpha,Morning,OP001,M-104,169,7,1,6,0.06,Assembly,3261.63,162,0.04142011834319527,0.9585798816568047,0.03550295857988166,0.005917159763313609
QR01334,2025-07-17,Line B,Device Alpha,Morning,OP028,M-101,225,10,1,9,0.79,Assembly,4798.49,215,0.044444444444444446,0.9555555555555556,0.04,0.0044444444444444444
QR01335,2025-02-12,Line C,Device Gamma,Evening,OP012,M-104,91,2,1,1,1.58,Material,982.22,89,0.02197802197802198,0.978021978021978,0.01098901098901099,0.01098901098901099
QR01336,2025-10-18,Line B,Device Beta,Night,OP003,M-102,159,6,2,4,5.28,Material,3365.84,153,0.03773584905660377,0.9622641509433962,0.025157232704402517,0.012578616352201259
QR01337,2025-05-10,Line C,Device Delta,Night,OP010,M-101,209,6,2,4,2.63,Packaging,1230.31,203,0.028708133971291867,0.9712918660287081,0.019138755980861243,0.009569377990430622
QR01338,2025-01-12,Line D,Device Delta,Night,OP012,M-104,188,10,3,7,0.97,Assembly,3953.36,178,0.05319148936170213,0.9468085106382979,0.03723404255319149,0.015957446808510637
QR01339,2025-06-24,Line B,Device Gamma,Evening,OP002,M-106,135,3,0,3,1.17,Packaging,780.0,132,0.022222222222222223,0.9777777777777777,0.022222222222222223,0.0
QR01340,2025-08-09,Line C,Device Delta,Morning,OP021,M-101,125,5,1,4,1.2,Calibration,2864.04,120,0.04,0.96,0.032,0.008
QR01341,2025-03-12,Line C,Device Gamma,Evening,OP008,M-103,214,3,1,2,3.06,Material,1617.23,211,0.014018691588785047,0.985981308411215,0.009345794392523364,0.004672897196261682
QR01342,2025-10-05,Line D,Device Gamma,Morning,OP003,M-103,192,8,2,6,2.79,Packaging,1769.48,184,0.041666666666666664,0.9583333333333334,0.03125,0.010416666666666666
QR01343,2025-04-17,Line B,Device Alpha,Night,OP025,M-105,150,6,2,4,0.26,Packaging,1422.29,144,0.04,0.96,0.02666666666666667,0.013333333333333334
QR01344,2025-09-04,Line B,Device Beta,Morning,OP028,M-105,94,3,1,2,2.08,Assembly,1218.28,91,0.031914893617021274,0.9680851063829787,0.02127659574468085,0.010638297872340425
QR01345,2025-02-20,Line B,Device Gamma,Morning,OP009,M-101,277,6,2,4,1.09,Electrical,3820.25,271,0.021660649819494584,0.9783393501805054,0.01444043321299639,0.007220216606498195
QR01346,2025-10-22,Line C,Device Alpha,Evening,OP019,M-102,191,2,1,1,1.87,Assembly,724.36,189,0.010471204188481676,0.9895287958115183,0.005235602094240838,0.005235602094240838
QR01347,2025-10-09,Line C,Device Beta,Evening,OP013,M-106,244,7,2,5,2.22,Assembly,2860.58,237,0.028688524590163935,0.9713114754098361,0.020491803278688523,0.00819672131147541
QR01348,2025-04-29,Line A,Device Delta,Evening,OP017,M-104,280,10,2,8,2.68,Calibration,5778.0,270,0.03571428571428571,0.9642857142857143,0.02857142857142857,0.007142857142857143
QR01349,2025-09-18,Line D,Device Beta,Night,OP010,M-105,104,6,1,5,2.31,Assembly,2720.2,98,0.057692307692307696,0.9423076923076923,0.04807692307692308,0.009615384615384616
QR01350,2025-06-28,Line B,Device Gamma,Night,OP019,M-105,136,5,1,4,1.14,Electrical,3531.01,131,0.03676470588235294,0.9632352941176471,0.029411764705882353,0.007352941176470588
QR01351,2025-04-15,Line B,Device Gamma,Evening,OP002,M-102,220,7,2,5,1.58,Calibration,3763.04,213,0.031818181818181815,0.9681818181818181,0.022727272727272728,0.00909090909090909
QR01352,2025-07-23,Line B,Device Alpha,Morning,OP022,M-105,142,6,2,4,0.74,Process,2604.98,136,0.04225352112676056,0.9577464788732394,0.028169014084507043,0.014084507042253521
QR01353,2025-06-11,Line C,Device Beta,Morning,OP007,M-101,194,6,1,5,3.74,Material,4020.01,188,0.030927835051546393,0.9690721649484536,0.02577319587628866,0.005154639175257732
QR01354,2025-03-29,Line C,Device Delta,Night,OP005,M-103,210,6,2,4,5.57,Process,2797.17,204,0.02857142857142857,0.9714285714285714,0.01904761904761905,0.009523809523809525
QR01355,2025-05-20,Line D,Device Gamma,Morning,OP022,M-102,199,6,1,5,5.06,Calibration,3613.58,193,0.03015075376884422,0.9698492462311558,0.02512562814070352,0.005025125628140704
QR01356,2025-06-27,Line D,Device Gamma,Morning,OP023,M-106,179,6,2,4,0.83,Material,3433.99,173,0.0335195530726257,0.9664804469273743,0.0223463687150838,0.0111731843575419
QR01357,2025-03-26,Line C,Device Gamma,Morning,OP025,M-104,221,4,1,3,4.26,Electrical,2696.63,217,0.01809954751131222,0.9819004524886877,0.013574660633484163,0.004524886877828055
QR01358,2025-04-03,Line C,Device Gamma,Evening,OP009,M-105,269,3,1,2,1.57,Assembly,1206.1,266,0.011152416356877323,0.9888475836431226,0.007434944237918215,0.0037174721189591076
QR01359,2025-07-02,Line B,Device Delta,Night,OP021,M-104,113,6,3,3,1.52,Process,2225.42,107,0.05309734513274336,0.9469026548672567,0.02654867256637168,0.02654867256637168
QR01360,2025-12-10,Line B,Device Alpha,Evening,OP023,M-106,172,7,2,5,1.78,Material,4082.74,165,0.040697674418604654,0.9593023255813954,0.029069767441860465,0.011627906976744186
QR01361,2025-05-06,Line A,Device Beta,Morning,OP012,M-105,142,6,1,5,2.08,Electrical,4438.52,136,0.04225352112676056,0.9577464788732394,0.035211267605633804,0.007042253521126761
QR01362,2025-11-20,Line A,Device Delta,Morning,OP018,M-103,251,10,2,8,0.68,Electrical,6909.09,241,0.0398406374501992,0.9601593625498008,0.03187250996015936,0.00796812749003984
QR01363,2025-09-15,Line C,Device Gamma,Morning,OP015,M-102,277,3,1,2,4.82,Assembly,1213.03,274,0.010830324909747292,0.9891696750902527,0.007220216606498195,0.0036101083032490976
QR01364,2025-04-07,Line A,Device Alpha,Night,OP022,M-101,208,6,1,5,1.52,Electrical,4348.88,202,0.028846153846153848,0.9711538461538461,0.02403846153846154,0.004807692307692308
QR01365,2025-06-02,Line A,Device Alpha,Morning,OP024,M-105,223,5,2,3,0.72,Process,2196.16,218,0.02242152466367713,0.9775784753363229,0.013452914798206279,0.008968609865470852
QR01366,2025-01-02,Line D,Device Delta,Evening,OP007,M-104,225,13,3,10,2.56,Electrical,9101.44,212,0.057777777777777775,0.9422222222222222,0.044444444444444446,0.013333333333333334
QR01367,2025-02-19,Line A,Device Delta,Morning,OP002,M-101,118,4,1,3,3.6,Process,2000.3,114,0.03389830508474576,0.9661016949152542,0.025423728813559324,0.00847457627118644
QR01368,2025-09-24,Line B,Device Alpha,Morning,OP011,M-102,245,8,2,6,2.49,Calibration,4419.59,237,0.0326530612244898,0.9673469387755103,0.024489795918367346,0.00816326530612245
QR01369,2025-11-02,Line C,Device Delta,Evening,OP020,M-106,106,2,1,1,4.74,Assembly,699.13,104,0.018867924528301886,0.9811320754716981,0.009433962264150943,0.009433962264150943
QR01370,2025-12-29,Line D,Device Alpha,Morning,OP028,M-105,115,5,2,3,3.46,Calibration,2303.07,110,0.043478260869565216,0.9565217391304348,0.02608695652173913,0.017391304347826087
QR01371,2025-03-15,Line B,Device Delta,Night,OP001,M-101,250,10,2,8,6.17,Electrical,7019.15,240,0.04,0.96,0.032,0.008
QR01372,2025-10-14,Line C,Device Beta,Evening,OP027,M-101,197,2,0,2,2.35,Material,1520.0,195,0.01015228426395939,0.9898477157360406,0.01015228426395939,0.0
QR01373,2025-06-11,Line B,Device Beta,Night,OP016,M-102,145,7,2,5,1.29,Material,4144.82,138,0.04827586206896552,0.9517241379310345,0.034482758620689655,0.013793103448275862
QR01374,2025-05-16,Line B,Device Alpha,Morning,OP025,M-106,215,9,2,7,1.08,Assembly,4012.47,206,0.04186046511627907,0.958139534883721,0.03255813953488372,0.009302325581395349
QR01375,2025-05-05,Line D,Device Beta,Morning,OP028,M-106,137,8,3,5,3.47,Material,4409.28,129,0.058394160583941604,0.9416058394160584,0.0364963503649635,0.021897810218978103
QR01376,2025-08-25,Line D,Device Alpha,Morning,OP016,M-101,240,10,4,6,1.4,Process,4423.33,230,0.041666666666666664,0.9583333333333334,0.025,0.016666666666666666
QR01377,2025-06-02,Line C,Device Gamma,Morning,OP020,M-105,142,2,0,2,2.2,Material,1520.0,140,0.014084507042253521,0.9859154929577465,0.014084507042253521,0.0
QR01378,2025-02-02,Line D,Device Delta,Night,OP012,M-106,147,9,4,5,0.82,Material,4643.71,138,0.061224489795918366,0.9387755102040817,0.034013605442176874,0.027210884353741496
QR01379,2025-10-20,Line C,Device Gamma,Evening,OP014,M-105,276,3,1,2,2.3,Calibration,1589.31,273,0.010869565217391304,0.9891304347826086,0.007246376811594203,0.0036231884057971015
QR01380,2025-10-02,Line D,Device Beta,Night,OP016,M-105,107,6,2,4,2.7,Process,2784.96,101,0.056074766355140186,0.9439252336448598,0.037383177570093455,0.018691588785046728
QR01381,2025-12-06,Line B,Device Gamma,Morning,OP005,M-105,257,7,1,6,1.95,Process,3714.35,250,0.027237354085603113,0.9727626459143969,0.023346303501945526,0.0038910505836575876
QR01382,2025-05-07,Line A,Device Gamma,Evening,OP017,M-103,266,6,2,4,2.57,Process,2564.09,260,0.022556390977443608,0.9774436090225563,0.015037593984962405,0.007518796992481203
QR01383,2025-12-13,Line B,Device Delta,Evening,OP015,M-105,157,8,2,6,3.82,Material,4782.64,149,0.050955414012738856,0.9490445859872612,0.03821656050955414,0.012738853503184714
QR01384,2025-06-02,Line D,Device Delta,Morning,OP010,M-106,114,7,2,5,2.25,Assembly,2974.05,107,0.06140350877192982,0.9385964912280702,0.043859649122807015,0.017543859649122806
QR01385,2025-04-09,Line B,Device Alpha,Night,OP025,M-102,237,9,2,7,1.62,Material,5725.37,228,0.0379746835443038,0.9620253164556962,0.029535864978902954,0.008438818565400843
QR01386,2025-05-26,Line D,Device Alpha,Evening,OP018,M-104,94,4,1,3,5.68,Material,2449.35,90,0.0425531914893617,0.9574468085106383,0.031914893617021274,0.010638297872340425
QR01387,2025-12-26,Line D,Device Alpha,Morning,OP011,M-102,214,9,1,8,1.01,Calibration,5673.61,205,0.04205607476635514,0.9579439252336449,0.037383177570093455,0.004672897196261682
QR01388,2025-11-26,Line D,Device Delta,Morning,OP016,M-106,171,9,3,6,2.53,Calibration,4772.76,162,0.05263157894736842,0.9473684210526315,0.03508771929824561,0.017543859649122806
QR01389,2025-12-03,Line B,Device Gamma,Evening,OP026,M-104,271,9,2,7,0.2,Calibration,5073.31,262,0.033210332103321034,0.966789667896679,0.025830258302583026,0.007380073800738007
QR01390,2025-05-26,Line A,Device Delta,Evening,OP004,M-104,168,10,2,8,1.77,Material,6367.3,158,0.05952380952380952,0.9404761904761905,0.047619047619047616,0.011904761904761904
QR01391,2025-10-19,Line B,Device Delta,Morning,OP001,M-105,122,6,2,4,0.6,Assembly,2420.42,116,0.04918032786885246,0.9508196721311475,0.03278688524590164,0.01639344262295082
QR01392,2025-05-27,Line B,Device Alpha,Evening,OP020,M-103,107,5,1,4,1.49,Process,2453.23,102,0.04672897196261682,0.9532710280373832,0.037383177570093455,0.009345794392523364
QR01393,2025-11-22,Line B,Device Beta,Morning,OP023,M-105,159,7,2,5,0.75,Electrical,4542.45,152,0.0440251572327044,0.9559748427672956,0.031446540880503145,0.012578616352201259
QR01394,2025-02-26,Line B,Device Gamma,Night,OP002,M-105,181,5,2,3,0.27,Material,2711.28,176,0.027624309392265192,0.9723756906077348,0.016574585635359115,0.011049723756906077
QR01395,2025-03-08,Line A,Device Gamma,Night,OP012,M-106,127,4,2,2,3.18,Assembly,1468.57,123,0.031496062992125984,0.968503937007874,0.015748031496062992,0.015748031496062992
QR01396,2025-11-24,Line C,Device Gamma,Evening,OP025,M-106,203,1,0,1,4.13,Packaging,260.0,202,0.0049261083743842365,0.9950738916256158,0.0049261083743842365,0.0
QR01397,2025-02-11,Line B,Device Gamma,Morning,OP024,M-102,134,4,2,2,1.2,Packaging,956.64,130,0.029850746268656716,0.9701492537313433,0.014925373134328358,0.014925373134328358
QR01398,2025-06-29,Line A,Device Beta,Night,OP016,M-103,260,10,1,9,5.2,Calibration,6214.95,250,0.038461538461538464,0.9615384615384616,0.03461538461538462,0.0038461538461538464
QR01399,2025-12-26,Line C,Device Delta,Evening,OP028,M-101,126,3,1,2,3.26,Process,1398.27,123,0.023809523809523808,0.9761904761904762,0.015873015873015872,0.007936507936507936
QR01400,2025-07-01,Line D,Device Gamma,Night,OP010,M-101,247,11,4,7,0.55,Calibration,5328.0,236,0.044534412955465584,0.9554655870445344,0.02834008097165992,0.016194331983805668
QR01401,2025-02-14,Line C,Device Gamma,Night,OP003,M-102,168,2,1,1,0.31,Material,890.17,166,0.011904761904761904,0.9880952380952381,0.005952380952380952,0.005952380952380952
QR01402,2025-05-31,Line A,Device Gamma,Evening,OP007,M-105,257,4,1,3,0.32,Process,1944.27,253,0.01556420233463035,0.9844357976653697,0.011673151750972763,0.0038910505836575876
QR01403,2025-03-27,Line C,Device Beta,Morning,OP020,M-103,159,4,2,2,2.57,Calibration,1755.32,155,0.025157232704402517,0.9748427672955975,0.012578616352201259,0.012578616352201259
QR01404,2025-09-21,Line A,Device Alpha,Morning,OP008,M-105,175,3,1,2,2.06,Material,1723.65,172,0.017142857142857144,0.9828571428571429,0.011428571428571429,0.005714285714285714
QR01405,2025-04-20,Line A,Device Beta,Evening,OP022,M-106,123,3,1,2,1.68,Calibration,1598.64,120,0.024390243902439025,0.975609756097561,0.016260162601626018,0.008130081300813009
QR01406,2025-02-19,Line B,Device Alpha,Morning,OP013,M-103,180,9,4,5,0.93,Process,3483.72,171,0.05,0.95,0.027777777777777776,0.022222222222222223
QR01407,2025-10-29,Line D,Device Gamma,Night,OP009,M-103,101,5,2,3,1.57,Assembly,1743.03,96,0.04950495049504951,0.9504950495049505,0.0297029702970297,0.019801980198019802
QR01408,2025-12-23,Line B,Device Beta,Evening,OP002,M-106,101,3,1,2,0.38,Assembly,1178.85,98,0.0297029702970297,0.9702970297029703,0.019801980198019802,0.009900990099009901
QR01409,2025-08-06,Line D,Device Delta,Morning,OP015,M-102,129,8,1,7,2.78,Assembly,3869.6,121,0.06201550387596899,0.937984496124031,0.05426356589147287,0.007751937984496124
QR01410,2025-09-11,Line D,Device Alpha,Night,OP023,M-103,106,4,1,3,3.57,Assembly,1751.29,102,0.03773584905660377,0.9622641509433962,0.02830188679245283,0.009433962264150943
QR01411,2025-11-25,Line A,Device Gamma,Morning,OP017,M-102,209,5,1,4,0.39,Packaging,1198.04,204,0.023923444976076555,0.9760765550239234,0.019138755980861243,0.004784688995215311
QR01412,2025-05-22,Line D,Device Gamma,Morning,OP016,M-101,122,6,1,5,4.39,Material,4018.45,116,0.04918032786885246,0.9508196721311475,0.040983606557377046,0.00819672131147541
QR01413,2025-06-24,Line A,Device Gamma,Evening,OP019,M-102,193,2,0,2,2.32,Calibration,1360.0,191,0.010362694300518135,0.9896373056994818,0.010362694300518135,0.0
QR01414,2025-04-24,Line C,Device Beta,Evening,OP004,M-104,114,2,1,1,5.27,Calibration,837.28,112,0.017543859649122806,0.9824561403508771,0.008771929824561403,0.008771929824561403
QR01415,2025-05-04,Line A,Device Alpha,Night,OP023,M-104,92,2,0,2,0.58,Process,1180.0,90,0.021739130434782608,0.9782608695652174,0.021739130434782608,0.0
QR01416,2025-11-14,Line D,Device Gamma,Morning,OP030,M-101,234,12,2,10,1.74,Assembly,5460.36,222,0.05128205128205128,0.9487179487179487,0.042735042735042736,0.008547008547008548
QR01417,2025-02-10,Line B,Device Alpha,Morning,OP001,M-103,273,10,2,8,1.44,Process,4981.98,263,0.03663003663003663,0.9633699633699634,0.029304029304029304,0.007326007326007326
QR01418,2025-10-15,Line C,Device Alpha,Morning,OP009,M-102,182,1,0,1,1.16,Material,760.0,181,0.005494505494505495,0.9945054945054945,0.005494505494505495,0.0
QR01419,2025-04-03,Line B,Device Delta,Morning,OP015,M-105,188,8,3,5,1.06,Material,4380.79,180,0.0425531914893617,0.9574468085106383,0.026595744680851064,0.015957446808510637
QR01420,2025-06-13,Line A,Device Delta,Night,OP025,M-106,149,5,1,4,1.61,Process,2524.36,144,0.03355704697986577,0.9664429530201343,0.026845637583892617,0.006711409395973154
QR01421,2025-02-05,Line A,Device Alpha,Morning,OP008,M-105,117,3,1,2,2.33,Assembly,1180.94,114,0.02564102564102564,0.9743589743589743,0.017094017094017096,0.008547008547008548
QR01422,2025-01-12,Line C,Device Beta,Evening,OP005,M-105,149,3,0,3,1.27,Material,2280.0,146,0.020134228187919462,0.9798657718120806,0.020134228187919462,0.0
QR01423,2025-03-29,Line C,Device Delta,Morning,OP020,M-102,238,7,1,6,1.63,Material,4735.42,231,0.029411764705882353,0.9705882352941176,0.025210084033613446,0.004201680672268907
QR01424,2025-02-10,Line A,Device Delta,Evening,OP021,M-101,134,4,1,3,3.99,Electrical,2697.84,130,0.029850746268656716,0.9701492537313433,0.022388059701492536,0.007462686567164179
QR01425,2025-12-28,Line B,Device Gamma,Evening,OP014,M-104,190,5,1,4,1.05,Assembly,2194.34,185,0.02631578947368421,0.9736842105263158,0.021052631578947368,0.005263157894736842
QR01426,2025-08-27,Line C,Device Delta,Evening,OP002,M-103,252,5,1,4,0.74,Assembly,2185.4,247,0.01984126984126984,0.9801587301587301,0.015873015873015872,0.003968253968253968
QR01427,2025-07-02,Line C,Device Delta,Evening,OP022,M-103,113,3,0,3,0.68,Assembly,1560.0,110,0.02654867256637168,0.9734513274336283,0.02654867256637168,0.0
QR01428,2025-09-19,Line A,Device Delta,Morning,OP022,M-106,233,6,2,4,0.37,Calibration,3157.31,227,0.02575107296137339,0.9742489270386266,0.017167381974248927,0.008583690987124463
QR01429,2025-06-11,Line A,Device Gamma,Evening,OP006,M-103,234,2,0,2,0.93,Packaging,520.0,232,0.008547008547008548,0.9914529914529915,0.008547008547008548,0.0
QR01430,2025-07-29,Line A,Device Beta,Evening,OP021,M-106,260,10,4,6,3.28,Assembly,3581.56,250,0.038461538461538464,0.9615384615384616,0.023076923076923078,0.015384615384615385
QR01431,2025-11-19,Line C,Device Delta,Night,OP009,M-103,209,7,1,6,3.09,Assembly,3230.86,202,0.03349282296650718,0.9665071770334929,0.028708133971291867,0.004784688995215311
QR01432,2025-03-14,Line B,Device Gamma,Evening,OP017,M-103,232,9,2,7,3.61,Process,4372.15,223,0.03879310344827586,0.9612068965517241,0.03017241379310345,0.008620689655172414
QR01433,2025-07-01,Line B,Device Alpha,Morning,OP013,M-106,151,3,0,3,2.45,Electrical,2520.0,148,0.019867549668874173,0.9801324503311258,0.019867549668874173,0.0
QR01434,2025-12-05,Line C,Device Beta,Evening,OP006,M-106,127,2,1,1,4.67,Assembly,704.24,125,0.015748031496062992,0.984251968503937,0.007874015748031496,0.007874015748031496
QR01435,2025-12-12,Line C,Device Gamma,Evening,OP015,M-103,208,4,1,3,3.9,Assembly,1740.5,204,0.019230769230769232,0.9807692307692307,0.014423076923076924,0.004807692307692308
QR01436,2025-05-11,Line B,Device Beta,Night,OP021,M-103,124,7,3,4,3.21,Material,3514.7,117,0.056451612903225805,0.9435483870967742,0.03225806451612903,0.024193548387096774
QR01437,2025-10-14,Line A,Device Alpha,Evening,OP003,M-101,155,4,1,3,0.28,Assembly,1694.05,151,0.025806451612903226,0.9741935483870968,0.01935483870967742,0.0064516129032258064
QR01438,2025-09-19,Line D,Device Beta,Morning,OP029,M-101,246,15,2,13,2.55,Process,7935.04,231,0.06097560975609756,0.9390243902439024,0.052845528455284556,0.008130081300813009
QR01439,2025-11-14,Line B,Device Beta,Morning,OP020,M-101,275,13,5,8,1.57,Process,5611.15,262,0.04727272727272727,0.9527272727272728,0.02909090909090909,0.01818181818181818
QR01440,2025-12-30,Line D,Device Beta,Evening,OP015,M-101,231,16,3,13,3.4,Packaging,3791.18,215,0.06926406926406926,0.9307359307359307,0.05627705627705628,0.012987012987012988
QR01441,2025-01-16,Line A,Device Alpha,Morning,OP028,M-106,121,4,1,3,2.77,Calibration,2135.53,117,0.03305785123966942,0.9669421487603306,0.024793388429752067,0.008264462809917356
QR01442,2025-01-14,Line A,Device Gamma,Morning,OP018,M-105,117,1,0,1,2.27,Material,760.0,116,0.008547008547008548,0.9914529914529915,0.008547008547008548,0.0
QR01443,2025-02-16,Line A,Device Beta,Morning,OP015,M-103,116,3,0,3,1.11,Calibration,2040.0,113,0.02586206896551724,0.9741379310344828,0.02586206896551724,0.0
QR01444,2025-12-29,Line B,Device Delta,Evening,OP021,M-103,185,9,3,6,2.39,Assembly,3817.15,176,0.04864864864864865,0.9513513513513514,0.032432432432432434,0.016216216216216217
QR01445,2025-08-05,Line A,Device Alpha,Morning,OP021,M-101,194,3,1,2,1.44,Packaging,624.91,191,0.015463917525773196,0.9845360824742269,0.010309278350515464,0.005154639175257732
QR01446,2025-08-05,Line A,Device Beta,Morning,OP014,M-103,142,3,1,2,2.29,Assembly,1178.03,139,0.02112676056338028,0.9788732394366197,0.014084507042253521,0.007042253521126761
QR01447,2025-09-01,Line C,Device Gamma,Night,OP021,M-106,126,2,1,1,0.27,Electrical,945.92,124,0.015873015873015872,0.9841269841269841,0.007936507936507936,0.007936507936507936
QR01448,2025-11-03,Line B,Device Beta,Night,OP015,M-102,233,10,2,8,2.54,Calibration,5621.13,223,0.04291845493562232,0.9570815450643777,0.034334763948497854,0.008583690987124463
QR01449,2025-12-30,Line D,Device Delta,Morning,OP022,M-101,254,16,5,11,0.59,Calibration,8172.69,238,0.06299212598425197,0.937007874015748,0.04330708661417323,0.01968503937007874
QR01450,2025-08-30,Line A,Device Delta,Evening,OP021,M-102,247,9,2,7,0.62,Electrical,6336.86,238,0.03643724696356275,0.9635627530364372,0.02834008097165992,0.008097165991902834
QR01451,2025-03-12,Line A,Device Delta,Evening,OP028,M-103,227,7,1,6,5.31,Assembly,3252.98,220,0.030837004405286344,0.9691629955947136,0.02643171806167401,0.004405286343612335
QR01452,2025-03-23,Line D,Device Alpha,Morning,OP010,M-105,206,12,3,9,2.05,Calibration,6419.02,194,0.05825242718446602,0.941747572815534,0.043689320388349516,0.014563106796116505
QR01453,2025-09-11,Line B,Device Delta,Evening,OP021,M-102,274,13,5,8,0.62,Packaging,3178.06,261,0.04744525547445255,0.9525547445255474,0.029197080291970802,0.01824817518248175
QR01454,2025-01-03,Line A,Device Beta,Morning,OP015,M-106,235,4,1,3,7.36,Assembly,1713.68,231,0.01702127659574468,0.9829787234042553,0.01276595744680851,0.00425531914893617
QR01455,2025-11-09,Line B,Device Beta,Morning,OP010,M-106,120,5,1,4,5.89,Assembly,2253.35,115,0.041666666666666664,0.9583333333333334,0.03333333333333333,0.008333333333333333
QR01456,2025-02-03,Line B,Device Delta,Evening,OP023,M-106,222,10,3,7,2.34,Assembly,3963.94,212,0.04504504504504504,0.954954954954955,0.03153153153153153,0.013513513513513514
QR01457,2025-05-24,Line D,Device Beta,Morning,OP009,M-106,217,10,3,7,3.69,Assembly,4351.25,207,0.04608294930875576,0.9539170506912442,0.03225806451612903,0.013824884792626729
QR01458,2025-02-08,Line D,Device Beta,Evening,OP004,M-103,237,12,4,8,6.04,Material,6727.78,225,0.05063291139240506,0.9493670886075949,0.03375527426160337,0.016877637130801686
QR01459,2025-11-04,Line A,Device Delta,Evening,OP030,M-101,280,10,1,9,1.79,Packaging,2471.28,270,0.03571428571428571,0.9642857142857143,0.03214285714285714,0.0035714285714285713
QR01460,2025-01-14,Line A,Device Delta,Evening,OP028,M-101,161,5,2,3,2.0,Assembly,2001.9,156,0.031055900621118012,0.968944099378882,0.018633540372670808,0.012422360248447204
QR01461,2025-09-06,Line B,Device Delta,Night,OP019,M-102,100,4,1,3,1.35,Packaging,875.57,96,0.04,0.96,0.03,0.01
QR01462,2025-02-25,Line B,Device Gamma,Morning,OP013,M-102,216,7,2,5,4.98,Process,3421.89,209,0.032407407407407406,0.9675925925925926,0.023148148148148147,0.009259259259259259
QR01463,2025-01-16,Line A,Device Beta,Evening,OP014,M-103,170,8,3,5,1.31,Electrical,4537.54,162,0.047058823529411764,0.9529411764705882,0.029411764705882353,0.01764705882352941
QR01464,2025-05-19,Line C,Device Beta,Morning,OP014,M-106,201,4,2,2,2.74,Process,1659.16,197,0.01990049751243781,0.9800995024875622,0.009950248756218905,0.009950248756218905
QR01465,2025-08-27,Line B,Device Delta,Night,OP027,M-102,248,10,3,7,0.79,Material,6002.28,238,0.04032258064516129,0.9596774193548387,0.028225806451612902,0.012096774193548387
QR01466,2025-11-04,Line D,Device Delta,Night,OP014,M-104,169,11,3,8,1.41,Material,6388.98,158,0.0650887573964497,0.9349112426035503,0.047337278106508875,0.01775147928994083
QR01467,2025-12-17,Line D,Device Alpha,Morning,OP003,M-104,258,8,2,6,1.27,Assembly,3417.93,250,0.031007751937984496,0.9689922480620154,0.023255813953488372,0.007751937984496124
QR01468,2025-09-16,Line A,Device Alpha,Morning,OP026,M-105,133,3,0,3,0.15,Assembly,1560.0,130,0.022556390977443608,0.9774436090225563,0.022556390977443608,0.0
QR01469,2025-06-09,Line C,Device Beta,Morning,OP007,M-106,197,4,1,3,0.12,Process,1908.02,193,0.02030456852791878,0.9796954314720813,0.015228426395939087,0.005076142131979695
QR01470,2025-10-30,Line A,Device Delta,Morning,OP022,M-105,129,5,1,4,1.24,Calibration,2857.51,124,0.03875968992248062,0.9612403100775194,0.031007751937984496,0.007751937984496124
QR01471,2025-06-25,Line C,Device Beta,Night,OP029,M-102,140,6,2,4,4.66,Electrical,3597.98,134,0.04285714285714286,0.9571428571428572,0.02857142857142857,0.014285714285714285
QR01472,2025-05-01,Line B,Device Alpha,Night,OP029,M-102,96,4,1,3,0.07,Process,1973.08,92,0.041666666666666664,0.9583333333333334,0.03125,0.010416666666666666
QR01473,2025-06-06,Line B,Device Alpha,Morning,OP008,M-101,280,8,3,5,3.71,Assembly,3085.33,272,0.02857142857142857,0.9714285714285714,0.017857142857142856,0.010714285714285714
QR01474,2025-04-12,Line B,Device Gamma,Evening,OP024,M-104,98,4,2,2,4.89,Calibration,1739.47,94,0.04081632653061224,0.9591836734693877,0.02040816326530612,0.02040816326530612
QR01475,2025-11-03,Line A,Device Alpha,Morning,OP019,M-102,209,2,1,1,5.87,Electrical,941.11,207,0.009569377990430622,0.9904306220095693,0.004784688995215311,0.004784688995215311
QR01476,2025-10-07,Line A,Device Beta,Morning,OP009,M-106,119,3,1,2,0.31,Assembly,1217.94,116,0.025210084033613446,0.9747899159663865,0.01680672268907563,0.008403361344537815
QR01477,2025-10-14,Line A,Device Gamma,Night,OP014,M-104,182,5,1,4,1.0,Electrical,3505.36,177,0.027472527472527472,0.9725274725274725,0.02197802197802198,0.005494505494505495
QR01478,2025-04-12,Line A,Device Delta,Morning,OP010,M-106,139,4,2,2,1.67,Process,1509.27,135,0.02877697841726619,0.9712230215827338,0.014388489208633094,0.014388489208633094
QR01479,2025-12-08,Line A,Device Alpha,Evening,OP018,M-102,145,2,0,2,0.79,Process,1180.0,143,0.013793103448275862,0.9862068965517241,0.013793103448275862,0.0
QR01480,2025-07-18,Line C,Device Gamma,Morning,OP015,M-103,171,2,0,2,1.0,Material,1520.0,169,0.011695906432748537,0.9883040935672515,0.011695906432748537,0.0
QR01481,2025-12-06,Line B,Device Delta,Night,OP028,M-103,184,8,2,6,0.99,Material,4905.68,176,0.043478260869565216,0.9565217391304348,0.03260869565217391,0.010869565217391304
QR01482,2025-10-12,Line B,Device Gamma,Night,OP017,M-102,135,4,0,4,0.47,Material,3040.0,131,0.02962962962962963,0.9703703703703703,0.02962962962962963,0.0
QR01483,2025-03-28,Line C,Device Delta,Morning,OP011,M-106,200,5,1,4,3.57,Electrical,3491.02,195,0.025,0.975,0.02,0.005
QR01484,2025-12-06,Line A,Device Delta,Evening,OP021,M-103,202,8,3,5,2.37,Material,4310.75,194,0.039603960396039604,0.9603960396039604,0.024752475247524754,0.01485148514851485
QR01485,2025-10-24,Line C,Device Beta,Night,OP027,M-105,149,4,2,2,0.43,Calibration,1579.45,145,0.026845637583892617,0.9731543624161074,0.013422818791946308,0.013422818791946308
QR01486,2025-09-02,Line C,Device Beta,Morning,OP019,M-104,103,5,2,3,2.53,Assembly,1989.41,98,0.04854368932038835,0.9514563106796117,0.02912621359223301,0.019417475728155338
QR01487,2025-03-04,Line B,Device Beta,Evening,OP015,M-102,155,8,3,5,1.2,Material,4434.64,147,0.05161290322580645,0.9483870967741935,0.03225806451612903,0.01935483870967742
QR01488,2025-10-25,Line D,Device Delta,Evening,OP006,M-104,245,12,4,8,3.24,Process,5308.53,233,0.04897959183673469,0.9510204081632653,0.0326530612244898,0.0163265306122449
QR01489,2025-02-06,Line D,Device Beta,Evening,OP025,M-101,131,7,2,5,1.37,Material,4267.75,124,0.05343511450381679,0.9465648854961832,0.03816793893129771,0.015267175572519083
QR01490,2025-04-30,Line B,Device Beta,Evening,OP024,M-102,224,9,3,6,1.08,Packaging,2241.66,215,0.04017857142857143,0.9598214285714286,0.026785714285714284,0.013392857142857142
QR01491,2025-09-01,Line B,Device Alpha,Morning,OP013,M-101,147,5,1,4,2.48,Material,3256.3,142,0.034013605442176874,0.9659863945578231,0.027210884353741496,0.006802721088435374
QR01492,2025-11-09,Line D,Device Gamma,Evening,OP016,M-102,166,8,3,5,1.05,Packaging,1909.8,158,0.04819277108433735,0.9518072289156626,0.030120481927710843,0.018072289156626505
QR01493,2025-02-06,Line B,Device Delta,Evening,OP004,M-106,160,7,2,5,1.71,Material,4255.89,153,0.04375,0.95625,0.03125,0.0125
QR01494,2025-11-19,Line C,Device Gamma,Evening,OP024,M-103,259,6,3,3,0.96,Assembly,2148.18,253,0.023166023166023165,0.9768339768339769,0.011583011583011582,0.011583011583011582
QR01495,2025-11-16,Line C,Device Gamma,Evening,OP016,M-101,278,4,1,3,4.54,Calibration,2255.68,274,0.014388489208633094,0.9856115107913669,0.01079136690647482,0.0035971223021582736
QR01496,2025-05-06,Line D,Device Alpha,Morning,OP026,M-102,276,14,3,11,1.39,Calibration,7925.37,262,0.050724637681159424,0.9492753623188406,0.03985507246376811,0.010869565217391304
QR01497,2025-04-30,Line D,Device Beta,Morning,OP014,M-105,249,14,6,8,1.9,Process,5720.01,235,0.05622489959839357,0.9437751004016064,0.0321285140562249,0.024096385542168676
QR01498,2025-04-03,Line A,Device Gamma,Evening,OP018,M-104,272,2,0,2,0.45,Material,1520.0,270,0.007352941176470588,0.9926470588235294,0.007352941176470588,0.0
QR01499,2025-10-24,Line C,Device Alpha,Evening,OP018,M-102,246,3,1,2,1.68,Assembly,1138.62,243,0.012195121951219513,0.9878048780487805,0.008130081300813009,0.0040650406504065045
QR01500,2025-08-02,Line A,Device Delta,Night,OP029,M-102,268,10,4,6,1.54,Assembly,3722.7,258,0.03731343283582089,0.9626865671641791,0.022388059701492536,0.014925373134328358
QR01501,2025-12-13,Line D,Device Alpha,Morning,OP026,M-103,186,7,2,5,1.07,Material,4164.45,179,0.03763440860215054,0.9623655913978495,0.026881720430107527,0.010752688172043012
QR01502,2025-05-05,Line B,Device Delta,Night,OP026,M-101,156,7,2,5,0.81,Packaging,1752.32,149,0.04487179487179487,0.9551282051282052,0.03205128205128205,0.01282051282051282
QR01503,2025-02-04,Line D,Device Delta,Morning,OP029,M-106,127,9,1,8,2.71,Material,6224.21,118,0.07086614173228346,0.9291338582677166,0.06299212598425197,0.007874015748031496
QR01504,2025-01-03,Line C,Device Gamma,Morning,OP020,M-102,129,4,2,2,0.09,Material,1727.8,125,0.031007751937984496,0.9689922480620154,0.015503875968992248,0.015503875968992248
QR01505,2025-10-06,Line A,Device Gamma,Evening,OP011,M-101,245,5,1,4,0.62,Material,3155.05,240,0.02040816326530612,0.9795918367346939,0.0163265306122449,0.004081632653061225
QR01506,2025-03-19,Line C,Device Beta,Evening,OP023,M-103,152,4,1,3,5.62,Electrical,2728.48,148,0.02631578947368421,0.9736842105263158,0.019736842105263157,0.006578947368421052
QR01507,2025-12-02,Line D,Device Alpha,Evening,OP020,M-104,187,9,3,6,5.2,Packaging,2008.98,178,0.0481283422459893,0.9518716577540107,0.03208556149732621,0.016042780748663103
QR01508,2025-08-01,Line B,Device Delta,Evening,OP021,M-106,193,10,4,6,3.9,Calibration,4563.45,183,0.05181347150259067,0.9481865284974094,0.031088082901554404,0.02072538860103627
QR01509,2025-10-31,Line A,Device Gamma,Evening,OP021,M-106,98,2,1,1,1.92,Process,755.51,96,0.02040816326530612,0.9795918367346939,0.01020408163265306,0.01020408163265306
QR01510,2025-01-14,Line D,Device Beta,Night,OP026,M-104,222,13,5,8,1.46,Packaging,2727.93,209,0.05855855855855856,0.9414414414414415,0.036036036036036036,0.02252252252252252
QR01511,2025-08-06,Line B,Device Alpha,Night,OP022,M-106,267,5,1,4,0.92,Calibration,2829.08,262,0.018726591760299626,0.9812734082397003,0.0149812734082397,0.003745318352059925
QR01512,2025-06-18,Line D,Device Beta,Morning,OP015,M-102,232,12,5,7,3.46,Packaging,2808.64,220,0.05172413793103448,0.9482758620689655,0.03017241379310345,0.021551724137931036
QR01513,2025-03-30,Line B,Device Alpha,Morning,OP010,M-103,154,8,1,7,1.31,Process,4282.18,146,0.05194805194805195,0.948051948051948,0.045454545454545456,0.006493506493506494
QR01514,2025-12-09,Line D,Device Delta,Evening,OP019,M-104,125,9,4,5,6.06,Process,3470.14,116,0.072,0.928,0.04,0.032
QR01515,2025-09-03,Line D,Device Beta,Morning,OP019,M-101,124,8,1,7,4.37,Material,5501.52,116,0.06451612903225806,0.9354838709677419,0.056451612903225805,0.008064516129032258
QR01516,2025-11-16,Line C,Device Gamma,Night,OP005,M-106,180,2,0,2,1.19,Assembly,1040.0,178,0.011111111111111112,0.9888888888888889,0.011111111111111112,0.0
QR01517,2025-07-23,Line B,Device Alpha,Morning,OP016,M-101,160,6,1,5,1.32,Electrical,4363.93,154,0.0375,0.9625,0.03125,0.00625
QR01518,2025-02-21,Line D,Device Alpha,Morning,OP015,M-102,253,11,2,9,0.28,Material,7211.61,242,0.043478260869565216,0.9565217391304348,0.03557312252964427,0.007905138339920948
QR01519,2025-10-17,Line A,Device Gamma,Night,OP007,M-104,107,1,0,1,0.42,Process,590.0,106,0.009345794392523364,0.9906542056074766,0.009345794392523364,0.0
QR01520,2025-09-01,Line A,Device Alpha,Morning,OP026,M-105,159,4,1,3,1.71,Material,2455.33,155,0.025157232704402517,0.9748427672955975,0.018867924528301886,0.006289308176100629
QR01521,2025-05-09,Line A,Device Delta,Morning,OP007,M-103,256,7,1,6,0.07,Assembly,3303.88,249,0.02734375,0.97265625,0.0234375,0.00390625
QR01522,2025-02-22,Line A,Device Delta,Morning,OP007,M-101,118,4,1,3,2.34,Material,2482.57,114,0.03389830508474576,0.9661016949152542,0.025423728813559324,0.00847457627118644
QR01523,2025-08-07,Line A,Device Beta,Evening,OP016,M-105,131,6,2,4,1.96,Process,2551.0,125,0.04580152671755725,0.9541984732824428,0.030534351145038167,0.015267175572519083
QR01524,2025-07-02,Line A,Device Gamma,Evening,OP026,M-103,175,5,2,3,1.09,Calibration,2494.65,170,0.02857142857142857,0.9714285714285714,0.017142857142857144,0.011428571428571429
QR01525,2025-03-15,Line B,Device Alpha,Morning,OP016,M-102,194,7,1,6,1.68,Process,3635.47,187,0.03608247422680412,0.9639175257731959,0.030927835051546393,0.005154639175257732
QR01526,2025-04-05,Line D,Device Beta,Evening,OP015,M-106,98,6,1,5,1.3,Assembly,2726.2,92,0.061224489795918366,0.9387755102040817,0.05102040816326531,0.01020408163265306
QR01527,2025-07-20,Line D,Device Gamma,Morning,OP001,M-106,216,8,1,7,2.07,Assembly,3802.63,208,0.037037037037037035,0.9629629629629629,0.032407407407407406,0.004629629629629629
QR01528,2025-08-17,Line C,Device Gamma,Morning,OP013,M-106,168,1,0,1,1.42,Packaging,260.0,167,0.005952380952380952,0.9940476190476191,0.005952380952380952,0.0
QR01529,2025-01-23,Line B,Device Alpha,Morning,OP022,M-102,159,4,1,3,1.13,Calibration,2248.15,155,0.025157232704402517,0.9748427672955975,0.018867924528301886,0.006289308176100629
QR01530,2025-12-16,Line D,Device Alpha,Morning,OP017,M-103,197,10,2,8,0.71,Assembly,4585.59,187,0.050761421319796954,0.949238578680203,0.04060913705583756,0.01015228426395939
QR01531,2025-03-08,Line C,Device Delta,Morning,OP007,M-101,210,7,1,6,2.87,Process,3637.84,203,0.03333333333333333,0.9666666666666667,0.02857142857142857,0.004761904761904762
QR01532,2025-10-23,Line C,Device Alpha,Morning,OP021,M-104,237,5,1,4,1.48,Material,3272.39,232,0.02109704641350211,0.9789029535864979,0.016877637130801686,0.004219409282700422
QR01533,2025-06-12,Line D,Device Beta,Morning,OP027,M-102,161,7,2,5,2.82,Packaging,1593.52,154,0.043478260869565216,0.9565217391304348,0.031055900621118012,0.012422360248447204
QR01534,2025-01-19,Line B,Device Gamma,Evening,OP026,M-101,224,8,1,7,1.43,Packaging,1928.66,216,0.03571428571428571,0.9642857142857143,0.03125,0.004464285714285714
QR01535,2025-07-31,Line D,Device Delta,Evening,OP012,M-106,90,5,2,3,1.02,Electrical,2766.81,85,0.05555555555555555,0.9444444444444444,0.03333333333333333,0.022222222222222223
QR01536,2025-12-12,Line B,Device Gamma,Evening,OP017,M-102,199,3,1,2,1.49,Packaging,628.82,196,0.01507537688442211,0.9849246231155779,0.010050251256281407,0.005025125628140704
QR01537,2025-12-03,Line A,Device Beta,Morning,OP014,M-102,202,8,3,5,1.72,Process,3595.05,194,0.039603960396039604,0.9603960396039604,0.024752475247524754,0.01485148514851485
QR01538,2025-01-12,Line A,Device Beta,Evening,OP024,M-104,111,4,1,3,1.84,Calibration,2159.51,107,0.036036036036036036,0.963963963963964,0.02702702702702703,0.009009009009009009
QR01539,2025-12-15,Line A,Device Delta,Evening,OP004,M-104,198,4,2,2,3.44,Electrical,1901.18,194,0.020202020202020204,0.9797979797979798,0.010101010101010102,0.010101010101010102
QR01540,2025-09-18,Line C,Device Beta,Night,OP004,M-102,174,8,3,5,1.63,Packaging,1912.98,166,0.04597701149425287,0.9540229885057471,0.028735632183908046,0.017241379310344827
QR01541,2025-10-08,Line B,Device Beta,Morning,OP007,M-106,218,8,2,6,0.57,Material,5010.63,210,0.03669724770642202,0.963302752293578,0.027522935779816515,0.009174311926605505
QR01542,2025-04-15,Line A,Device Delta,Morning,OP020,M-101,277,11,3,8,0.89,Electrical,7418.23,266,0.039711191335740074,0.9602888086642599,0.02888086642599278,0.010830324909747292
QR01543,2025-12-03,Line B,Device Gamma,Night,OP001,M-105,110,5,1,4,5.8,Assembly,2209.07,105,0.045454545454545456,0.9545454545454546,0.03636363636363636,0.00909090909090909
QR01544,2025-03-05,Line A,Device Gamma,Night,OP023,M-102,90,2,1,1,2.23,Assembly,699.56,88,0.022222222222222223,0.9777777777777777,0.011111111111111112,0.011111111111111112
QR01545,2025-09-22,Line B,Device Alpha,Night,OP001,M-104,153,4,2,2,3.22,Packaging,779.84,149,0.026143790849673203,0.9738562091503268,0.013071895424836602,0.013071895424836602
QR01546,2025-08-17,Line C,Device Beta,Evening,OP004,M-101,242,9,4,5,1.64,Packaging,1738.49,233,0.0371900826446281,0.9628099173553719,0.02066115702479339,0.01652892561983471
QR01547,2025-11-11,Line B,Device Alpha,Evening,OP013,M-101,120,5,1,4,1.03,Assembly,2208.42,115,0.041666666666666664,0.9583333333333334,0.03333333333333333,0.008333333333333333
QR01548,2025-12-04,Line B,Device Beta,Morning,OP009,M-106,204,8,2,6,0.75,Process,3917.96,196,0.0392156862745098,0.9607843137254902,0.029411764705882353,0.00980392156862745
QR01549,2025-08-17,Line B,Device Alpha,Evening,OP023,M-102,123,6,1,5,1.88,Calibration,3560.75,117,0.04878048780487805,0.9512195121951219,0.04065040650406504,0.008130081300813009
QR01550,2025-04-27,Line B,Device Alpha,Morning,OP014,M-104,202,6,1,5,2.14,Packaging,1514.11,196,0.0297029702970297,0.9702970297029703,0.024752475247524754,0.0049504950495049506
QR01551,2025-11-01,Line B,Device Delta,Morning,OP014,M-102,193,9,1,8,2.71,Process,4867.72,184,0.046632124352331605,0.9533678756476683,0.04145077720207254,0.0051813471502590676
QR01552,2025-08-23,Line B,Device Gamma,Morning,OP007,M-101,180,6,2,4,7.82,Packaging,1399.51,174,0.03333333333333333,0.9666666666666667,0.022222222222222223,0.011111111111111112
QR01553,2025-06-18,Line C,Device Beta,Evening,OP003,M-102,101,4,1,3,0.72,Process,1896.93,97,0.039603960396039604,0.9603960396039604,0.0297029702970297,0.009900990099009901
QR01554,2025-09-03,Line A,Device Gamma,Evening,OP029,M-105,209,3,1,2,0.23,Electrical,1903.03,206,0.014354066985645933,0.9856459330143541,0.009569377990430622,0.004784688995215311
QR01555,2025-06-14,Line D,Device Alpha,Evening,OP009,M-104,137,6,1,5,1.03,Process,3041.82,131,0.043795620437956206,0.9562043795620438,0.0364963503649635,0.0072992700729927005
QR01556,2025-10-30,Line C,Device Gamma,Evening,OP003,M-103,274,1,0,1,2.19,Material,760.0,273,0.0036496350364963502,0.9963503649635036,0.0036496350364963502,0.0
QR01557,2025-10-19,Line B,Device Delta,Morning,OP020,M-106,180,6,3,3,0.84,Calibration,2476.34,174,0.03333333333333333,0.9666666666666667,0.016666666666666666,0.016666666666666666
QR01558,2025-09-13,Line B,Device Gamma,Morning,OP006,M-102,104,3,0,3,2.35,Packaging,780.0,101,0.028846153846153848,0.9711538461538461,0.028846153846153848,0.0
QR01559,2025-05-01,Line A,Device Beta,Night,OP024,M-101,221,5,2,3,1.67,Calibration,2408.02,216,0.02262443438914027,0.9773755656108597,0.013574660633484163,0.00904977375565611
QR01560,2025-09-28,Line D,Device Beta,Night,OP014,M-102,188,10,2,8,2.52,Assembly,4510.6,178,0.05319148936170213,0.9468085106382979,0.0425531914893617,0.010638297872340425
QR01561,2025-07-28,Line A,Device Delta,Morning,OP016,M-103,160,7,2,5,1.41,Calibration,3735.1,153,0.04375,0.95625,0.03125,0.0125
QR01562,2025-02-02,Line D,Device Alpha,Night,OP018,M-105,179,9,2,7,0.01,Packaging,2167.25,170,0.05027932960893855,0.9497206703910615,0.03910614525139665,0.0111731843575419
QR01563,2025-03-20,Line C,Device Gamma,Morning,OP004,M-104,264,3,1,2,1.56,Material,1644.48,261,0.011363636363636364,0.9886363636363636,0.007575757575757576,0.003787878787878788
QR01564,2025-12-19,Line A,Device Alpha,Evening,OP008,M-101,173,5,1,4,1.35,Assembly,2272.69,168,0.028901734104046242,0.9710982658959537,0.023121387283236993,0.005780346820809248
QR01565,2025-01-26,Line B,Device Gamma,Morning,OP001,M-103,210,6,2,4,4.21,Process,2804.8,204,0.02857142857142857,0.9714285714285714,0.01904761904761905,0.009523809523809525
QR01566,2025-07-25,Line A,Device Beta,Morning,OP015,M-106,92,2,1,1,2.01,Material,881.71,90,0.021739130434782608,0.9782608695652174,0.010869565217391304,0.010869565217391304
QR01567,2025-12-04,Line C,Device Beta,Evening,OP017,M-102,226,5,2,3,1.94,Electrical,2989.7,221,0.022123893805309734,0.9778761061946902,0.01327433628318584,0.008849557522123894
QR01568,2025-08-18,Line C,Device Alpha,Evening,OP026,M-104,96,1,0,1,1.04,Process,590.0,95,0.010416666666666666,0.9895833333333334,0.010416666666666666,0.0
QR01569,2025-03-28,Line C,Device Alpha,Morning,OP014,M-104,278,4,1,3,2.09,Calibration,2237.06,274,0.014388489208633094,0.9856115107913669,0.01079136690647482,0.0035971223021582736
QR01570,2025-05-17,Line C,Device Beta,Morning,OP012,M-102,280,7,3,4,0.38,Assembly,2382.88,273,0.025,0.975,0.014285714285714285,0.010714285714285714
QR01571,2025-04-07,Line C,Device Alpha,Morning,OP006,M-104,197,2,1,1,0.53,Process,732.99,195,0.01015228426395939,0.9898477157360406,0.005076142131979695,0.005076142131979695
QR01572,2025-01-19,Line B,Device Alpha,Morning,OP015,M-104,137,4,2,2,3.04,Calibration,1734.77,133,0.029197080291970802,0.9708029197080292,0.014598540145985401,0.014598540145985401
QR01573,2025-07-20,Line B,Device Delta,Morning,OP022,M-105,278,13,6,7,1.79,Material,5988.17,265,0.046762589928057555,0.9532374100719424,0.025179856115107913,0.02158273381294964
QR01574,2025-08-30,Line D,Device Alpha,Evening,OP005,M-105,201,8,2,6,7.08,Process,3989.79,193,0.03980099502487562,0.9601990049751243,0.029850746268656716,0.009950248756218905
QR01575,2025-10-26,Line A,Device Alpha,Night,OP020,M-102,270,8,2,6,1.66,Calibration,4263.22,262,0.02962962962962963,0.9703703703703703,0.022222222222222223,0.007407407407407408
QR01576,2025-04-16,Line B,Device Gamma,Morning,OP001,M-106,207,7,2,5,1.26,Assembly,3043.1,200,0.033816425120772944,0.966183574879227,0.024154589371980676,0.00966183574879227
QR01577,2025-10-24,Line B,Device Gamma,Night,OP007,M-102,208,7,3,4,3.81,Electrical,3884.38,201,0.03365384615384615,0.9663461538461539,0.019230769230769232,0.014423076923076924
QR01578,2025-07-29,Line C,Device Delta,Evening,OP028,M-103,241,4,1,3,0.42,Process,1887.4,237,0.016597510373443983,0.983402489626556,0.012448132780082987,0.004149377593360996
QR01579,2025-12-05,Line C,Device Beta,Evening,OP008,M-105,162,3,1,2,1.22,Material,1689.56,159,0.018518518518518517,0.9814814814814815,0.012345679012345678,0.006172839506172839
QR01580,2025-05-30,Line C,Device Beta,Night,OP003,M-106,220,4,2,2,2.68,Process,1628.58,216,0.01818181818181818,0.9818181818181818,0.00909090909090909,0.00909090909090909
QR01581,2025-10-25,Line A,Device Delta,Evening,OP030,M-106,188,7,2,5,0.97,Electrical,4530.8,181,0.03723404255319149,0.9627659574468085,0.026595744680851064,0.010638297872340425
QR01582,2025-06-07,Line C,Device Delta,Morning,OP028,M-105,165,3,1,2,2.6,Electrical,1879.36,162,0.01818181818181818,0.9818181818181818,0.012121212121212121,0.006060606060606061
QR01583,2025-01-13,Line C,Device Delta,Morning,OP023,M-101,151,5,1,4,0.9,Calibration,2815.31,146,0.033112582781456956,0.9668874172185431,0.026490066225165563,0.006622516556291391
QR01584,2025-05-23,Line B,Device Delta,Morning,OP001,M-104,234,9,3,6,0.87,Process,4058.76,225,0.038461538461538464,0.9615384615384616,0.02564102564102564,0.01282051282051282
QR01585,2025-08-10,Line B,Device Delta,Evening,OP017,M-102,185,9,3,6,3.25,Process,4046.38,176,0.04864864864864865,0.9513513513513514,0.032432432432432434,0.016216216216216217
QR01586,2025-07-27,Line D,Device Gamma,Morning,OP003,M-105,104,6,1,5,1.23,Assembly,2690.85,98,0.057692307692307696,0.9423076923076923,0.04807692307692308,0.009615384615384616
QR01587,2025-01-26,Line B,Device Gamma,Evening,OP016,M-105,178,4,1,3,4.78,Calibration,2191.7,174,0.02247191011235955,0.9775280898876404,0.016853932584269662,0.0056179775280898875
QR01588,2025-01-14,Line B,Device Beta,Morning,OP020,M-101,227,12,5,7,3.16,Assembly,4808.45,215,0.05286343612334802,0.947136563876652,0.030837004405286344,0.022026431718061675
QR01589,2025-05-13,Line B,Device Beta,Evening,OP021,M-104,148,5,1,4,2.83,Assembly,2255.44,143,0.033783783783783786,0.9662162162162162,0.02702702702702703,0.006756756756756757
QR01590,2025-01-05,Line B,Device Delta,Night,OP009,M-104,187,8,3,5,4.47,Packaging,1581.74,179,0.0427807486631016,0.9572192513368984,0.026737967914438502,0.016042780748663103
QR01591,2025-12-31,Line D,Device Beta,Evening,OP009,M-101,151,8,1,7,0.39,Calibration,4864.27,143,0.052980132450331126,0.9470198675496688,0.046357615894039736,0.006622516556291391
QR01592,2025-10-06,Line A,Device Alpha,Morning,OP020,M-103,162,4,2,2,2.1,Material,1891.92,158,0.024691358024691357,0.9753086419753086,0.012345679012345678,0.012345679012345678
QR01593,2025-11-12,Line D,Device Delta,Evening,OP003,M-104,206,14,4,10,1.95,Calibration,7440.96,192,0.06796116504854369,0.9320388349514563,0.04854368932038835,0.019417475728155338
QR01594,2025-04-13,Line C,Device Alpha,Morning,OP030,M-102,247,3,1,2,0.87,Electrical,1882.55,244,0.012145748987854251,0.9878542510121457,0.008097165991902834,0.004048582995951417
QR01595,2025-04-07,Line C,Device Delta,Night,OP029,M-106,180,5,2,3,1.42,Assembly,1927.43,175,0.027777777777777776,0.9722222222222222,0.016666666666666666,0.011111111111111112
QR01596,2025-01-16,Line B,Device Gamma,Morning,OP005,M-103,202,6,1,5,4.12,Electrical,4316.94,196,0.0297029702970297,0.9702970297029703,0.024752475247524754,0.0049504950495049506
QR01597,2025-03-09,Line D,Device Beta,Evening,OP029,M-103,226,12,2,10,5.52,Material,7835.45,214,0.05309734513274336,0.9469026548672567,0.04424778761061947,0.008849557522123894
QR01598,2025-04-30,Line B,Device Alpha,Evening,OP003,M-101,237,12,4,8,3.58,Packaging,2705.81,225,0.05063291139240506,0.9493670886075949,0.03375527426160337,0.016877637130801686
QR01599,2025-12-02,Line D,Device Beta,Evening,OP018,M-105,266,14,5,9,6.48,Assembly,5425.12,252,0.05263157894736842,0.9473684210526315,0.03383458646616541,0.018796992481203006
QR01600,2025-05-05,Line A,Device Alpha,Morning,OP010,M-105,200,3,1,2,1.16,Assembly,1164.2,197,0.015,0.985,0.01,0.005
QR01601,2025-09-03,Line C,Device Delta,Morning,OP010,M-103,159,3,1,2,1.64,Calibration,1562.62,156,0.018867924528301886,0.9811320754716981,0.012578616352201259,0.006289308176100629
QR01602,2025-06-12,Line B,Device Delta,Night,OP001,M-102,257,10,1,9,1.41,Calibration,6317.12,247,0.038910505836575876,0.9610894941634242,0.03501945525291829,0.0038910505836575876
QR01603,2025-03-20,Line B,Device Gamma,Evening,OP013,M-101,231,10,4,6,1.16,Assembly,3903.63,221,0.04329004329004329,0.9567099567099567,0.025974025974025976,0.017316017316017316
QR01604,2025-08-30,Line C,Device Beta,Morning,OP013,M-104,256,8,3,5,4.17,Material,4128.38,248,0.03125,0.96875,0.01953125,0.01171875
QR01605,2025-10-05,Line B,Device Gamma,Morning,OP014,M-103,97,3,1,2,2.17,Electrical,1913.79,94,0.030927835051546393,0.9690721649484536,0.020618556701030927,0.010309278350515464
QR01606,2025-10-08,Line B,Device Gamma,Morning,OP030,M-105,100,3,1,2,1.43,Assembly,1175.43,97,0.03,0.97,0.02,0.01
QR01607,2025-05-03,Line A,Device Alpha,Evening,OP013,M-104,265,10,3,7,1.29,Material,6015.92,255,0.03773584905660377,0.9622641509433962,0.026415094339622643,0.011320754716981131
QR01608,2025-02-16,Line D,Device Gamma,Morning,OP024,M-102,252,10,2,8,0.71,Material,6378.07,242,0.03968253968253968,0.9603174603174603,0.031746031746031744,0.007936507936507936
QR01609,2025-08-03,Line A,Device Gamma,Evening,OP024,M-105,149,3,1,2,2.72,Electrical,1779.69,146,0.020134228187919462,0.9798657718120806,0.013422818791946308,0.006711409395973154
QR01610,2025-06-10,Line B,Device Alpha,Night,OP030,M-101,233,9,2,7,0.58,Material,5672.53,224,0.03862660944206009,0.9613733905579399,0.030042918454935622,0.008583690987124463
QR01611,2025-03-05,Line A,Device Gamma,Night,OP022,M-101,95,1,0,1,2.26,Assembly,520.0,94,0.010526315789473684,0.9894736842105263,0.010526315789473684,0.0
QR01612,2025-08-28,Line A,Device Delta,Morning,OP024,M-105,142,5,2,3,1.16,Packaging,1078.73,137,0.035211267605633804,0.9647887323943662,0.02112676056338028,0.014084507042253521
QR01613,2025-12-01,Line C,Device Gamma,Night,OP007,M-101,246,3,1,2,0.25,Assembly,1149.15,243,0.012195121951219513,0.9878048780487805,0.008130081300813009,0.0040650406504065045
QR01614,2025-06-12,Line D,Device Gamma,Morning,OP002,M-105,239,12,3,9,0.84,Assembly,4977.56,227,0.0502092050209205,0.9497907949790795,0.03765690376569038,0.012552301255230125
QR01615,2025-12-17,Line D,Device Gamma,Night,OP002,M-101,227,9,2,7,0.27,Assembly,3827.73,218,0.039647577092511016,0.960352422907489,0.030837004405286344,0.00881057268722467
QR01616,2025-10-02,Line B,Device Gamma,Evening,OP016,M-103,262,8,2,6,3.9,Electrical,5240.47,254,0.030534351145038167,0.9694656488549618,0.022900763358778626,0.007633587786259542
QR01617,2025-12-31,Line D,Device Beta,Morning,OP009,M-103,270,19,5,14,2.97,Assembly,8010.35,251,0.07037037037037037,0.9296296296296296,0.05185185185185185,0.018518518518518517
QR01618,2025-02-22,Line B,Device Delta,Morning,OP020,M-105,92,3,1,2,3.31,Electrical,1803.0,89,0.03260869565217391,0.967391304347826,0.021739130434782608,0.010869565217391304
QR01619,2025-09-13,Line D,Device Alpha,Evening,OP007,M-102,259,13,4,9,2.9,Electrical,8389.97,246,0.05019305019305019,0.9498069498069498,0.03474903474903475,0.015444015444015444
QR01620,2025-07-19,Line B,Device Gamma,Night,OP028,M-101,96,3,1,2,1.49,Assembly,1247.56,93,0.03125,0.96875,0.020833333333333332,0.010416666666666666
QR01621,2025-05-29,Line D,Device Delta,Evening,OP027,M-103,101,8,3,5,3.55,Calibration,3960.92,93,0.07920792079207921,0.9207920792079208,0.04950495049504951,0.0297029702970297
QR01622,2025-05-04,Line C,Device Delta,Night,OP025,M-101,111,2,0,2,1.56,Assembly,1040.0,109,0.018018018018018018,0.9819819819819819,0.018018018018018018,0.0
QR01623,2025-01-06,Line B,Device Gamma,Evening,OP019,M-101,96,4,1,3,2.33,Material,2510.26,92,0.041666666666666664,0.9583333333333334,0.03125,0.010416666666666666
QR01624,2025-05-17,Line A,Device Alpha,Morning,OP016,M-102,108,1,0,1,3.62,Packaging,260.0,107,0.009259259259259259,0.9907407407407407,0.009259259259259259,0.0
QR01625,2025-05-16,Line A,Device Alpha,Morning,OP022,M-104,171,5,1,4,1.9,Material,3132.57,166,0.029239766081871343,0.9707602339181286,0.023391812865497075,0.005847953216374269
QR01626,2025-11-25,Line D,Device Beta,Evening,OP003,M-106,175,9,1,8,2.61,Material,6212.78,166,0.05142857142857143,0.9485714285714286,0.045714285714285714,0.005714285714285714
QR01627,2025-02-14,Line C,Device Alpha,Morning,OP028,M-102,213,3,1,2,2.19,Assembly,1273.52,210,0.014084507042253521,0.9859154929577465,0.009389671361502348,0.004694835680751174
QR01628,2025-05-24,Line D,Device Gamma,Evening,OP023,M-105,217,10,2,8,6.36,Material,6435.32,207,0.04608294930875576,0.9539170506912442,0.03686635944700461,0.009216589861751152
QR01629,2025-12-10,Line D,Device Beta,Evening,OP011,M-101,144,7,2,5,2.49,Material,4275.9,137,0.04861111111111111,0.9513888888888888,0.034722222222222224,0.013888888888888888
QR01630,2025-03-22,Line C,Device Alpha,Night,OP024,M-102,124,4,2,2,2.01,Electrical,2067.79,120,0.03225806451612903,0.967741935483871,0.016129032258064516,0.016129032258064516
QR01631,2025-03-14,Line A,Device Delta,Morning,OP029,M-103,197,7,3,4,0.56,Assembly,2573.42,190,0.03553299492385787,0.9644670050761421,0.02030456852791878,0.015228426395939087
QR01632,2025-02-03,Line D,Device Gamma,Morning,OP019,M-102,209,8,2,6,2.26,Material,4968.71,201,0.03827751196172249,0.9617224880382775,0.028708133971291867,0.009569377990430622
QR01633,2025-05-19,Line B,Device Gamma,Night,OP004,M-104,221,8,3,5,0.29,Packaging,1936.79,213,0.03619909502262444,0.9638009049773756,0.02262443438914027,0.013574660633484163
QR01634,2025-03-16,Line A,Device Alpha,Evening,OP005,M-104,253,4,1,3,2.69,Process,1956.04,249,0.015810276679841896,0.9841897233201581,0.011857707509881422,0.003952569169960474
QR01635,2025-09-29,Line C,Device Delta,Morning,OP003,M-106,168,3,1,2,1.64,Assembly,1161.49,165,0.017857142857142856,0.9821428571428571,0.011904761904761904,0.005952380952380952
QR01636,2025-09-26,Line A,Device Alpha,Evening,OP011,M-104,141,3,1,2,3.04,Process,1287.69,138,0.02127659574468085,0.9787234042553191,0.014184397163120567,0.0070921985815602835
QR01637,2025-07-11,Line B,Device Alpha,Morning,OP030,M-105,97,3,1,2,5.08,Calibration,1567.04,94,0.030927835051546393,0.9690721649484536,0.020618556701030927,0.010309278350515464
QR01638,2025-02-27,Line A,Device Alpha,Evening,OP018,M-102,110,2,1,1,0.59,Process,770.17,108,0.01818181818181818,0.9818181818181818,0.00909090909090909,0.00909090909090909
QR01639,2025-11-17,Line B,Device Alpha,Morning,OP005,M-102,269,10,3,7,1.05,Process,4473.53,259,0.03717472118959108,0.9628252788104089,0.026022304832713755,0.011152416356877323
QR01640,2025-04-21,Line C,Device Beta,Morning,OP007,M-101,239,2,1,1,1.72,Calibration,871.38,237,0.008368200836820083,0.9916317991631799,0.0041841004184100415,0.0041841004184100415
QR01641,2025-08-06,Line C,Device Alpha,Evening,OP025,M-102,184,2,0,2,0.88,Packaging,520.0,182,0.010869565217391304,0.9891304347826086,0.010869565217391304,0.0
QR01642,2025-06-29,Line B,Device Beta,Night,OP024,M-105,238,12,2,10,3.07,Assembly,5568.31,226,0.05042016806722689,0.9495798319327731,0.04201680672268908,0.008403361344537815
QR01643,2025-05-04,Line C,Device Alpha,Night,OP011,M-101,270,7,3,4,0.73,Assembly,2511.69,263,0.025925925925925925,0.9740740740740741,0.014814814814814815,0.011111111111111112
QR01644,2025-11-12,Line A,Device Delta,Evening,OP020,M-101,90,4,1,3,2.23,Material,2457.92,86,0.044444444444444446,0.9555555555555556,0.03333333333333333,0.011111111111111112
QR01645,2025-11-21,Line C,Device Delta,Evening,OP001,M-101,193,7,2,5,3.02,Calibration,3731.92,186,0.03626943005181347,0.9637305699481865,0.025906735751295335,0.010362694300518135
QR01646,2025-01-03,Line B,Device Alpha,Night,OP013,M-101,217,7,1,6,4.92,Electrical,5198.19,210,0.03225806451612903,0.967741935483871,0.027649769585253458,0.004608294930875576
QR01647,2025-01-15,Line B,Device Alpha,Night,OP004,M-105,122,4,1,3,1.26,Electrical,2686.39,118,0.03278688524590164,0.9672131147540983,0.02459016393442623,0.00819672131147541
QR01648,2025-02-15,Line C,Device Alpha,Morning,OP024,M-105,158,5,1,4,2.04,Material,3176.52,153,0.03164556962025317,0.9683544303797469,0.02531645569620253,0.006329113924050633
QR01649,2025-05-08,Line B,Device Delta,Evening,OP020,M-105,211,11,5,6,1.4,Electrical,5930.9,200,0.052132701421800945,0.9478672985781991,0.02843601895734597,0.023696682464454975
QR01650,2025-04-17,Line A,Device Gamma,Morning,OP012,M-106,193,2,1,1,2.71,Material,967.66,191,0.010362694300518135,0.9896373056994818,0.0051813471502590676,0.0051813471502590676
QR01651,2025-10-24,Line C,Device Beta,Evening,OP026,M-106,190,4,2,2,1.81,Assembly,1362.64,186,0.021052631578947368,0.9789473684210527,0.010526315789473684,0.010526315789473684
QR01652,2025-11-17,Line B,Device Beta,Morning,OP020,M-106,230,10,3,7,3.16,Material,5829.09,220,0.043478260869565216,0.9565217391304348,0.030434782608695653,0.013043478260869565
QR01653,2025-05-06,Line B,Device Gamma,Evening,OP001,M-101,259,5,2,3,0.74,Assembly,1758.07,254,0.019305019305019305,0.9806949806949807,0.011583011583011582,0.007722007722007722
QR01654,2025-01-12,Line C,Device Delta,Evening,OP017,M-104,196,7,3,4,0.87,Calibration,3012.42,189,0.03571428571428571,0.9642857142857143,0.02040816326530612,0.015306122448979591
QR01655,2025-01-23,Line A,Device Gamma,Night,OP009,M-106,239,2,0,2,4.0,Material,1520.0,237,0.008368200836820083,0.9916317991631799,0.008368200836820083,0.0
QR01656,2025-10-07,Line D,Device Gamma,Evening,OP026,M-102,216,8,2,6,0.75,Process,3922.42,208,0.037037037037037035,0.9629629629629629,0.027777777777777776,0.009259259259259259
QR01657,2025-02-06,Line B,Device Delta,Evening,OP023,M-103,244,14,5,9,2.31,Electrical,8576.08,230,0.05737704918032787,0.9426229508196722,0.036885245901639344,0.020491803278688523
QR01658,2025-09-12,Line B,Device Gamma,Morning,OP004,M-101,233,7,3,4,0.72,Assembly,2645.44,226,0.030042918454935622,0.9699570815450643,0.017167381974248927,0.012875536480686695
QR01659,2025-04-28,Line D,Device Delta,Evening,OP022,M-106,273,18,3,15,0.2,Material,12077.28,255,0.06593406593406594,0.9340659340659341,0.054945054945054944,0.01098901098901099
QR01660,2025-05-01,Line C,Device Gamma,Evening,OP017,M-106,207,2,1,1,3.6,Electrical,1008.27,205,0.00966183574879227,0.9903381642512077,0.004830917874396135,0.004830917874396135
QR01661,2025-07-22,Line D,Device Gamma,Evening,OP001,M-105,232,13,6,7,0.73,Process,5196.74,219,0.05603448275862069,0.9439655172413793,0.03017241379310345,0.02586206896551724
QR01662,2025-06-03,Line C,Device Gamma,Evening,OP012,M-106,110,0,0,0,1.47,Assembly,0.0,110,0.0,1.0,0.0,0.0
QR01663,2025-06-06,Line B,Device Alpha,Morning,OP020,M-103,118,5,1,4,1.65,Packaging,1182.78,113,0.0423728813559322,0.9576271186440678,0.03389830508474576,0.00847457627118644
QR01664,2025-04-29,Line D,Device Alpha,Morning,OP025,M-102,174,9,1,8,0.5,Assembly,4372.11,165,0.05172413793103448,0.9482758620689655,0.04597701149425287,0.005747126436781609
QR01665,2025-02-28,Line D,Device Gamma,Night,OP015,M-102,245,9,2,7,1.0,Packaging,2256.77,236,0.036734693877551024,0.963265306122449,0.02857142857142857,0.00816326530612245
QR01666,2025-11-21,Line B,Device Alpha,Evening,OP008,M-105,196,9,3,6,0.32,Material,4895.62,187,0.04591836734693878,0.9540816326530612,0.030612244897959183,0.015306122448979591
QR01667,2025-01-15,Line B,Device Alpha,Evening,OP002,M-104,121,5,2,3,0.67,Electrical,2785.91,116,0.04132231404958678,0.9586776859504132,0.024793388429752067,0.01652892561983471
QR01668,2025-09-25,Line D,Device Alpha,Night,OP001,M-104,159,8,3,5,0.72,Material,4440.8,151,0.050314465408805034,0.949685534591195,0.031446540880503145,0.018867924528301886
QR01669,2025-01-01,Line C,Device Delta,Morning,OP001,M-106,170,6,3,3,3.12,Process,2132.77,164,0.03529411764705882,0.9647058823529412,0.01764705882352941,0.01764705882352941
QR01670,2025-11-09,Line C,Device Delta,Morning,OP008,M-104,230,6,3,3,1.98,Process,2287.03,224,0.02608695652173913,0.9739130434782609,0.013043478260869565,0.013043478260869565
QR01671,2025-04-12,Line B,Device Delta,Night,OP002,M-104,163,6,2,4,3.49,Packaging,1431.18,157,0.03680981595092025,0.9631901840490797,0.024539877300613498,0.012269938650306749
QR01672,2025-08-11,Line C,Device Alpha,Evening,OP008,M-101,238,4,2,2,0.89,Process,1445.79,234,0.01680672268907563,0.9831932773109243,0.008403361344537815,0.008403361344537815
QR01673,2025-12-08,Line C,Device Gamma,Night,OP015,M-103,245,6,2,4,1.43,Calibration,3018.72,239,0.024489795918367346,0.9755102040816327,0.0163265306122449,0.00816326530612245
QR01674,2025-10-24,Line C,Device Alpha,Morning,OP024,M-101,214,1,0,1,0.35,Assembly,520.0,213,0.004672897196261682,0.9953271028037384,0.004672897196261682,0.0
QR01675,2025-04-21,Line A,Device Beta,Morning,OP015,M-105,143,4,1,3,0.18,Packaging,931.25,139,0.027972027972027972,0.972027972027972,0.02097902097902098,0.006993006993006993
QR01676,2025-06-07,Line B,Device Delta,Evening,OP009,M-104,212,9,4,5,2.24,Assembly,3226.77,203,0.04245283018867924,0.9575471698113207,0.02358490566037736,0.018867924528301886
QR01677,2025-04-10,Line A,Device Gamma,Evening,OP003,M-102,136,2,1,1,0.27,Assembly,710.66,134,0.014705882352941176,0.9852941176470589,0.007352941176470588,0.007352941176470588
QR01678,2025-06-17,Line B,Device Gamma,Evening,OP022,M-103,177,8,3,5,0.98,Assembly,3111.45,169,0.04519774011299435,0.9548022598870056,0.02824858757062147,0.01694915254237288
QR01679,2025-01-27,Line B,Device Delta,Evening,OP013,M-103,130,7,1,6,1.28,Packaging,1654.28,123,0.05384615384615385,0.9461538461538461,0.046153846153846156,0.007692307692307693
QR01680,2025-01-17,Line B,Device Alpha,Evening,OP006,M-101,249,7,2,5,0.54,Process,3232.56,242,0.028112449799196786,0.9718875502008032,0.020080321285140562,0.008032128514056224
QR01681,2025-09-29,Line B,Device Alpha,Morning,OP025,M-106,139,4,1,3,1.27,Electrical,2638.3,135,0.02877697841726619,0.9712230215827338,0.02158273381294964,0.007194244604316547
QR01682,2025-03-18,Line C,Device Delta,Morning,OP009,M-103,178,5,1,4,1.25,Material,3188.22,173,0.028089887640449437,0.9719101123595506,0.02247191011235955,0.0056179775280898875
QR01683,2025-01-31,Line A,Device Gamma,Evening,OP015,M-104,270,4,2,2,0.88,Process,1384.26,266,0.014814814814814815,0.9851851851851852,0.007407407407407408,0.007407407407407408
QR01684,2025-07-18,Line B,Device Alpha,Evening,OP013,M-106,156,4,1,3,1.16,Calibration,2202.28,152,0.02564102564102564,0.9743589743589743,0.019230769230769232,0.00641025641025641
QR01685,2025-10-27,Line D,Device Delta,Morning,OP001,M-102,162,10,4,6,1.33,Calibration,5025.4,152,0.06172839506172839,0.9382716049382716,0.037037037037037035,0.024691358024691357
QR01686,2025-02-07,Line B,Device Alpha,Morning,OP022,M-101,148,5,2,3,4.38,Process,1979.52,143,0.033783783783783786,0.9662162162162162,0.02027027027027027,0.013513513513513514
QR01687,2025-03-28,Line A,Device Beta,Evening,OP029,M-102,245,7,2,5,0.58,Electrical,4396.77,238,0.02857142857142857,0.9714285714285714,0.02040816326530612,0.00816326530612245
QR01688,2025-01-09,Line A,Device Alpha,Morning,OP023,M-106,221,4,1,3,0.48,Electrical,2695.74,217,0.01809954751131222,0.9819004524886877,0.013574660633484163,0.004524886877828055
QR01689,2025-08-11,Line C,Device Delta,Evening,OP022,M-104,190,6,1,5,0.95,Process,3120.08,184,0.031578947368421054,0.968421052631579,0.02631578947368421,0.005263157894736842
QR01690,2025-01-05,Line B,Device Alpha,Night,OP017,M-105,125,5,2,3,1.45,Assembly,1755.63,120,0.04,0.96,0.024,0.016
QR01691,2025-05-22,Line B,Device Delta,Morning,OP027,M-103,241,9,1,8,3.6,Calibration,5539.0,232,0.03734439834024896,0.9626556016597511,0.03319502074688797,0.004149377593360996
QR01692,2025-10-16,Line B,Device Beta,Morning,OP023,M-103,234,11,3,8,2.31,Assembly,4831.23,223,0.04700854700854701,0.9529914529914529,0.03418803418803419,0.01282051282051282
QR01693,2025-07-19,Line B,Device Delta,Night,OP028,M-101,190,10,3,7,3.06,Calibration,5032.42,180,0.05263157894736842,0.9473684210526315,0.03684210526315789,0.015789473684210527
QR01694,2025-05-15,Line C,Device Beta,Evening,OP017,M-104,90,3,1,2,0.94,Material,1637.98,87,0.03333333333333333,0.9666666666666667,0.022222222222222223,0.011111111111111112
QR01695,2025-12-19,Line D,Device Gamma,Evening,OP007,M-106,187,8,3,5,2.55,Calibration,3888.8,179,0.0427807486631016,0.9572192513368984,0.026737967914438502,0.016042780748663103
QR01696,2025-09-28,Line B,Device Delta,Evening,OP008,M-101,142,6,3,3,3.09,Assembly,1938.34,136,0.04225352112676056,0.9577464788732394,0.02112676056338028,0.02112676056338028
QR01697,2025-12-10,Line C,Device Beta,Morning,OP026,M-102,279,8,3,5,0.49,Material,4141.25,271,0.02867383512544803,0.9713261648745519,0.017921146953405017,0.010752688172043012
QR01698,2025-01-13,Line B,Device Beta,Evening,OP017,M-104,206,7,3,4,2.58,Assembly,2684.89,199,0.03398058252427184,0.9660194174757282,0.019417475728155338,0.014563106796116505
QR01699,2025-05-25,Line D,Device Beta,Morning,OP030,M-103,130,5,2,3,1.2,Material,2691.15,125,0.038461538461538464,0.9615384615384616,0.023076923076923078,0.015384615384615385
QR01700,2025-06-24,Line A,Device Beta,Evening,OP030,M-104,101,4,1,3,2.04,Material,2408.65,97,0.039603960396039604,0.9603960396039604,0.0297029702970297,0.009900990099009901
QR01701,2025-06-14,Line A,Device Beta,Morning,OP019,M-102,129,4,1,3,2.27,Calibration,2191.88,125,0.031007751937984496,0.9689922480620154,0.023255813953488372,0.007751937984496124
QR01702,2025-09-24,Line A,Device Beta,Morning,OP014,M-101,229,8,1,7,1.48,Material,5452.47,221,0.034934497816593885,0.9650655021834061,0.03056768558951965,0.004366812227074236
QR01703,2025-09-28,Line A,Device Alpha,Night,OP007,M-105,191,4,1,3,0.58,Calibration,2261.2,187,0.020942408376963352,0.9790575916230366,0.015706806282722512,0.005235602094240838
QR01704,2025-05-19,Line A,Device Beta,Night,OP022,M-102,254,7,2,5,0.26,Process,3141.54,247,0.027559055118110236,0.9724409448818898,0.01968503937007874,0.007874015748031496
QR01705,2025-12-12,Line C,Device Alpha,Morning,OP009,M-103,200,4,2,2,0.63,Electrical,1954.05,196,0.02,0.98,0.01,0.01
QR01706,2025-06-26,Line D,Device Alpha,Morning,OP002,M-103,119,7,1,6,1.45,Material,4676.39,112,0.058823529411764705,0.9411764705882353,0.05042016806722689,0.008403361344537815
QR01707,2025-06-04,Line B,Device Beta,Night,OP021,M-103,236,11,3,8,2.99,Assembly,4873.61,225,0.046610169491525424,0.9533898305084746,0.03389830508474576,0.012711864406779662
QR01708,2025-04-14,Line D,Device Gamma,Night,OP008,M-103,107,6,2,4,0.42,Calibration,2927.31,101,0.056074766355140186,0.9439252336448598,0.037383177570093455,0.018691588785046728
QR01709,2025-03-20,Line D,Device Delta,Night,OP028,M-102,248,18,3,15,1.04,Electrical,13016.4,230,0.07258064516129033,0.9274193548387096,0.06048387096774194,0.012096774193548387
QR01710,2025-02-19,Line B,Device Gamma,Night,OP012,M-104,233,9,2,7,2.54,Assembly,3862.19,224,0.03862660944206009,0.9613733905579399,0.030042918454935622,0.008583690987124463
QR01711,2025-11-13,Line A,Device Gamma,Evening,OP029,M-104,154,4,1,3,1.43,Process,1888.36,150,0.025974025974025976,0.974025974025974,0.01948051948051948,0.006493506493506494
QR01712,2025-01-02,Line B,Device Gamma,Morning,OP001,M-101,271,12,4,8,9.18,Calibration,5871.26,259,0.04428044280442804,0.955719557195572,0.02952029520295203,0.014760147601476014
QR01713,2025-02-20,Line A,Device Gamma,Evening,OP004,M-106,261,2,0,2,3.88,Assembly,1040.0,259,0.007662835249042145,0.9923371647509579,0.007662835249042145,0.0
QR01714,2025-07-19,Line C,Device Delta,Evening,OP026,M-101,184,2,0,2,0.43,Electrical,1680.0,182,0.010869565217391304,0.9891304347826086,0.010869565217391304,0.0
QR01715,2025-06-16,Line B,Device Delta,Night,OP024,M-103,270,7,3,4,3.44,Process,3017.67,263,0.025925925925925925,0.9740740740740741,0.014814814814814815,0.011111111111111112
QR01716,2025-05-17,Line D,Device Delta,Night,OP006,M-101,117,5,2,3,1.48,Calibration,2392.82,112,0.042735042735042736,0.9572649572649573,0.02564102564102564,0.017094017094017096
QR01717,2025-10-03,Line B,Device Delta,Night,OP001,M-101,112,6,2,4,0.39,Assembly,2481.25,106,0.05357142857142857,0.9464285714285714,0.03571428571428571,0.017857142857142856
QR01718,2025-09-13,Line D,Device Delta,Night,OP007,M-101,98,6,2,4,1.77,Material,3330.25,92,0.061224489795918366,0.9387755102040817,0.04081632653061224,0.02040816326530612
QR01719,2025-07-26,Line B,Device Gamma,Night,OP021,M-102,222,7,1,6,1.5,Assembly,3283.65,215,0.03153153153153153,0.9684684684684685,0.02702702702702703,0.0045045045045045045
QR01720,2025-05-17,Line B,Device Gamma,Evening,OP023,M-105,272,10,2,8,2.45,Material,6446.93,262,0.03676470588235294,0.9632352941176471,0.029411764705882353,0.007352941176470588
QR01721,2025-01-03,Line D,Device Alpha,Morning,OP030,M-102,125,5,1,4,0.32,Packaging,1203.02,120,0.04,0.96,0.032,0.008
QR01722,2025-12-25,Line C,Device Alpha,Evening,OP008,M-101,187,2,1,1,3.43,Process,715.87,185,0.0106951871657754,0.9893048128342246,0.0053475935828877,0.0053475935828877
QR01723,2025-03-16,Line B,Device Delta,Morning,OP002,M-103,248,13,2,11,0.45,Calibration,7749.61,235,0.05241935483870968,0.9475806451612904,0.04435483870967742,0.008064516129032258
QR01724,2025-02-16,Line C,Device Gamma,Morning,OP003,M-105,167,3,1,2,4.41,Assembly,1167.06,164,0.017964071856287425,0.9820359281437125,0.011976047904191617,0.005988023952095809
QR01725,2025-01-03,Line D,Device Alpha,Evening,OP008,M-102,270,13,2,11,0.57,Process,6960.11,257,0.04814814814814815,0.9518518518518518,0.040740740740740744,0.007407407407407408
QR01726,2025-06-13,Line C,Device Gamma,Evening,OP025,M-106,248,4,1,3,0.88,Packaging,977.97,244,0.016129032258064516,0.9838709677419355,0.012096774193548387,0.004032258064516129
QR01727,2025-03-31,Line A,Device Alpha,Evening,OP018,M-102,220,3,1,2,1.76,Packaging,656.2,217,0.013636363636363636,0.9863636363636363,0.00909090909090909,0.004545454545454545
QR01728,2025-12-05,Line C,Device Gamma,Morning,OP011,M-105,173,2,0,2,2.02,Process,1180.0,171,0.011560693641618497,0.9884393063583815,0.011560693641618497,0.0
QR01729,2025-06-30,Line C,Device Delta,Evening,OP013,M-103,267,9,2,7,1.78,Material,5651.09,258,0.033707865168539325,0.9662921348314607,0.026217228464419477,0.00749063670411985
QR01730,2025-05-23,Line C,Device Beta,Evening,OP006,M-106,106,5,2,3,1.24,Packaging,1053.06,101,0.04716981132075472,0.9528301886792453,0.02830188679245283,0.018867924528301886
QR01731,2025-03-28,Line D,Device Gamma,Night,OP026,M-104,158,7,1,6,5.05,Electrical,5172.32,151,0.04430379746835443,0.9556962025316456,0.0379746835443038,0.006329113924050633
QR01732,2025-04-11,Line C,Device Alpha,Morning,OP017,M-102,280,3,1,2,1.54,Assembly,1228.88,277,0.010714285714285714,0.9892857142857143,0.007142857142857143,0.0035714285714285713
QR01733,2025-05-26,Line A,Device Delta,Evening,OP004,M-102,148,6,1,5,1.11,Calibration,3590.31,142,0.04054054054054054,0.9594594594594594,0.033783783783783786,0.006756756756756757
QR01734,2025-03-08,Line A,Device Delta,Night,OP025,M-102,247,9,4,5,1.67,Packaging,2235.06,238,0.03643724696356275,0.9635627530364372,0.020242914979757085,0.016194331983805668
QR01735,2025-06-15,Line B,Device Gamma,Morning,OP021,M-105,134,7,2,5,1.21,Assembly,2809.98,127,0.05223880597014925,0.9477611940298507,0.03731343283582089,0.014925373134328358
QR01736,2025-11-16,Line A,Device Delta,Morning,OP014,M-106,129,6,1,5,3.37,Process,3134.07,123,0.046511627906976744,0.9534883720930233,0.03875968992248062,0.007751937984496124
QR01737,2025-04-30,Line D,Device Gamma,Evening,OP005,M-106,260,14,3,11,0.29,Assembly,6249.09,246,0.05384615384615385,0.9461538461538461,0.04230769230769231,0.011538461538461539
QR01738,2025-09-18,Line C,Device Beta,Evening,OP007,M-105,161,2,1,1,1.08,Assembly,737.83,159,0.012422360248447204,0.9875776397515528,0.006211180124223602,0.006211180124223602
QR01739,2025-08-06,Line D,Device Beta,Morning,OP009,M-105,100,6,2,4,1.62,Assembly,2495.04,94,0.06,0.94,0.04,0.02
QR01740,2025-04-11,Line A,Device Gamma,Evening,OP026,M-102,186,4,1,3,2.11,Process,1992.51,182,0.021505376344086023,0.978494623655914,0.016129032258064516,0.005376344086021506
QR01741,2025-07-27,Line B,Device Alpha,Morning,OP027,M-102,149,6,3,3,1.93,Assembly,2080.82,143,0.040268456375838924,0.959731543624161,0.020134228187919462,0.020134228187919462
QR01742,2025-05-20,Line B,Device Alpha,Night,OP018,M-102,258,10,2,8,0.65,Calibration,5828.6,248,0.03875968992248062,0.9612403100775194,0.031007751937984496,0.007751937984496124
QR01743,2025-11-16,Line D,Device Gamma,Evening,OP003,M-101,207,10,3,7,2.33,Electrical,6387.0,197,0.04830917874396135,0.9516908212560387,0.033816425120772944,0.014492753623188406
QR01744,2025-02-27,Line B,Device Beta,Morning,OP005,M-106,124,5,1,4,0.76,Packaging,1259.89,119,0.04032258064516129,0.9596774193548387,0.03225806451612903,0.008064516129032258
QR01745,2025-11-19,Line B,Device Delta,Morning,OP028,M-104,228,10,3,7,2.22,Material,5742.3,218,0.043859649122807015,0.956140350877193,0.03070175438596491,0.013157894736842105
QR01746,2025-03-18,Line C,Device Beta,Evening,OP014,M-105,219,6,1,5,0.53,Electrical,4371.2,213,0.0273972602739726,0.9726027397260274,0.0228310502283105,0.0045662100456621
QR01747,2025-04-18,Line C,Device Beta,Night,OP008,M-101,176,5,2,3,3.14,Packaging,974.65,171,0.028409090909090908,0.9715909090909091,0.017045454545454544,0.011363636363636364
QR01748,2025-05-07,Line B,Device Gamma,Evening,OP002,M-106,210,9,2,7,1.84,Material,5582.14,201,0.04285714285714286,0.9571428571428572,0.03333333333333333,0.009523809523809525
QR01749,2025-12-31,Line C,Device Alpha,Morning,OP008,M-101,140,1,0,1,0.82,Assembly,520.0,139,0.007142857142857143,0.9928571428571429,0.007142857142857143,0.0
QR01750,2025-04-05,Line D,Device Gamma,Morning,OP022,M-103,225,11,4,7,2.14,Material,6257.37,214,0.04888888888888889,0.9511111111111111,0.03111111111111111,0.017777777777777778
QR01751,2025-07-23,Line A,Device Delta,Evening,OP026,M-104,145,5,1,4,2.71,Assembly,2205.59,140,0.034482758620689655,0.9655172413793104,0.027586206896551724,0.006896551724137931
QR01752,2025-07-24,Line A,Device Gamma,Night,OP020,M-106,191,6,1,5,2.54,Assembly,2747.69,185,0.031413612565445025,0.9685863874345549,0.02617801047120419,0.005235602094240838
QR01753,2025-02-10,Line C,Device Delta,Morning,OP016,M-103,222,9,3,6,4.12,Packaging,2093.28,213,0.04054054054054054,0.9594594594594594,0.02702702702702703,0.013513513513513514
QR01754,2025-10-11,Line B,Device Delta,Evening,OP026,M-103,114,5,2,3,1.06,Calibration,2397.43,109,0.043859649122807015,0.956140350877193,0.02631578947368421,0.017543859649122806
QR01755,2025-06-02,Line D,Device Alpha,Morning,OP030,M-102,228,11,4,7,4.76,Assembly,4380.59,217,0.04824561403508772,0.9517543859649122,0.03070175438596491,0.017543859649122806
QR01756,2025-12-16,Line C,Device Gamma,Night,OP023,M-104,123,3,1,2,3.2,Calibration,1490.48,120,0.024390243902439025,0.975609756097561,0.016260162601626018,0.008130081300813009
QR01757,2025-01-19,Line A,Device Alpha,Night,OP012,M-106,249,8,3,5,7.21,Electrical,4592.77,241,0.0321285140562249,0.9678714859437751,0.020080321285140562,0.012048192771084338
QR01758,2025-04-06,Line B,Device Delta,Morning,OP010,M-101,143,7,3,4,3.11,Material,3685.1,136,0.04895104895104895,0.951048951048951,0.027972027972027972,0.02097902097902098
QR01759,2025-10-10,Line B,Device Beta,Morning,OP020,M-103,91,4,1,3,0.91,Material,2433.94,87,0.04395604395604396,0.9560439560439561,0.03296703296703297,0.01098901098901099
QR01760,2025-03-06,Line D,Device Beta,Night,OP010,M-101,259,17,7,10,2.58,Calibration,8193.01,242,0.06563706563706563,0.9343629343629344,0.03861003861003861,0.02702702702702703
QR01761,2025-12-12,Line D,Device Delta,Morning,OP024,M-105,234,12,4,8,1.9,Calibration,6287.18,222,0.05128205128205128,0.9487179487179487,0.03418803418803419,0.017094017094017096
QR01762,2025-07-17,Line A,Device Delta,Morning,OP004,M-101,225,10,4,6,1.36,Process,4364.55,215,0.044444444444444446,0.9555555555555556,0.02666666666666667,0.017777777777777778
QR01763,2025-03-25,Line B,Device Beta,Night,OP010,M-101,167,8,2,6,1.95,Packaging,1843.36,159,0.04790419161676647,0.9520958083832335,0.03592814371257485,0.011976047904191617
QR01764,2025-12-23,Line C,Device Gamma,Morning,OP020,M-101,256,6,1,5,0.9,Electrical,4428.12,250,0.0234375,0.9765625,0.01953125,0.00390625
QR01765,2025-11-26,Line D,Device Beta,Morning,OP019,M-101,113,7,2,5,2.71,Packaging,1612.85,106,0.061946902654867256,0.9380530973451328,0.04424778761061947,0.017699115044247787
QR01766,2025-07-11,Line D,Device Beta,Evening,OP019,M-101,236,17,4,13,0.12,Material,10722.92,219,0.07203389830508475,0.9279661016949152,0.05508474576271186,0.01694915254237288
QR01767,2025-02-18,Line A,Device Alpha,Morning,OP014,M-102,192,6,1,5,1.16,Packaging,1518.83,186,0.03125,0.96875,0.026041666666666668,0.005208333333333333
QR01768,2025-05-15,Line B,Device Alpha,Morning,OP002,M-103,165,6,1,5,1.73,Electrical,4438.36,159,0.03636363636363636,0.9636363636363636,0.030303030303030304,0.006060606060606061
QR01769,2025-09-10,Line B,Device Beta,Morning,OP012,M-105,209,7,2,5,2.73,Calibration,3790.33,202,0.03349282296650718,0.9665071770334929,0.023923444976076555,0.009569377990430622
QR01770,2025-04-23,Line A,Device Gamma,Morning,OP002,M-103,199,2,1,1,3.73,Calibration,899.73,197,0.010050251256281407,0.9899497487437185,0.005025125628140704,0.005025125628140704
QR01771,2025-10-29,Line B,Device Beta,Evening,OP024,M-101,209,9,1,8,1.25,Electrical,6828.35,200,0.0430622009569378,0.9569377990430622,0.03827751196172249,0.004784688995215311
QR01772,2025-01-29,Line D,Device Alpha,Night,OP019,M-105,227,12,2,10,0.63,Calibration,7181.0,215,0.05286343612334802,0.947136563876652,0.04405286343612335,0.00881057268722467
QR01773,2025-09-03,Line C,Device Beta,Evening,OP025,M-105,236,8,2,6,2.02,Assembly,3541.17,228,0.03389830508474576,0.9661016949152542,0.025423728813559324,0.00847457627118644
QR01774,2025-07-10,Line A,Device Beta,Night,OP010,M-103,124,4,2,2,2.17,Calibration,1540.39,120,0.03225806451612903,0.967741935483871,0.016129032258064516,0.016129032258064516
QR01775,2025-01-10,Line C,Device Beta,Evening,OP002,M-105,247,3,1,2,2.62,Material,1716.12,244,0.012145748987854251,0.9878542510121457,0.008097165991902834,0.004048582995951417
QR01776,2025-10-25,Line C,Device Delta,Morning,OP011,M-102,90,3,1,2,8.14,Calibration,1544.64,87,0.03333333333333333,0.9666666666666667,0.022222222222222223,0.011111111111111112
QR01777,2025-04-10,Line D,Device Beta,Evening,OP024,M-101,141,9,2,7,1.56,Assembly,3992.79,132,0.06382978723404255,0.9361702127659575,0.04964539007092199,0.014184397163120567
QR01778,2025-12-09,Line C,Device Delta,Morning,OP017,M-102,211,7,2,5,0.66,Material,4047.88,204,0.03317535545023697,0.966824644549763,0.023696682464454975,0.009478672985781991
QR01779,2025-08-04,Line A,Device Beta,Evening,OP007,M-105,211,10,4,6,0.49,Electrical,5646.3,201,0.04739336492890995,0.95260663507109,0.02843601895734597,0.018957345971563982
QR01780,2025-03-05,Line C,Device Gamma,Morning,OP002,M-101,130,3,1,2,2.21,Electrical,1889.29,127,0.023076923076923078,0.9769230769230769,0.015384615384615385,0.007692307692307693
QR01781,2025-08-23,Line D,Device Beta,Morning,OP028,M-101,94,5,1,4,1.04,Process,2517.73,89,0.05319148936170213,0.9468085106382979,0.0425531914893617,0.010638297872340425
QR01782,2025-11-17,Line B,Device Beta,Morning,OP030,M-104,246,10,4,6,3.35,Packaging,2355.91,236,0.04065040650406504,0.959349593495935,0.024390243902439025,0.016260162601626018
QR01783,2025-09-13,Line B,Device Alpha,Night,OP018,M-102,187,8,2,6,2.55,Packaging,1909.74,179,0.0427807486631016,0.9572192513368984,0.03208556149732621,0.0106951871657754
QR01784,2025-05-31,Line A,Device Alpha,Morning,OP003,M-104,214,3,0,3,0.27,Calibration,2040.0,211,0.014018691588785047,0.985981308411215,0.014018691588785047,0.0
QR01785,2025-05-27,Line C,Device Alpha,Morning,OP011,M-104,128,1,0,1,4.13,Calibration,680.0,127,0.0078125,0.9921875,0.0078125,0.0
QR01786,2025-07-04,Line B,Device Beta,Evening,OP005,M-104,106,4,1,3,1.87,Assembly,1782.74,102,0.03773584905660377,0.9622641509433962,0.02830188679245283,0.009433962264150943
QR01787,2025-10-09,Line A,Device Alpha,Evening,OP022,M-106,229,1,0,1,1.36,Packaging,260.0,228,0.004366812227074236,0.9956331877729258,0.004366812227074236,0.0
QR01788,2025-05-04,Line B,Device Gamma,Morning,OP016,M-102,177,7,1,6,3.77,Process,3766.76,170,0.03954802259887006,0.96045197740113,0.03389830508474576,0.005649717514124294
QR01789,2025-04-29,Line D,Device Beta,Morning,OP022,M-103,225,10,3,7,3.63,Process,4425.55,215,0.044444444444444446,0.9555555555555556,0.03111111111111111,0.013333333333333334
QR01790,2025-10-29,Line D,Device Gamma,Night,OP028,M-101,245,11,4,7,1.79,Electrical,6336.51,234,0.044897959183673466,0.9551020408163265,0.02857142857142857,0.0163265306122449
QR01791,2025-06-28,Line D,Device Delta,Morning,OP016,M-106,96,5,1,4,3.9,Assembly,2229.55,91,0.052083333333333336,0.9479166666666666,0.041666666666666664,0.010416666666666666
QR01792,2025-07-19,Line D,Device Delta,Evening,OP021,M-102,107,7,2,5,3.36,Material,4172.17,100,0.06542056074766354,0.9345794392523364,0.04672897196261682,0.018691588785046728
QR01793,2025-09-28,Line B,Device Beta,Morning,OP019,M-101,219,8,2,6,2.0,Packaging,1994.55,211,0.0365296803652968,0.9634703196347032,0.0273972602739726,0.0091324200913242
QR01794,2025-07-15,Line A,Device Delta,Morning,OP007,M-102,129,3,1,2,2.85,Packaging,644.4,126,0.023255813953488372,0.9767441860465116,0.015503875968992248,0.007751937984496124
QR01795,2025-04-30,Line A,Device Beta,Night,OP030,M-104,220,8,2,6,2.06,Electrical,5487.8,212,0.03636363636363636,0.9636363636363636,0.02727272727272727,0.00909090909090909
QR01796,2025-02-14,Line C,Device Delta,Evening,OP030,M-103,224,9,1,8,1.77,Material,6254.02,215,0.04017857142857143,0.9598214285714286,0.03571428571428571,0.004464285714285714
QR01797,2025-10-30,Line A,Device Delta,Morning,OP030,M-106,192,8,2,6,1.83,Electrical,5429.74,184,0.041666666666666664,0.9583333333333334,0.03125,0.010416666666666666
QR01798,2025-04-28,Line C,Device Alpha,Morning,OP024,M-104,141,1,0,1,2.1,Packaging,260.0,140,0.0070921985815602835,0.9929078014184397,0.0070921985815602835,0.0
QR01799,2025-05-03,Line A,Device Alpha,Morning,OP017,M-105,223,6,1,5,4.37,Calibration,3596.6,217,0.026905829596412557,0.9730941704035875,0.02242152466367713,0.004484304932735426
QR01800,2025-07-17,Line C,Device Delta,Evening,OP025,M-101,212,5,2,3,0.54,Packaging,1132.08,207,0.02358490566037736,0.9764150943396226,0.014150943396226415,0.009433962264150943
QR01801,2025-04-25,Line A,Device Beta,Night,OP025,M-106,245,12,5,7,0.25,Assembly,4675.56,233,0.04897959183673469,0.9510204081632653,0.02857142857142857,0.02040816326530612
QR01802,2025-08-21,Line C,Device Alpha,Morning,OP024,M-102,215,3,1,2,0.43,Process,1272.64,212,0.013953488372093023,0.986046511627907,0.009302325581395349,0.004651162790697674
QR01803,2025-03-03,Line A,Device Delta,Evening,OP021,M-104,117,4,1,3,1.68,Electrical,2633.32,113,0.03418803418803419,0.9658119658119658,0.02564102564102564,0.008547008547008548
QR01804,2025-09-25,Line C,Device Alpha,Night,OP009,M-104,175,2,0,2,0.92,Process,1180.0,173,0.011428571428571429,0.9885714285714285,0.011428571428571429,0.0
QR01805,2025-08-04,Line D,Device Delta,Morning,OP007,M-106,140,9,3,6,0.46,Process,4212.95,131,0.06428571428571428,0.9357142857142857,0.04285714285714286,0.02142857142857143
QR01806,2025-09-02,Line D,Device Delta,Morning,OP022,M-106,218,14,4,10,3.1,Process,6334.83,204,0.06422018348623854,0.9357798165137615,0.045871559633027525,0.01834862385321101
QR01807,2025-02-18,Line D,Device Delta,Morning,OP014,M-101,243,13,3,10,1.88,Material,8231.26,230,0.053497942386831275,0.9465020576131687,0.0411522633744856,0.012345679012345678
QR01808,2025-09-22,Line C,Device Delta,Night,OP026,M-102,155,6,1,5,1.08,Assembly,2745.36,149,0.03870967741935484,0.9612903225806452,0.03225806451612903,0.0064516129032258064
QR01809,2025-05-03,Line C,Device Beta,Night,OP013,M-105,158,7,2,5,0.4,Material,4067.61,151,0.04430379746835443,0.9556962025316456,0.03164556962025317,0.012658227848101266
QR01810,2025-12-20,Line C,Device Delta,Morning,OP013,M-104,278,12,5,7,0.52,Packaging,2576.92,266,0.04316546762589928,0.9568345323741008,0.025179856115107913,0.017985611510791366
QR01811,2025-05-10,Line C,Device Beta,Morning,OP025,M-106,217,5,1,4,1.13,Material,3154.39,212,0.02304147465437788,0.9769585253456221,0.018433179723502304,0.004608294930875576
QR01812,2025-08-09,Line C,Device Delta,Morning,OP016,M-102,176,5,2,3,1.75,Assembly,1876.12,171,0.028409090909090908,0.9715909090909091,0.017045454545454544,0.011363636363636364
QR01813,2025-09-27,Line B,Device Alpha,Morning,OP008,M-101,262,9,1,8,3.27,Assembly,4301.51,253,0.03435114503816794,0.9656488549618321,0.030534351145038167,0.003816793893129771
QR01814,2025-05-23,Line D,Device Alpha,Night,OP021,M-104,156,5,1,4,1.3,Calibration,2844.51,151,0.03205128205128205,0.967948717948718,0.02564102564102564,0.00641025641025641
QR01815,2025-02-20,Line B,Device Alpha,Morning,OP004,M-102,197,5,1,4,0.98,Electrical,3573.63,192,0.025380710659898477,0.9746192893401016,0.02030456852791878,0.005076142131979695
QR01816,2025-01-26,Line C,Device Alpha,Night,OP002,M-101,224,6,1,5,1.69,Assembly,2809.38,218,0.026785714285714284,0.9732142857142857,0.022321428571428572,0.004464285714285714
QR01817,2025-02-11,Line C,Device Alpha,Evening,OP009,M-104,139,2,0,2,0.37,Electrical,1680.0,137,0.014388489208633094,0.9856115107913669,0.014388489208633094,0.0
QR01818,2025-08-21,Line A,Device Gamma,Night,OP023,M-105,135,2,0,2,3.1,Assembly,1040.0,133,0.014814814814814815,0.9851851851851852,0.014814814814814815,0.0
QR01819,2025-04-19,Line B,Device Gamma,Night,OP023,M-101,262,5,2,3,2.26,Packaging,1101.79,257,0.019083969465648856,0.9809160305343512,0.011450381679389313,0.007633587786259542
QR01820,2025-06-13,Line C,Device Alpha,Night,OP014,M-106,260,4,1,3,2.18,Process,1944.73,256,0.015384615384615385,0.9846153846153847,0.011538461538461539,0.0038461538461538464
QR01821,2025-11-15,Line D,Device Gamma,Evening,OP010,M-104,257,11,2,9,3.47,Process,5724.44,246,0.042801556420233464,0.9571984435797666,0.03501945525291829,0.007782101167315175
QR01822,2025-02-06,Line B,Device Delta,Morning,OP030,M-104,216,9,3,6,2.73,Material,5080.04,207,0.041666666666666664,0.9583333333333334,0.027777777777777776,0.013888888888888888
QR01823,2025-03-31,Line B,Device Alpha,Morning,OP003,M-105,226,5,2,3,9.84,Calibration,2400.03,221,0.022123893805309734,0.9778761061946902,0.01327433628318584,0.008849557522123894
QR01824,2025-11-09,Line C,Device Gamma,Evening,OP023,M-105,128,2,1,1,1.49,Process,767.38,126,0.015625,0.984375,0.0078125,0.0078125
QR01825,2025-09-12,Line B,Device Alpha,Night,OP017,M-102,146,6,1,5,6.92,Process,3181.41,140,0.0410958904109589,0.958904109589041,0.03424657534246575,0.00684931506849315
QR01826,2025-01-03,Line B,Device Beta,Morning,OP017,M-105,96,4,1,3,1.97,Process,1984.45,92,0.041666666666666664,0.9583333333333334,0.03125,0.010416666666666666
QR01827,2025-07-13,Line B,Device Alpha,Evening,OP002,M-104,232,11,4,7,6.98,Assembly,4135.08,221,0.04741379310344827,0.9525862068965517,0.03017241379310345,0.017241379310344827
QR01828,2025-01-21,Line B,Device Gamma,Morning,OP005,M-105,237,8,3,5,3.28,Packaging,1996.42,229,0.03375527426160337,0.9662447257383966,0.02109704641350211,0.012658227848101266
QR01829,2025-07-17,Line B,Device Alpha,Morning,OP025,M-104,244,8,3,5,0.33,Packaging,1921.45,236,0.03278688524590164,0.9672131147540983,0.020491803278688523,0.012295081967213115
QR01830,2025-06-20,Line A,Device Beta,Morning,OP020,M-101,164,6,3,3,1.95,Process,2215.23,158,0.036585365853658534,0.9634146341463414,0.018292682926829267,0.018292682926829267
QR01831,2025-10-08,Line D,Device Delta,Morning,OP013,M-103,101,8,1,7,1.1,Assembly,3750.32,93,0.07920792079207921,0.9207920792079208,0.06930693069306931,0.009900990099009901
QR01832,2025-02-01,Line B,Device Alpha,Morning,OP016,M-103,220,12,3,9,2.76,Electrical,7918.31,208,0.05454545454545454,0.9454545454545454,0.04090909090909091,0.013636363636363636
QR01833,2025-02-04,Line B,Device Beta,Night,OP005,M-104,209,8,2,6,0.99,Material,4848.76,201,0.03827751196172249,0.9617224880382775,0.028708133971291867,0.009569377990430622
QR01834,2025-02-24,Line D,Device Beta,Evening,OP030,M-104,210,12,5,7,1.59,Assembly,4227.22,198,0.05714285714285714,0.9428571428571428,0.03333333333333333,0.023809523809523808
QR01835,2025-06-03,Line B,Device Beta,Morning,OP016,M-102,131,6,1,5,3.23,Electrical,4306.14,125,0.04580152671755725,0.9541984732824428,0.03816793893129771,0.007633587786259542
QR01836,2025-02-16,Line D,Device Alpha,Evening,OP020,M-106,222,11,5,6,0.87,Assembly,3670.06,211,0.04954954954954955,0.9504504504504504,0.02702702702702703,0.02252252252252252
QR01837,2025-03-06,Line B,Device Delta,Morning,OP015,M-101,210,8,3,5,1.55,Process,3629.85,202,0.0380952380952381,0.9619047619047619,0.023809523809523808,0.014285714285714285
QR01838,2025-10-17,Line A,Device Alpha,Night,OP026,M-103,206,4,1,3,1.97,Calibration,2181.28,202,0.019417475728155338,0.9805825242718447,0.014563106796116505,0.0048543689320388345
QR01839,2025-11-07,Line A,Device Delta,Morning,OP013,M-106,204,5,2,3,2.97,Process,2067.48,199,0.024509803921568627,0.9754901960784313,0.014705882352941176,0.00980392156862745
QR01840,2025-01-22,Line C,Device Beta,Morning,OP008,M-101,257,6,3,3,0.75,Material,2578.68,251,0.023346303501945526,0.9766536964980544,0.011673151750972763,0.011673151750972763
QR01841,2025-02-19,Line C,Device Alpha,Morning,OP017,M-106,190,6,2,4,1.55,Calibration,2985.04,184,0.031578947368421054,0.968421052631579,0.021052631578947368,0.010526315789473684
QR01842,2025-04-05,Line D,Device Gamma,Evening,OP013,M-105,134,9,3,6,4.04,Process,3818.97,125,0.06716417910447761,0.9328358208955224,0.04477611940298507,0.022388059701492536
QR01843,2025-05-22,Line B,Device Alpha,Evening,OP022,M-104,255,8,3,5,2.32,Packaging,1940.72,247,0.03137254901960784,0.9686274509803922,0.0196078431372549,0.011764705882352941
QR01844,2025-06-10,Line D,Device Delta,Evening,OP026,M-102,179,11,2,9,0.44,Calibration,6372.27,168,0.061452513966480445,0.9385474860335196,0.05027932960893855,0.0111731843575419
QR01845,2025-03-27,Line C,Device Alpha,Night,OP030,M-104,273,3,1,2,0.36,Calibration,1481.08,270,0.01098901098901099,0.989010989010989,0.007326007326007326,0.003663003663003663
QR01846,2025-09-30,Line A,Device Alpha,Evening,OP013,M-104,188,3,1,2,0.2,Material,1651.78,185,0.015957446808510637,0.9840425531914894,0.010638297872340425,0.005319148936170213
QR01847,2025-12-16,Line D,Device Beta,Morning,OP008,M-103,141,5,1,4,0.65,Calibration,2884.21,136,0.03546099290780142,0.9645390070921985,0.028368794326241134,0.0070921985815602835
QR01848,2025-11-29,Line A,Device Alpha,Morning,OP027,M-106,249,5,1,4,0.99,Packaging,1181.4,244,0.020080321285140562,0.9799196787148594,0.01606425702811245,0.004016064257028112
QR01849,2025-01-13,Line A,Device Gamma,Night,OP028,M-106,194,4,1,3,0.26,Process,2006.12,190,0.020618556701030927,0.979381443298969,0.015463917525773196,0.005154639175257732
QR01850,2025-01-09,Line B,Device Delta,Morning,OP013,M-104,187,5,2,3,1.41,Calibration,2381.27,182,0.026737967914438502,0.9732620320855615,0.016042780748663103,0.0106951871657754
QR01851,2025-03-26,Line C,Device Alpha,Evening,OP027,M-103,267,4,1,3,1.56,Assembly,1795.73,263,0.0149812734082397,0.9850187265917603,0.011235955056179775,0.003745318352059925
QR01852,2025-07-25,Line D,Device Delta,Evening,OP002,M-103,233,17,6,11,0.43,Material,9568.04,216,0.07296137339055794,0.927038626609442,0.04721030042918455,0.02575107296137339
QR01853,2025-10-07,Line D,Device Alpha,Morning,OP029,M-104,268,12,2,10,0.94,Assembly,5491.94,256,0.04477611940298507,0.9552238805970149,0.03731343283582089,0.007462686567164179
QR01854,2025-12-15,Line D,Device Gamma,Morning,OP029,M-106,168,6,2,4,1.68,Calibration,3009.19,162,0.03571428571428571,0.9642857142857143,0.023809523809523808,0.011904761904761904
QR01855,2025-03-26,Line A,Device Gamma,Morning,OP021,M-104,204,4,1,3,0.46,Packaging,958.35,200,0.0196078431372549,0.9803921568627451,0.014705882352941176,0.004901960784313725
QR01856,2025-10-03,Line D,Device Delta,Morning,OP029,M-101,222,14,4,10,0.67,Material,8363.15,208,0.06306306306306306,0.9369369369369369,0.04504504504504504,0.018018018018018018
QR01857,2025-08-31,Line A,Device Beta,Night,OP027,M-103,90,2,1,1,2.14,Assembly,739.27,88,0.022222222222222223,0.9777777777777777,0.011111111111111112,0.011111111111111112
QR01858,2025-02-26,Line D,Device Gamma,Morning,OP019,M-101,212,11,3,8,2.56,Assembly,4584.71,201,0.05188679245283019,0.9481132075471698,0.03773584905660377,0.014150943396226415
QR01859,2025-12-06,Line D,Device Gamma,Morning,OP007,M-105,205,9,3,6,0.03,Material,5098.23,196,0.04390243902439024,0.9560975609756097,0.02926829268292683,0.014634146341463415
QR01860,2025-09-02,Line B,Device Delta,Evening,OP017,M-105,128,7,2,5,0.95,Packaging,1569.4,121,0.0546875,0.9453125,0.0390625,0.015625
QR01861,2025-07-26,Line D,Device Alpha,Morning,OP025,M-102,108,6,1,5,5.29,Calibration,3537.47,102,0.05555555555555555,0.9444444444444444,0.046296296296296294,0.009259259259259259
QR01862,2025-06-27,Line A,Device Gamma,Morning,OP015,M-105,97,1,0,1,1.05,Assembly,520.0,96,0.010309278350515464,0.9896907216494846,0.010309278350515464,0.0
QR01863,2025-10-19,Line D,Device Delta,Evening,OP007,M-103,183,11,3,8,2.41,Packaging,2449.76,172,0.060109289617486336,0.9398907103825137,0.04371584699453552,0.01639344262295082
QR01864,2025-02-19,Line B,Device Delta,Night,OP004,M-103,129,5,1,4,0.13,Material,3263.58,124,0.03875968992248062,0.9612403100775194,0.031007751937984496,0.007751937984496124
QR01865,2025-06-02,Line A,Device Delta,Night,OP001,M-102,191,8,2,6,2.4,Process,3923.68,183,0.041884816753926704,0.9581151832460733,0.031413612565445025,0.010471204188481676
QR01866,2025-05-27,Line A,Device Delta,Morning,OP014,M-103,275,10,3,7,1.8,Material,5890.07,265,0.03636363636363636,0.9636363636363636,0.025454545454545455,0.01090909090909091
QR01867,2025-03-14,Line B,Device Alpha,Evening,OP009,M-104,267,7,3,4,0.94,Process,2970.91,260,0.026217228464419477,0.9737827715355806,0.0149812734082397,0.011235955056179775
QR01868,2025-12-27,Line C,Device Delta,Night,OP018,M-106,210,6,2,4,2.13,Calibration,2985.48,204,0.02857142857142857,0.9714285714285714,0.01904761904761905,0.009523809523809525
QR01869,2025-04-27,Line A,Device Alpha,Morning,OP004,M-103,202,6,3,3,1.01,Calibration,2577.32,196,0.0297029702970297,0.9702970297029703,0.01485148514851485,0.01485148514851485
QR01870,2025-05-02,Line B,Device Gamma,Evening,OP018,M-103,168,5,1,4,1.61,Calibration,2845.11,163,0.02976190476190476,0.9702380952380952,0.023809523809523808,0.005952380952380952
QR01871,2025-12-14,Line B,Device Delta,Night,OP019,M-105,242,14,4,10,1.85,Assembly,5593.3,228,0.05785123966942149,0.9421487603305785,0.04132231404958678,0.01652892561983471
QR01872,2025-07-15,Line B,Device Beta,Night,OP008,M-104,119,6,2,4,1.78,Process,2707.57,113,0.05042016806722689,0.9495798319327731,0.03361344537815126,0.01680672268907563
QR01873,2025-11-21,Line B,Device Alpha,Morning,OP014,M-101,184,8,2,6,3.78,Electrical,5455.08,176,0.043478260869565216,0.9565217391304348,0.03260869565217391,0.010869565217391304
QR01874,2025-10-23,Line D,Device Gamma,Night,OP019,M-106,230,15,4,11,0.25,Packaging,3819.96,215,0.06521739130434782,0.9347826086956522,0.04782608695652174,0.017391304347826087
QR01875,2025-10-24,Line B,Device Gamma,Night,OP028,M-105,149,5,1,4,1.22,Calibration,2821.87,144,0.03355704697986577,0.9664429530201343,0.026845637583892617,0.006711409395973154
QR01876,2025-11-25,Line D,Device Alpha,Evening,OP016,M-106,167,7,2,5,1.25,Assembly,2802.9,160,0.041916167664670656,0.9580838323353293,0.029940119760479042,0.011976047904191617
QR01877,2025-04-22,Line D,Device Gamma,Evening,OP004,M-106,220,7,2,5,2.37,Material,4250.38,213,0.031818181818181815,0.9681818181818181,0.022727272727272728,0.00909090909090909
QR01878,2025-03-24,Line B,Device Gamma,Evening,OP022,M-104,176,5,2,3,1.22,Material,2641.53,171,0.028409090909090908,0.9715909090909091,0.017045454545454544,0.011363636363636364
QR01879,2025-10-14,Line A,Device Gamma,Night,OP007,M-102,179,2,1,1,2.39,Material,934.81,177,0.0111731843575419,0.9888268156424581,0.00558659217877095,0.00558659217877095
QR01880,2025-03-30,Line D,Device Gamma,Evening,OP005,M-106,110,5,2,3,0.97,Calibration,2464.74,105,0.045454545454545456,0.9545454545454546,0.02727272727272727,0.01818181818181818
QR01881,2025-12-16,Line B,Device Alpha,Morning,OP028,M-106,245,10,2,8,2.4,Material,6419.46,235,0.04081632653061224,0.9591836734693877,0.0326530612244898,0.00816326530612245
QR01882,2025-09-15,Line C,Device Gamma,Night,OP003,M-103,142,1,0,1,4.17,Assembly,520.0,141,0.007042253521126761,0.9929577464788732,0.007042253521126761,0.0
QR01883,2025-12-25,Line A,Device Alpha,Morning,OP002,M-105,157,3,1,2,0.87,Process,1292.49,154,0.01910828025477707,0.9808917197452229,0.012738853503184714,0.006369426751592357
QR01884,2025-01-01,Line D,Device Alpha,Morning,OP014,M-104,92,5,2,3,1.77,Electrical,2951.87,87,0.05434782608695652,0.9456521739130435,0.03260869565217391,0.021739130434782608
QR01885,2025-11-24,Line D,Device Gamma,Evening,OP010,M-105,263,12,2,10,1.63,Packaging,2801.94,251,0.045627376425855515,0.9543726235741445,0.03802281368821293,0.0076045627376425855
QR01886,2025-06-18,Line B,Device Beta,Morning,OP028,M-103,211,9,3,6,0.09,Electrical,5654.94,202,0.04265402843601896,0.957345971563981,0.02843601895734597,0.014218009478672985
QR01887,2025-08-28,Line A,Device Gamma,Evening,OP026,M-105,242,5,1,4,6.23,Calibration,2872.15,237,0.02066115702479339,0.9793388429752066,0.01652892561983471,0.004132231404958678
QR01888,2025-07-26,Line A,Device Delta,Evening,OP003,M-104,258,10,2,8,5.65,Assembly,4559.06,248,0.03875968992248062,0.9612403100775194,0.031007751937984496,0.007751937984496124
QR01889,2025-06-21,Line B,Device Delta,Evening,OP020,M-106,156,7,1,6,0.73,Electrical,5186.03,149,0.04487179487179487,0.9551282051282052,0.038461538461538464,0.00641025641025641
QR01890,2025-04-30,Line C,Device Delta,Night,OP014,M-103,228,8,3,5,2.06,Material,4438.29,220,0.03508771929824561,0.9649122807017544,0.021929824561403508,0.013157894736842105
QR01891,2025-07-16,Line D,Device Gamma,Morning,OP025,M-105,189,8,3,5,0.5,Process,3352.29,181,0.042328042328042326,0.9576719576719577,0.026455026455026454,0.015873015873015872
QR01892,2025-02-25,Line D,Device Beta,Night,OP013,M-103,128,5,2,3,0.55,Electrical,2861.64,123,0.0390625,0.9609375,0.0234375,0.015625
QR01893,2025-11-15,Line C,Device Gamma,Evening,OP026,M-104,244,2,0,2,0.67,Assembly,1040.0,242,0.00819672131147541,0.9918032786885246,0.00819672131147541,0.0
QR01894,2025-07-13,Line B,Device Alpha,Morning,OP007,M-103,139,6,1,5,0.77,Material,3890.34,133,0.04316546762589928,0.9568345323741008,0.03597122302158273,0.007194244604316547
QR01895,2025-03-26,Line D,Device Delta,Night,OP014,M-103,98,6,2,4,2.31,Packaging,1394.14,92,0.061224489795918366,0.9387755102040817,0.04081632653061224,0.02040816326530612
QR01896,2025-02-21,Line D,Device Gamma,Night,OP014,M-101,226,10,2,8,4.58,Assembly,4499.4,216,0.04424778761061947,0.9557522123893806,0.035398230088495575,0.008849557522123894
QR01897,2025-10-26,Line B,Device Beta,Morning,OP010,M-101,246,12,2,10,2.19,Material,7811.03,234,0.04878048780487805,0.9512195121951219,0.04065040650406504,0.008130081300813009
QR01898,2025-09-10,Line C,Device Alpha,Morning,OP024,M-102,279,1,0,1,1.56,Assembly,520.0,278,0.0035842293906810036,0.996415770609319,0.0035842293906810036,0.0
QR01899,2025-07-03,Line C,Device Alpha,Morning,OP021,M-104,104,1,0,1,2.14,Electrical,840.0,103,0.009615384615384616,0.9903846153846154,0.009615384615384616,0.0
QR01900,2025-07-12,Line B,Device Delta,Evening,OP005,M-105,248,13,5,8,0.42,Packaging,2595.75,235,0.05241935483870968,0.9475806451612904,0.03225806451612903,0.020161290322580645
QR01901,2025-10-18,Line B,Device Delta,Night,OP023,M-101,169,7,2,5,1.51,Assembly,2784.84,162,0.04142011834319527,0.9585798816568047,0.029585798816568046,0.011834319526627219
QR01902,2025-10-06,Line B,Device Beta,Evening,OP002,M-105,138,7,3,4,2.44,Assembly,2620.23,131,0.050724637681159424,0.9492753623188406,0.028985507246376812,0.021739130434782608
QR01903,2025-10-01,Line D,Device Delta,Evening,OP025,M-106,233,15,5,10,2.51,Material,8382.63,218,0.06437768240343347,0.9356223175965666,0.04291845493562232,0.02145922746781116
QR01904,2025-08-23,Line B,Device Beta,Evening,OP018,M-101,119,6,2,4,1.05,Assembly,2492.65,113,0.05042016806722689,0.9495798319327731,0.03361344537815126,0.01680672268907563
QR01905,2025-11-14,Line B,Device Gamma,Morning,OP017,M-105,250,9,4,5,1.44,Process,3396.75,241,0.036,0.964,0.02,0.016
QR01906,2025-07-28,Line B,Device Delta,Evening,OP004,M-103,279,12,2,10,3.02,Assembly,5546.33,267,0.043010752688172046,0.956989247311828,0.035842293906810034,0.007168458781362007
QR01907,2025-06-20,Line A,Device Delta,Morning,OP006,M-101,92,4,1,3,4.09,Packaging,980.72,88,0.043478260869565216,0.9565217391304348,0.03260869565217391,0.010869565217391304
QR01908,2025-03-12,Line A,Device Beta,Evening,OP002,M-104,184,5,2,3,0.24,Material,2725.24,179,0.02717391304347826,0.9728260869565217,0.016304347826086956,0.010869565217391304
QR01909,2025-05-13,Line A,Device Delta,Evening,OP025,M-105,155,4,1,3,4.55,Process,1979.33,151,0.025806451612903226,0.9741935483870968,0.01935483870967742,0.0064516129032258064
QR01910,2025-12-20,Line C,Device Gamma,Morning,OP022,M-103,152,1,0,1,0.52,Process,590.0,151,0.006578947368421052,0.993421052631579,0.006578947368421052,0.0
QR01911,2025-04-17,Line C,Device Alpha,Evening,OP027,M-103,264,1,0,1,3.89,Packaging,260.0,263,0.003787878787878788,0.9962121212121212,0.003787878787878788,0.0
QR01912,2025-02-28,Line A,Device Beta,Night,OP021,M-104,254,9,3,6,0.8,Packaging,2197.12,245,0.03543307086614173,0.9645669291338582,0.023622047244094488,0.011811023622047244
QR01913,2025-11-20,Line B,Device Beta,Morning,OP014,M-104,176,8,2,6,7.42,Material,4769.23,168,0.045454545454545456,0.9545454545454546,0.03409090909090909,0.011363636363636364
QR01914,2025-10-03,Line C,Device Delta,Morning,OP022,M-101,103,3,1,2,4.19,Process,1270.84,100,0.02912621359223301,0.970873786407767,0.019417475728155338,0.009708737864077669
QR01915,2025-01-10,Line C,Device Gamma,Night,OP018,M-103,166,4,1,3,2.21,Process,1951.95,162,0.024096385542168676,0.9759036144578314,0.018072289156626505,0.006024096385542169
QR01916,2025-06-18,Line A,Device Beta,Morning,OP027,M-104,239,6,2,4,1.52,Electrical,3659.57,233,0.02510460251046025,0.9748953974895398,0.016736401673640166,0.008368200836820083
QR01917,2025-11-01,Line B,Device Delta,Night,OP020,M-103,207,7,1,6,3.79,Electrical,5167.02,200,0.033816425120772944,0.966183574879227,0.028985507246376812,0.004830917874396135
QR01918,2025-03-03,Line A,Device Gamma,Morning,OP012,M-101,133,1,0,1,0.34,Electrical,840.0,132,0.007518796992481203,0.9924812030075187,0.007518796992481203,0.0
QR01919,2025-05-17,Line C,Device Beta,Evening,OP012,M-102,159,5,2,3,0.41,Material,2591.09,154,0.031446540880503145,0.9685534591194969,0.018867924528301886,0.012578616352201259
QR01920,2025-10-15,Line C,Device Beta,Night,OP028,M-103,102,3,1,2,7.27,Packaging,623.47,99,0.029411764705882353,0.9705882352941176,0.0196078431372549,0.00980392156862745
QR01921,2025-06-13,Line C,Device Beta,Morning,OP013,M-101,219,4,2,2,1.55,Assembly,1301.86,215,0.0182648401826484,0.9817351598173516,0.0091324200913242,0.0091324200913242
QR01922,2025-08-06,Line D,Device Beta,Morning,OP010,M-105,195,10,2,8,2.49,Material,6318.27,185,0.05128205128205128,0.9487179487179487,0.041025641025641026,0.010256410256410256
QR01923,2025-01-08,Line C,Device Beta,Morning,OP026,M-106,280,8,2,6,0.52,Material,4843.98,272,0.02857142857142857,0.9714285714285714,0.02142857142857143,0.007142857142857143
QR01924,2025-07-05,Line B,Device Gamma,Morning,OP005,M-103,128,3,0,3,1.46,Process,1770.0,125,0.0234375,0.9765625,0.0234375,0.0
QR01925,2025-08-15,Line B,Device Delta,Evening,OP026,M-102,151,6,1,5,0.79,Assembly,2695.57,145,0.039735099337748346,0.9602649006622517,0.033112582781456956,0.006622516556291391
QR01926,2025-12-06,Line D,Device Delta,Evening,OP015,M-101,196,11,5,6,2.27,Assembly,4239.92,185,0.05612244897959184,0.9438775510204082,0.030612244897959183,0.025510204081632654
QR01927,2025-10-25,Line C,Device Delta,Morning,OP028,M-104,277,10,4,6,4.41,Electrical,5492.43,267,0.036101083032490974,0.9638989169675091,0.021660649819494584,0.01444043321299639
QR01928,2025-01-12,Line D,Device Alpha,Evening,OP015,M-104,159,8,2,6,2.54,Electrical,5287.15,151,0.050314465408805034,0.949685534591195,0.03773584905660377,0.012578616352201259
QR01929,2025-03-18,Line C,Device Beta,Evening,OP015,M-105,136,4,1,3,3.27,Assembly,1776.63,132,0.029411764705882353,0.9705882352941176,0.022058823529411766,0.007352941176470588
QR01930,2025-01-16,Line C,Device Delta,Night,OP016,M-102,140,4,1,3,1.75,Assembly,1668.81,136,0.02857142857142857,0.9714285714285714,0.02142857142857143,0.007142857142857143
QR01931,2025-10-27,Line A,Device Beta,Evening,OP019,M-106,229,4,2,2,1.25,Assembly,1361.02,225,0.017467248908296942,0.982532751091703,0.008733624454148471,0.008733624454148471
QR01932,2025-01-31,Line C,Device Gamma,Morning,OP005,M-106,180,4,1,3,1.54,Assembly,1755.99,176,0.022222222222222223,0.9777777777777777,0.016666666666666666,0.005555555555555556
QR01933,2025-01-04,Line A,Device Delta,Evening,OP004,M-101,135,3,1,2,0.88,Assembly,1199.91,132,0.022222222222222223,0.9777777777777777,0.014814814814814815,0.007407407407407408
QR01934,2025-03-23,Line D,Device Delta,Morning,OP026,M-106,90,4,1,3,2.56,Packaging,945.83,86,0.044444444444444446,0.9555555555555556,0.03333333333333333,0.011111111111111112
QR01935,2025-04-06,Line A,Device Delta,Night,OP017,M-106,203,6,1,5,1.33,Packaging,1449.17,197,0.029556650246305417,0.9704433497536946,0.024630541871921183,0.0049261083743842365
QR01936,2025-09-09,Line A,Device Delta,Evening,OP027,M-101,148,7,3,4,2.27,Packaging,1601.81,141,0.0472972972972973,0.9527027027027027,0.02702702702702703,0.02027027027027027
QR01937,2025-04-26,Line C,Device Alpha,Morning,OP004,M-105,203,3,1,2,3.1,Material,1692.61,200,0.014778325123152709,0.9852216748768473,0.009852216748768473,0.0049261083743842365
QR01938,2025-01-14,Line B,Device Delta,Night,OP010,M-101,153,9,2,7,1.65,Material,5613.73,144,0.058823529411764705,0.9411764705882353,0.0457516339869281,0.013071895424836602
QR01939,2025-02-25,Line B,Device Gamma,Evening,OP015,M-104,201,6,1,5,0.69,Electrical,4340.1,195,0.029850746268656716,0.9701492537313433,0.024875621890547265,0.004975124378109453
QR01940,2025-10-21,Line B,Device Beta,Morning,OP021,M-106,226,10,4,6,2.06,Packaging,2517.2,216,0.04424778761061947,0.9557522123893806,0.02654867256637168,0.017699115044247787
QR01941,2025-12-27,Line D,Device Alpha,Morning,OP021,M-103,223,9,1,8,1.94,Electrical,6920.32,214,0.04035874439461883,0.9596412556053812,0.03587443946188341,0.004484304932735426
QR01942,2025-11-12,Line B,Device Alpha,Evening,OP029,M-105,212,7,3,4,0.79,Process,2813.96,205,0.0330188679245283,0.9669811320754716,0.018867924528301886,0.014150943396226415
QR01943,2025-03-08,Line C,Device Delta,Evening,OP003,M-106,243,10,1,9,4.56,Electrical,7721.73,233,0.0411522633744856,0.9588477366255144,0.037037037037037035,0.00411522633744856
QR01944,2025-03-11,Line A,Device Beta,Morning,OP004,M-106,174,6,2,4,4.17,Process,2566.21,168,0.034482758620689655,0.9655172413793104,0.022988505747126436,0.011494252873563218
QR01945,2025-02-21,Line B,Device Beta,Evening,OP003,M-102,212,11,4,7,6.88,Assembly,4452.24,201,0.05188679245283019,0.9481132075471698,0.0330188679245283,0.018867924528301886
QR01946,2025-06-21,Line D,Device Beta,Morning,OP007,M-103,261,14,6,8,1.26,Assembly,4917.74,247,0.05363984674329502,0.946360153256705,0.03065134099616858,0.022988505747126436
QR01947,2025-09-05,Line C,Device Alpha,Night,OP014,M-105,261,3,1,2,6.44,Material,1757.65,258,0.011494252873563218,0.9885057471264368,0.007662835249042145,0.0038314176245210726
QR01948,2025-05-27,Line A,Device Gamma,Night,OP025,M-101,229,5,1,4,1.99,Material,3238.53,224,0.021834061135371178,0.9781659388646288,0.017467248908296942,0.004366812227074236
QR01949,2025-07-23,Line D,Device Beta,Morning,OP030,M-106,213,12,5,7,2.44,Calibration,5455.08,201,0.056338028169014086,0.9436619718309859,0.03286384976525822,0.023474178403755867
QR01950,2025-06-10,Line A,Device Gamma,Morning,OP004,M-103,189,4,1,3,4.13,Packaging,1007.88,185,0.021164021164021163,0.9788359788359788,0.015873015873015872,0.005291005291005291
QR01951,2025-04-23,Line B,Device Beta,Morning,OP016,M-102,244,8,2,6,3.27,Material,4993.85,236,0.03278688524590164,0.9672131147540983,0.02459016393442623,0.00819672131147541
QR01952,2025-06-29,Line B,Device Delta,Evening,OP018,M-102,167,7,2,5,0.44,Process,3261.59,160,0.041916167664670656,0.9580838323353293,0.029940119760479042,0.011976047904191617
QR01953,2025-04-24,Line B,Device Delta,Evening,OP004,M-106,137,6,2,4,2.86,Assembly,2261.34,131,0.043795620437956206,0.9562043795620438,0.029197080291970802,0.014598540145985401
QR01954,2025-11-21,Line A,Device Delta,Evening,OP012,M-106,246,11,2,9,0.49,Assembly,5072.56,235,0.044715447154471545,0.9552845528455285,0.036585365853658534,0.008130081300813009
QR01955,2025-05-08,Line D,Device Beta,Morning,OP022,M-106,176,11,3,8,1.72,Process,5294.76,165,0.0625,0.9375,0.045454545454545456,0.017045454545454544
QR01956,2025-06-17,Line A,Device Gamma,Morning,OP020,M-106,200,2,1,1,1.04,Material,934.17,198,0.01,0.99,0.005,0.005
QR01957,2025-07-25,Line B,Device Delta,Morning,OP008,M-102,133,6,2,4,1.02,Calibration,3135.75,127,0.045112781954887216,0.9548872180451128,0.03007518796992481,0.015037593984962405
QR01958,2025-06-25,Line A,Device Gamma,Evening,OP026,M-103,163,5,2,3,0.53,Electrical,2850.77,158,0.03067484662576687,0.9693251533742331,0.018404907975460124,0.012269938650306749
QR01959,2025-12-02,Line D,Device Beta,Morning,OP010,M-102,243,16,5,11,2.54,Material,9383.8,227,0.06584362139917696,0.934156378600823,0.04526748971193416,0.0205761316872428
QR01960,2025-11-08,Line A,Device Beta,Morning,OP001,M-105,148,5,1,4,4.28,Assembly,2316.51,143,0.033783783783783786,0.9662162162162162,0.02702702702702703,0.006756756756756757
QR01961,2025-05-23,Line B,Device Gamma,Evening,OP017,M-103,182,7,2,5,0.42,Assembly,2955.84,175,0.038461538461538464,0.9615384615384616,0.027472527472527472,0.01098901098901099
QR01962,2025-06-10,Line A,Device Alpha,Morning,OP013,M-103,167,4,2,2,2.85,Packaging,944.66,163,0.023952095808383235,0.9760479041916168,0.011976047904191617,0.011976047904191617
QR01963,2025-08-04,Line A,Device Delta,Evening,OP006,M-102,249,10,3,7,0.36,Calibration,5199.07,239,0.040160642570281124,0.9598393574297188,0.028112449799196786,0.012048192771084338
QR01964,2025-04-25,Line B,Device Alpha,Night,OP015,M-102,271,9,3,6,0.4,Material,4948.93,262,0.033210332103321034,0.966789667896679,0.02214022140221402,0.01107011070110701
QR01965,2025-02-01,Line A,Device Delta,Evening,OP026,M-104,274,12,2,10,0.17,Assembly,5417.61,262,0.043795620437956206,0.9562043795620438,0.0364963503649635,0.0072992700729927005
QR01966,2025-10-16,Line B,Device Delta,Morning,OP010,M-105,207,12,3,9,1.35,Calibration,6496.27,195,0.057971014492753624,0.9420289855072463,0.043478260869565216,0.014492753623188406
QR01967,2025-10-08,Line C,Device Delta,Morning,OP007,M-103,220,7,1,6,0.8,Material,4691.91,213,0.031818181818181815,0.9681818181818181,0.02727272727272727,0.004545454545454545
QR01968,2025-11-20,Line A,Device Gamma,Morning,OP001,M-102,123,3,1,2,0.21,Packaging,710.91,120,0.024390243902439025,0.975609756097561,0.016260162601626018,0.008130081300813009
QR01969,2025-06-08,Line C,Device Gamma,Evening,OP004,M-103,154,2,0,2,2.48,Assembly,1040.0,152,0.012987012987012988,0.987012987012987,0.012987012987012988,0.0
QR01970,2025-08-20,Line C,Device Delta,Morning,OP028,M-105,207,8,3,5,4.19,Assembly,2875.85,199,0.03864734299516908,0.961352657004831,0.024154589371980676,0.014492753623188406
QR01971,2025-12-19,Line D,Device Beta,Morning,OP030,M-105,118,7,3,4,2.2,Material,3636.88,111,0.059322033898305086,0.940677966101695,0.03389830508474576,0.025423728813559324
QR01972,2025-09-03,Line D,Device Gamma,Morning,OP014,M-101,126,4,2,2,1.04,Material,1890.68,122,0.031746031746031744,0.9682539682539683,0.015873015873015872,0.015873015873015872
QR01973,2025-12-09,Line A,Device Alpha,Morning,OP001,M-106,204,7,3,4,0.88,Material,3575.13,197,0.03431372549019608,0.9656862745098039,0.0196078431372549,0.014705882352941176
QR01974,2025-01-19,Line B,Device Gamma,Morning,OP014,M-106,136,4,1,3,2.29,Calibration,2194.28,132,0.029411764705882353,0.9705882352941176,0.022058823529411766,0.007352941176470588
QR01975,2025-08-27,Line D,Device Alpha,Morning,OP022,M-101,97,4,1,3,4.02,Electrical,2748.69,93,0.041237113402061855,0.9587628865979382,0.030927835051546393,0.010309278350515464
QR01976,2025-04-02,Line A,Device Delta,Evening,OP015,M-106,229,7,1,6,1.92,Process,3733.12,222,0.03056768558951965,0.9694323144104804,0.026200873362445413,0.004366812227074236
QR01977,2025-10-27,Line B,Device Beta,Evening,OP014,M-106,109,5,2,3,5.25,Electrical,2776.41,104,0.045871559633027525,0.9541284403669725,0.027522935779816515,0.01834862385321101
QR01978,2025-05-04,Line C,Device Alpha,Morning,OP003,M-106,95,2,1,1,1.05,Assembly,659.22,93,0.021052631578947368,0.9789473684210527,0.010526315789473684,0.010526315789473684
QR01979,2025-09-24,Line C,Device Alpha,Night,OP008,M-106,239,4,2,2,5.22,Calibration,1708.67,235,0.016736401673640166,0.9832635983263598,0.008368200836820083,0.008368200836820083
QR01980,2025-05-14,Line A,Device Delta,Morning,OP004,M-105,205,6,2,4,1.2,Assembly,2306.37,199,0.02926829268292683,0.9707317073170731,0.01951219512195122,0.00975609756097561
QR01981,2025-12-11,Line B,Device Beta,Evening,OP015,M-105,127,5,1,4,2.32,Material,3177.42,122,0.03937007874015748,0.9606299212598425,0.031496062992125984,0.007874015748031496
QR01982,2025-12-04,Line B,Device Delta,Morning,OP007,M-104,136,7,1,6,6.54,Assembly,3325.43,129,0.051470588235294115,0.9485294117647058,0.04411764705882353,0.007352941176470588
QR01983,2025-06-15,Line A,Device Alpha,Morning,OP023,M-106,196,5,1,4,0.58,Assembly,2318.66,191,0.025510204081632654,0.9744897959183674,0.02040816326530612,0.00510204081632653
QR01984,2025-10-31,Line A,Device Gamma,Evening,OP003,M-101,202,3,1,2,1.24,Assembly,1207.83,199,0.01485148514851485,0.9851485148514851,0.009900990099009901,0.0049504950495049506
QR01985,2025-09-02,Line D,Device Delta,Morning,OP013,M-106,174,11,3,8,3.16,Calibration,5853.53,163,0.06321839080459771,0.9367816091954023,0.04597701149425287,0.017241379310344827
QR01986,2025-11-14,Line D,Device Delta,Evening,OP007,M-104,179,9,3,6,1.32,Material,5235.68,170,0.05027932960893855,0.9497206703910615,0.0335195530726257,0.01675977653631285
QR01987,2025-03-09,Line A,Device Delta,Morning,OP009,M-104,268,6,1,5,1.32,Process,3062.88,262,0.022388059701492536,0.9776119402985075,0.018656716417910446,0.0037313432835820895
QR01988,2025-02-06,Line A,Device Delta,Night,OP007,M-101,200,6,1,5,0.91,Assembly,2763.89,194,0.03,0.97,0.025,0.005
QR01989,2025-07-05,Line D,Device Delta,Morning,OP003,M-101,193,9,4,5,4.12,Assembly,3046.11,184,0.046632124352331605,0.9533678756476683,0.025906735751295335,0.02072538860103627
QR01990,2025-05-15,Line C,Device Delta,Evening,OP023,M-105,104,3,1,2,2.14,Assembly,1158.16,101,0.028846153846153848,0.9711538461538461,0.019230769230769232,0.009615384615384616
QR01991,2025-11-17,Line A,Device Alpha,Night,OP001,M-102,264,5,1,4,2.2,Assembly,2227.01,259,0.01893939393939394,0.9810606060606061,0.015151515151515152,0.003787878787878788
QR01992,2025-03-09,Line A,Device Gamma,Night,OP006,M-106,204,6,2,4,2.57,Assembly,2474.75,198,0.029411764705882353,0.9705882352941176,0.0196078431372549,0.00980392156862745
QR01993,2025-05-10,Line A,Device Alpha,Evening,OP007,M-101,110,2,0,2,2.25,Electrical,1680.0,108,0.01818181818181818,0.9818181818181818,0.01818181818181818,0.0
QR01994,2025-10-27,Line A,Device Alpha,Evening,OP015,M-104,262,2,1,1,2.5,Packaging,399.55,260,0.007633587786259542,0.9923664122137404,0.003816793893129771,0.003816793893129771
QR01995,2025-02-16,Line C,Device Alpha,Morning,OP026,M-103,272,2,1,1,1.07,Electrical,1037.43,270,0.007352941176470588,0.9926470588235294,0.003676470588235294,0.003676470588235294
QR01996,2025-07-31,Line B,Device Delta,Morning,OP015,M-106,158,7,1,6,0.48,Assembly,3220.36,151,0.04430379746835443,0.9556962025316456,0.0379746835443038,0.006329113924050633
QR01997,2025-10-18,Line D,Device Alpha,Evening,OP011,M-101,260,13,4,9,0.56,Assembly,5143.73,247,0.05,0.95,0.03461538461538462,0.015384615384615385
QR01998,2025-12-20,Line C,Device Delta,Morning,OP010,M-102,154,6,3,3,0.34,Electrical,3239.57,148,0.03896103896103896,0.961038961038961,0.01948051948051948,0.01948051948051948
QR01999,2025-08-12,Line C,Device Delta,Evening,OP029,M-104,273,8,3,5,0.59,Assembly,2940.22,265,0.029304029304029304,0.9706959706959707,0.018315018315018316,0.01098901098901099
QR02000,2025-03-01,Line D,Device Gamma,Night,OP005,M-104,248,8,1,7,5.1,Electrical,6006.54,240,0.03225806451612903,0.967741935483871,0.028225806451612902,0.004032258064516129
QR02001,2025-01-17,Line C,Device Alpha,Morning,OP021,M-105,261,2,1,1,4.34,Material,953.97,259,0.007662835249042145,0.9923371647509579,0.0038314176245210726,0.0038314176245210726
QR02002,2025-01-21,Line C,Device Delta,Morning,OP019,M-104,97,2,0,2,0.9,Assembly,1040.0,95,0.020618556701030927,0.979381443298969,0.020618556701030927,0.0
QR02003,2025-05-09,Line C,Device Beta,Evening,OP002,M-102,220,6,2,4,3.49,Material,3285.96,214,0.02727272727272727,0.9727272727272728,0.01818181818181818,0.00909090909090909
QR02004,2025-05-24,Line B,Device Alpha,Morning,OP030,M-104,242,9,1,8,2.29,Process,4810.38,233,0.0371900826446281,0.9628099173553719,0.03305785123966942,0.004132231404958678
QR02005,2025-07-09,Line A,Device Delta,Evening,OP018,M-103,146,3,1,2,2.56,Material,1676.31,143,0.02054794520547945,0.9794520547945206,0.0136986301369863,0.00684931506849315
QR02006,2025-02-04,Line C,Device Gamma,Evening,OP010,M-103,232,5,1,4,0.53,Assembly,2278.77,227,0.021551724137931036,0.978448275862069,0.017241379310344827,0.004310344827586207
QR02007,2025-11-25,Line C,Device Gamma,Night,OP016,M-105,155,4,2,2,5.77,Process,1407.61,151,0.025806451612903226,0.9741935483870968,0.012903225806451613,0.012903225806451613
QR02008,2025-09-21,Line C,Device Alpha,Evening,OP028,M-101,171,5,1,4,0.66,Assembly,2267.27,166,0.029239766081871343,0.9707602339181286,0.023391812865497075,0.005847953216374269
QR02009,2025-01-24,Line A,Device Gamma,Morning,OP025,M-101,109,3,1,2,1.26,Material,1672.75,106,0.027522935779816515,0.9724770642201835,0.01834862385321101,0.009174311926605505
QR02010,2025-06-06,Line A,Device Beta,Evening,OP009,M-106,172,5,1,4,0.24,Assembly,2171.16,167,0.029069767441860465,0.9709302325581395,0.023255813953488372,0.005813953488372093
QR02011,2025-01-21,Line C,Device Alpha,Morning,OP013,M-105,251,4,1,3,0.23,Packaging,967.67,247,0.01593625498007968,0.9840637450199203,0.01195219123505976,0.00398406374501992
QR02012,2025-10-26,Line C,Device Alpha,Morning,OP027,M-102,247,5,2,3,0.34,Process,2012.3,242,0.020242914979757085,0.979757085020243,0.012145748987854251,0.008097165991902834
QR02013,2025-11-22,Line A,Device Alpha,Night,OP005,M-102,174,3,1,2,1.45,Assembly,1236.24,171,0.017241379310344827,0.9827586206896551,0.011494252873563218,0.005747126436781609
QR02014,2025-04-05,Line B,Device Gamma,Morning,OP012,M-102,136,4,2,2,3.67,Calibration,1753.78,132,0.029411764705882353,0.9705882352941176,0.014705882352941176,0.014705882352941176
QR02015,2025-04-04,Line D,Device Alpha,Morning,OP027,M-104,136,7,1,6,2.92,Packaging,1716.1,129,0.051470588235294115,0.9485294117647058,0.04411764705882353,0.007352941176470588
QR02016,2025-07-28,Line C,Device Beta,Evening,OP014,M-105,178,6,3,3,0.24,Packaging,1442.3,172,0.033707865168539325,0.9662921348314607,0.016853932584269662,0.016853932584269662
QR02017,2025-03-02,Line C,Device Gamma,Night,OP011,M-102,218,2,1,1,0.48,Material,966.96,216,0.009174311926605505,0.9908256880733946,0.0045871559633027525,0.0045871559633027525
QR02018,2025-03-20,Line D,Device Beta,Night,OP019,M-106,241,14,4,10,2.55,Process,6617.01,227,0.058091286307053944,0.941908713692946,0.04149377593360996,0.016597510373443983
QR02019,2025-09-23,Line D,Device Gamma,Morning,OP020,M-106,165,7,1,6,2.58,Electrical,5241.12,158,0.04242424242424243,0.9575757575757575,0.03636363636363636,0.006060606060606061
QR02020,2025-02-02,Line D,Device Gamma,Night,OP017,M-101,158,7,2,5,0.91,Calibration,3640.73,151,0.04430379746835443,0.9556962025316456,0.03164556962025317,0.012658227848101266
QR02021,2025-11-22,Line D,Device Beta,Night,OP002,M-104,227,8,2,6,1.16,Process,3999.2,219,0.03524229074889868,0.9647577092511013,0.02643171806167401,0.00881057268722467
QR02022,2025-12-26,Line A,Device Delta,Evening,OP027,M-103,262,12,2,10,4.82,Process,6190.66,250,0.04580152671755725,0.9541984732824428,0.03816793893129771,0.007633587786259542
QR02023,2025-08-07,Line B,Device Beta,Morning,OP016,M-102,113,6,3,3,1.43,Material,2651.89,107,0.05309734513274336,0.9469026548672567,0.02654867256637168,0.02654867256637168
QR02024,2025-05-20,Line C,Device Beta,Morning,OP016,M-106,185,3,1,2,0.66,Electrical,1835.37,182,0.016216216216216217,0.9837837837837838,0.010810810810810811,0.005405405405405406
QR02025,2025-10-10,Line A,Device Gamma,Evening,OP014,M-104,239,5,1,4,0.98,Assembly,2294.57,234,0.02092050209205021,0.9790794979079498,0.016736401673640166,0.0041841004184100415
QR02026,2025-10-29,Line C,Device Alpha,Morning,OP010,M-104,194,3,1,2,8.62,Packaging,642.8,191,0.015463917525773196,0.9845360824742269,0.010309278350515464,0.005154639175257732
QR02027,2025-11-27,Line A,Device Delta,Morning,OP017,M-103,130,6,2,4,2.74,Calibration,3008.78,124,0.046153846153846156,0.9538461538461539,0.03076923076923077,0.015384615384615385
QR02028,2025-12-28,Line D,Device Gamma,Evening,OP005,M-101,137,6,1,5,1.75,Assembly,2747.64,131,0.043795620437956206,0.9562043795620438,0.0364963503649635,0.0072992700729927005
QR02029,2025-07-26,Line A,Device Beta,Evening,OP011,M-105,180,5,2,3,3.04,Packaging,1074.78,175,0.027777777777777776,0.9722222222222222,0.016666666666666666,0.011111111111111112
QR02030,2025-02-11,Line B,Device Delta,Night,OP007,M-103,135,6,2,4,0.86,Assembly,2357.13,129,0.044444444444444446,0.9555555555555556,0.02962962962962963,0.014814814814814815
QR02031,2025-08-29,Line B,Device Delta,Night,OP017,M-101,146,9,2,7,2.97,Material,5662.4,137,0.06164383561643835,0.9383561643835616,0.04794520547945205,0.0136986301369863
QR02032,2025-04-29,Line C,Device Delta,Morning,OP002,M-105,240,5,1,4,3.05,Calibration,2862.63,235,0.020833333333333332,0.9791666666666666,0.016666666666666666,0.004166666666666667
QR02033,2025-10-05,Line A,Device Alpha,Evening,OP008,M-104,192,4,1,3,4.84,Packaging,878.61,188,0.020833333333333332,0.9791666666666666,0.015625,0.005208333333333333
QR02034,2025-02-15,Line C,Device Beta,Night,OP009,M-102,131,3,1,2,1.94,Packaging,651.62,128,0.022900763358778626,0.9770992366412213,0.015267175572519083,0.007633587786259542
QR02035,2025-04-18,Line A,Device Beta,Evening,OP002,M-103,192,6,1,5,0.83,Electrical,4309.26,186,0.03125,0.96875,0.026041666666666668,0.005208333333333333
QR02036,2025-11-14,Line A,Device Delta,Night,OP003,M-102,249,8,2,6,0.06,Packaging,1948.02,241,0.0321285140562249,0.9678714859437751,0.024096385542168676,0.008032128514056224
QR02037,2025-09-26,Line B,Device Gamma,Morning,OP011,M-102,123,3,1,2,4.57,Calibration,1484.42,120,0.024390243902439025,0.975609756097561,0.016260162601626018,0.008130081300813009
QR02038,2025-06-11,Line C,Device Gamma,Evening,OP017,M-103,218,4,1,3,0.88,Assembly,1708.32,214,0.01834862385321101,0.981651376146789,0.013761467889908258,0.0045871559633027525
QR02039,2025-10-24,Line C,Device Delta,Evening,OP010,M-103,220,7,3,4,0.94,Assembly,2763.1,213,0.031818181818181815,0.9681818181818181,0.01818181818181818,0.013636363636363636
QR02040,2025-01-17,Line B,Device Alpha,Evening,OP011,M-104,176,10,4,6,0.72,Packaging,2251.94,166,0.056818181818181816,0.9431818181818182,0.03409090909090909,0.022727272727272728
QR02041,2025-04-23,Line C,Device Gamma,Morning,OP020,M-102,276,6,1,5,0.73,Calibration,3543.06,270,0.021739130434782608,0.9782608695652174,0.018115942028985508,0.0036231884057971015
QR02042,2025-08-11,Line B,Device Beta,Night,OP025,M-106,119,7,1,6,0.59,Assembly,3284.88,112,0.058823529411764705,0.9411764705882353,0.05042016806722689,0.008403361344537815
QR02043,2025-05-13,Line A,Device Beta,Morning,OP030,M-104,271,7,1,6,1.14,Material,4716.27,264,0.025830258302583026,0.974169741697417,0.02214022140221402,0.0036900369003690036
QR02044,2025-04-23,Line C,Device Beta,Morning,OP026,M-105,244,9,4,5,0.88,Electrical,5098.27,235,0.036885245901639344,0.9631147540983607,0.020491803278688523,0.01639344262295082
QR02045,2025-08-18,Line C,Device Delta,Morning,OP015,M-102,218,4,1,3,2.33,Material,2378.24,214,0.01834862385321101,0.981651376146789,0.013761467889908258,0.0045871559633027525
QR02046,2025-12-31,Line C,Device Alpha,Night,OP022,M-104,112,2,1,1,5.23,Process,697.74,110,0.017857142857142856,0.9821428571428571,0.008928571428571428,0.008928571428571428
QR02047,2025-01-12,Line C,Device Delta,Night,OP007,M-106,95,3,1,2,3.24,Process,1309.11,92,0.031578947368421054,0.968421052631579,0.021052631578947368,0.010526315789473684
QR02048,2025-09-03,Line D,Device Alpha,Morning,OP006,M-102,175,9,4,5,0.8,Assembly,3206.83,166,0.05142857142857143,0.9485714285714286,0.02857142857142857,0.022857142857142857
QR02049,2025-02-19,Line B,Device Delta,Morning,OP001,M-102,136,7,2,5,2.14,Packaging,1764.58,129,0.051470588235294115,0.9485294117647058,0.03676470588235294,0.014705882352941176
QR02050,2025-12-28,Line D,Device Alpha,Morning,OP020,M-101,145,7,3,4,3.63,Packaging,1739.32,138,0.04827586206896552,0.9517241379310345,0.027586206896551724,0.020689655172413793
QR02051,2025-11-04,Line A,Device Delta,Evening,OP025,M-106,96,3,1,2,1.26,Calibration,1572.99,93,0.03125,0.96875,0.020833333333333332,0.010416666666666666
QR02052,2025-01-17,Line B,Device Gamma,Night,OP023,M-102,236,7,1,6,1.01,Packaging,1696.55,229,0.029661016949152543,0.9703389830508474,0.025423728813559324,0.00423728813559322
QR02053,2025-01-31,Line C,Device Beta,Morning,OP019,M-101,153,5,1,4,1.4,Packaging,1139.77,148,0.032679738562091505,0.9673202614379085,0.026143790849673203,0.006535947712418301
QR02054,2025-06-01,Line A,Device Beta,Morning,OP019,M-105,162,6,2,4,3.13,Material,3287.67,156,0.037037037037037035,0.9629629629629629,0.024691358024691357,0.012345679012345678
QR02055,2025-07-09,Line D,Device Alpha,Morning,OP027,M-104,260,14,2,12,1.69,Assembly,6458.25,246,0.05384615384615385,0.9461538461538461,0.046153846153846156,0.007692307692307693
QR02056,2025-05-30,Line D,Device Delta,Morning,OP019,M-103,222,14,2,12,3.31,Process,7522.49,208,0.06306306306306306,0.9369369369369369,0.05405405405405406,0.009009009009009009
QR02057,2025-01-15,Line B,Device Delta,Evening,OP024,M-105,159,9,3,6,2.22,Process,4163.02,150,0.05660377358490566,0.9433962264150944,0.03773584905660377,0.018867924528301886
QR02058,2025-03-28,Line D,Device Delta,Evening,OP024,M-102,234,16,5,11,4.1,Material,9481.28,218,0.06837606837606838,0.9316239316239316,0.04700854700854701,0.021367521367521368
QR02059,2025-03-27,Line A,Device Delta,Evening,OP003,M-101,279,10,2,8,0.69,Material,6447.33,269,0.035842293906810034,0.96415770609319,0.02867383512544803,0.007168458781362007
QR02060,2025-08-19,Line B,Device Alpha,Evening,OP024,M-102,141,3,1,2,1.06,Process,1346.28,138,0.02127659574468085,0.9787234042553191,0.014184397163120567,0.0070921985815602835
QR02061,2025-06-02,Line B,Device Alpha,Morning,OP010,M-106,206,4,1,3,1.45,Assembly,1749.27,202,0.019417475728155338,0.9805825242718447,0.014563106796116505,0.0048543689320388345
QR02062,2025-07-25,Line A,Device Gamma,Night,OP028,M-104,213,5,1,4,1.65,Packaging,1228.1,208,0.023474178403755867,0.9765258215962441,0.018779342723004695,0.004694835680751174
QR02063,2025-05-30,Line D,Device Beta,Morning,OP010,M-103,135,7,1,6,2.96,Calibration,4214.71,128,0.05185185185185185,0.9481481481481482,0.044444444444444446,0.007407407407407408
QR02064,2025-07-19,Line D,Device Gamma,Evening,OP003,M-104,203,9,1,8,1.4,Process,4929.9,194,0.04433497536945813,0.9556650246305419,0.03940886699507389,0.0049261083743842365
QR02065,2025-04-28,Line D,Device Alpha,Evening,OP016,M-106,261,15,3,12,4.26,Electrical,10793.5,246,0.05747126436781609,0.9425287356321839,0.04597701149425287,0.011494252873563218
QR02066,2025-11-09,Line B,Device Gamma,Night,OP020,M-104,102,4,1,3,3.68,Material,2382.92,98,0.0392156862745098,0.9607843137254902,0.029411764705882353,0.00980392156862745
QR02067,2025-04-02,Line D,Device Delta,Morning,OP015,M-103,113,7,3,4,1.74,Material,3318.27,106,0.061946902654867256,0.9380530973451328,0.035398230088495575,0.02654867256637168
QR02068,2025-11-11,Line A,Device Delta,Night,OP007,M-102,246,5,2,3,1.76,Assembly,1863.47,241,0.02032520325203252,0.9796747967479674,0.012195121951219513,0.008130081300813009
QR02069,2025-06-21,Line B,Device Gamma,Morning,OP003,M-106,191,5,2,3,2.73,Material,2469.94,186,0.02617801047120419,0.9738219895287958,0.015706806282722512,0.010471204188481676
QR02070,2025-09-14,Line A,Device Beta,Morning,OP005,M-102,236,7,1,6,2.54,Process,3675.3,229,0.029661016949152543,0.9703389830508474,0.025423728813559324,0.00423728813559322
QR02071,2025-08-18,Line C,Device Gamma,Evening,OP008,M-106,151,3,1,2,0.61,Material,1707.82,148,0.019867549668874173,0.9801324503311258,0.013245033112582781,0.006622516556291391
QR02072,2025-06-28,Line C,Device Gamma,Night,OP002,M-103,206,4,1,3,2.41,Assembly,1763.95,202,0.019417475728155338,0.9805825242718447,0.014563106796116505,0.0048543689320388345
QR02073,2025-04-08,Line B,Device Beta,Evening,OP023,M-103,237,12,2,10,0.39,Calibration,7138.99,225,0.05063291139240506,0.9493670886075949,0.04219409282700422,0.008438818565400843
QR02074,2025-04-16,Line D,Device Delta,Night,OP005,M-103,126,7,1,6,1.72,Calibration,4226.32,119,0.05555555555555555,0.9444444444444444,0.047619047619047616,0.007936507936507936
QR02075,2025-02-23,Line D,Device Alpha,Evening,OP003,M-104,219,9,2,7,1.23,Material,5785.55,210,0.0410958904109589,0.958904109589041,0.0319634703196347,0.0091324200913242
QR02076,2025-02-27,Line C,Device Alpha,Morning,OP025,M-106,174,3,1,2,0.96,Packaging,749.27,171,0.017241379310344827,0.9827586206896551,0.011494252873563218,0.005747126436781609
QR02077,2025-02-24,Line C,Device Gamma,Evening,OP016,M-105,217,3,1,2,6.81,Process,1301.28,214,0.013824884792626729,0.9861751152073732,0.009216589861751152,0.004608294930875576
QR02078,2025-09-16,Line A,Device Alpha,Night,OP021,M-101,95,3,1,2,1.68,Electrical,1831.92,92,0.031578947368421054,0.968421052631579,0.021052631578947368,0.010526315789473684
QR02079,2025-06-14,Line C,Device Gamma,Evening,OP015,M-101,207,5,2,3,0.49,Process,2237.0,202,0.024154589371980676,0.9758454106280193,0.014492753623188406,0.00966183574879227
QR02080,2025-02-12,Line B,Device Gamma,Morning,OP029,M-105,115,3,1,2,1.88,Electrical,1810.34,112,0.02608695652173913,0.9739130434782609,0.017391304347826087,0.008695652173913044
QR02081,2025-10-01,Line C,Device Beta,Morning,OP004,M-101,94,2,1,1,0.12,Material,939.06,92,0.02127659574468085,0.9787234042553191,0.010638297872340425,0.010638297872340425
QR02082,2025-07-29,Line D,Device Beta,Evening,OP019,M-105,270,14,6,8,0.22,Calibration,6503.63,256,0.05185185185185185,0.9481481481481482,0.02962962962962963,0.022222222222222223
QR02083,2025-04-07,Line A,Device Beta,Night,OP009,M-101,91,3,1,2,5.79,Process,1406.37,88,0.03296703296703297,0.967032967032967,0.02197802197802198,0.01098901098901099
QR02084,2025-07-21,Line B,Device Delta,Evening,OP008,M-102,135,5,1,4,5.33,Assembly,2291.17,130,0.037037037037037035,0.9629629629629629,0.02962962962962963,0.007407407407407408
QR02085,2025-02-08,Line C,Device Alpha,Night,OP013,M-106,135,2,0,2,2.12,Assembly,1040.0,133,0.014814814814814815,0.9851851851851852,0.014814814814814815,0.0
QR02086,2025-01-27,Line A,Device Alpha,Morning,OP027,M-103,161,2,1,1,1.78,Electrical,933.61,159,0.012422360248447204,0.9875776397515528,0.006211180124223602,0.006211180124223602
QR02087,2025-04-21,Line A,Device Delta,Evening,OP025,M-101,106,3,0,3,2.27,Material,2280.0,103,0.02830188679245283,0.9716981132075472,0.02830188679245283,0.0
QR02088,2025-09-09,Line C,Device Alpha,Night,OP018,M-104,231,5,2,3,0.87,Calibration,2332.48,226,0.021645021645021644,0.9783549783549783,0.012987012987012988,0.008658008658008658
QR02089,2025-05-30,Line A,Device Beta,Morning,OP009,M-105,220,8,1,7,1.08,Process,4284.87,212,0.03636363636363636,0.9636363636363636,0.031818181818181815,0.004545454545454545
QR02090,2025-06-07,Line A,Device Gamma,Morning,OP029,M-101,255,7,1,6,1.25,Material,4751.16,248,0.027450980392156862,0.9725490196078431,0.023529411764705882,0.00392156862745098
QR02091,2025-12-28,Line C,Device Beta,Night,OP011,M-106,148,5,1,4,1.29,Material,3162.45,143,0.033783783783783786,0.9662162162162162,0.02702702702702703,0.006756756756756757
QR02092,2025-07-19,Line D,Device Gamma,Evening,OP001,M-103,109,5,1,4,2.57,Process,2477.25,104,0.045871559633027525,0.9541284403669725,0.03669724770642202,0.009174311926605505
QR02093,2025-09-01,Line B,Device Delta,Morning,OP008,M-101,96,6,2,4,0.84,Process,2653.65,90,0.0625,0.9375,0.041666666666666664,0.020833333333333332
QR02094,2025-02-13,Line C,Device Alpha,Morning,OP024,M-101,241,3,1,2,0.98,Assembly,1178.55,238,0.012448132780082987,0.9875518672199171,0.008298755186721992,0.004149377593360996
QR02095,2025-02-22,Line B,Device Delta,Morning,OP021,M-105,126,5,1,4,6.8,Material,3224.58,121,0.03968253968253968,0.9603174603174603,0.031746031746031744,0.007936507936507936
QR02096,2025-09-20,Line A,Device Beta,Morning,OP015,M-103,268,8,1,7,2.13,Assembly,3856.95,260,0.029850746268656716,0.9701492537313433,0.026119402985074626,0.0037313432835820895
QR02097,2025-11-25,Line C,Device Beta,Morning,OP021,M-105,171,2,0,2,0.61,Material,1520.0,169,0.011695906432748537,0.9883040935672515,0.011695906432748537,0.0
QR02098,2025-02-04,Line D,Device Gamma,Evening,OP020,M-101,199,8,2,6,0.96,Material,4774.22,191,0.04020100502512563,0.9597989949748744,0.03015075376884422,0.010050251256281407
QR02099,2025-06-03,Line A,Device Gamma,Morning,OP017,M-103,196,4,1,3,0.39,Material,2372.59,192,0.02040816326530612,0.9795918367346939,0.015306122448979591,0.00510204081632653
QR02100,2025-06-08,Line C,Device Alpha,Morning,OP009,M-101,270,7,1,6,3.49,Assembly,3225.16,263,0.025925925925925925,0.9740740740740741,0.022222222222222223,0.003703703703703704
QR02101,2025-09-06,Line C,Device Gamma,Morning,OP013,M-104,125,3,1,2,3.52,Packaging,689.55,122,0.024,0.976,0.016,0.008
QR02102,2025-05-01,Line D,Device Alpha,Morning,OP021,M-104,240,14,6,8,2.08,Electrical,7802.44,226,0.058333333333333334,0.9416666666666667,0.03333333333333333,0.025
QR02103,2025-01-05,Line C,Device Gamma,Evening,OP006,M-104,177,3,0,3,3.95,Electrical,2520.0,174,0.01694915254237288,0.9830508474576272,0.01694915254237288,0.0
QR02104,2025-08-01,Line C,Device Beta,Evening,OP015,M-102,105,2,1,1,1.39,Process,681.91,103,0.01904761904761905,0.9809523809523809,0.009523809523809525,0.009523809523809525
QR02105,2025-05-09,Line C,Device Alpha,Night,OP003,M-103,175,4,1,3,1.89,Material,2454.22,171,0.022857142857142857,0.9771428571428571,0.017142857142857144,0.005714285714285714
QR02106,2025-01-06,Line D,Device Delta,Evening,OP018,M-106,273,15,3,12,0.23,Electrical,10471.95,258,0.054945054945054944,0.945054945054945,0.04395604395604396,0.01098901098901099
QR02107,2025-05-24,Line C,Device Alpha,Evening,OP003,M-105,115,2,1,1,3.27,Electrical,940.82,113,0.017391304347826087,0.9826086956521739,0.008695652173913044,0.008695652173913044
QR02108,2025-11-17,Line B,Device Beta,Morning,OP022,M-104,253,14,3,11,3.32,Process,7110.91,239,0.05533596837944664,0.9446640316205533,0.043478260869565216,0.011857707509881422
QR02109,2025-08-01,Line A,Device Beta,Evening,OP026,M-104,243,9,3,6,1.35,Assembly,3820.85,234,0.037037037037037035,0.9629629629629629,0.024691358024691357,0.012345679012345678
QR02110,2025-10-03,Line A,Device Alpha,Morning,OP011,M-101,228,7,1,6,0.96,Material,4719.76,221,0.03070175438596491,0.9692982456140351,0.02631578947368421,0.0043859649122807015
QR02111,2025-10-16,Line D,Device Alpha,Evening,OP019,M-102,269,14,5,9,3.6,Material,7730.5,255,0.05204460966542751,0.9479553903345725,0.03345724907063197,0.01858736059479554
QR02112,2025-06-22,Line D,Device Alpha,Night,OP007,M-101,163,8,3,5,3.21,Assembly,3206.81,155,0.049079754601226995,0.950920245398773,0.03067484662576687,0.018404907975460124
QR02113,2025-10-15,Line C,Device Beta,Morning,OP029,M-103,236,5,2,3,2.34,Electrical,2778.9,231,0.0211864406779661,0.9788135593220338,0.012711864406779662,0.00847457627118644
QR02114,2025-05-19,Line A,Device Delta,Evening,OP017,M-104,91,3,1,2,0.36,Electrical,1903.07,88,0.03296703296703297,0.967032967032967,0.02197802197802198,0.01098901098901099
QR02115,2025-09-27,Line D,Device Gamma,Evening,OP014,M-103,253,6,2,4,0.57,Process,2565.89,247,0.023715415019762844,0.9762845849802372,0.015810276679841896,0.007905138339920948
QR02116,2025-04-17,Line B,Device Delta,Evening,OP030,M-102,174,7,1,6,1.94,Calibration,4272.33,167,0.040229885057471264,0.9597701149425287,0.034482758620689655,0.005747126436781609
QR02117,2025-08-27,Line A,Device Gamma,Evening,OP006,M-104,221,3,1,2,1.25,Packaging,695.39,218,0.013574660633484163,0.9864253393665159,0.00904977375565611,0.004524886877828055
QR02118,2025-02-01,Line A,Device Alpha,Morning,OP010,M-101,120,3,1,2,2.69,Process,1375.58,117,0.025,0.975,0.016666666666666666,0.008333333333333333
QR02119,2025-12-26,Line B,Device Delta,Morning,OP016,M-106,195,11,2,9,1.5,Calibration,6343.57,184,0.05641025641025641,0.9435897435897436,0.046153846153846156,0.010256410256410256
QR02120,2025-03-02,Line D,Device Gamma,Evening,OP027,M-101,196,9,4,5,2.99,Assembly,3155.56,187,0.04591836734693878,0.9540816326530612,0.025510204081632654,0.02040816326530612
QR02121,2025-10-29,Line D,Device Gamma,Evening,OP002,M-104,240,12,2,10,2.06,Assembly,5670.84,228,0.05,0.95,0.041666666666666664,0.008333333333333333
QR02122,2025-06-05,Line C,Device Alpha,Night,OP019,M-101,146,1,0,1,0.88,Material,760.0,145,0.00684931506849315,0.9931506849315068,0.00684931506849315,0.0
QR02123,2025-08-22,Line B,Device Alpha,Morning,OP026,M-105,253,8,4,4,3.0,Calibration,3092.43,245,0.03162055335968379,0.9683794466403162,0.015810276679841896,0.015810276679841896
QR02124,2025-04-02,Line B,Device Delta,Evening,OP016,M-105,206,10,4,6,2.09,Electrical,5927.67,196,0.04854368932038835,0.9514563106796117,0.02912621359223301,0.019417475728155338
QR02125,2025-10-08,Line D,Device Beta,Evening,OP016,M-105,258,16,6,10,0.38,Assembly,5853.11,242,0.06201550387596899,0.937984496124031,0.03875968992248062,0.023255813953488372
QR02126,2025-03-09,Line D,Device Beta,Evening,OP015,M-106,196,10,4,6,1.22,Material,4954.07,186,0.05102040816326531,0.9489795918367347,0.030612244897959183,0.02040816326530612
QR02127,2025-08-18,Line D,Device Gamma,Morning,OP010,M-106,94,3,1,2,0.3,Material,1714.24,91,0.031914893617021274,0.9680851063829787,0.02127659574468085,0.010638297872340425
QR02128,2025-04-22,Line C,Device Beta,Evening,OP014,M-103,261,7,2,5,0.23,Assembly,2862.72,254,0.02681992337164751,0.9731800766283525,0.019157088122605363,0.007662835249042145
QR02129,2025-08-11,Line C,Device Delta,Evening,OP023,M-104,148,4,2,2,5.54,Calibration,1560.48,144,0.02702702702702703,0.972972972972973,0.013513513513513514,0.013513513513513514
QR02130,2025-02-26,Line A,Device Beta,Morning,OP022,M-102,207,9,4,5,0.76,Material,4645.42,198,0.043478260869565216,0.9565217391304348,0.024154589371980676,0.01932367149758454
QR02131,2025-05-08,Line C,Device Gamma,Morning,OP019,M-101,182,3,1,2,0.99,Assembly,1153.39,179,0.016483516483516484,0.9835164835164835,0.01098901098901099,0.005494505494505495
QR02132,2025-03-18,Line D,Device Delta,Evening,OP011,M-102,160,9,2,7,0.95,Material,5630.81,151,0.05625,0.94375,0.04375,0.0125
QR02133,2025-07-25,Line A,Device Beta,Morning,OP001,M-101,217,6,1,5,5.86,Material,3977.37,211,0.027649769585253458,0.9723502304147466,0.02304147465437788,0.004608294930875576
QR02134,2025-10-01,Line D,Device Alpha,Morning,OP012,M-106,133,6,3,3,2.53,Assembly,1962.08,127,0.045112781954887216,0.9548872180451128,0.022556390977443608,0.022556390977443608
QR02135,2025-07-06,Line D,Device Gamma,Evening,OP021,M-105,182,7,2,5,1.09,Process,3281.27,175,0.038461538461538464,0.9615384615384616,0.027472527472527472,0.01098901098901099
QR02136,2025-07-10,Line A,Device Delta,Morning,OP030,M-101,108,4,1,3,1.61,Packaging,973.13,104,0.037037037037037035,0.9629629629629629,0.027777777777777776,0.009259259259259259
QR02137,2025-09-13,Line D,Device Alpha,Evening,OP011,M-101,231,13,4,9,2.51,Packaging,2927.53,218,0.05627705627705628,0.9437229437229437,0.03896103896103896,0.017316017316017316
QR02138,2025-03-02,Line A,Device Delta,Morning,OP024,M-105,252,6,2,4,3.58,Material,3436.46,246,0.023809523809523808,0.9761904761904762,0.015873015873015872,0.007936507936507936
QR02139,2025-10-16,Line C,Device Delta,Morning,OP005,M-105,219,5,2,3,5.07,Electrical,2786.54,214,0.0228310502283105,0.9771689497716894,0.0136986301369863,0.0091324200913242
QR02140,2025-06-26,Line C,Device Alpha,Evening,OP025,M-103,206,2,1,1,2.19,Packaging,428.08,204,0.009708737864077669,0.9902912621359223,0.0048543689320388345,0.0048543689320388345
QR02141,2025-03-20,Line C,Device Gamma,Morning,OP024,M-103,209,4,2,2,2.72,Process,1552.89,205,0.019138755980861243,0.9808612440191388,0.009569377990430622,0.009569377990430622
QR02142,2025-06-21,Line A,Device Gamma,Evening,OP011,M-104,209,3,1,2,8.43,Process,1401.1,206,0.014354066985645933,0.9856459330143541,0.009569377990430622,0.004784688995215311
QR02143,2025-04-28,Line B,Device Beta,Evening,OP005,M-105,272,10,2,8,0.47,Material,6414.95,262,0.03676470588235294,0.9632352941176471,0.029411764705882353,0.007352941176470588
QR02144,2025-06-14,Line D,Device Alpha,Morning,OP013,M-106,141,7,1,6,0.37,Process,3700.25,134,0.04964539007092199,0.950354609929078,0.0425531914893617,0.0070921985815602835
QR02145,2025-10-31,Line D,Device Alpha,Morning,OP006,M-104,94,5,1,4,3.47,Packaging,1219.91,89,0.05319148936170213,0.9468085106382979,0.0425531914893617,0.010638297872340425
QR02146,2025-03-08,Line D,Device Delta,Evening,OP025,M-101,243,14,5,9,3.13,Electrical,8704.83,229,0.05761316872427984,0.9423868312757202,0.037037037037037035,0.0205761316872428
QR02147,2025-08-10,Line C,Device Gamma,Morning,OP026,M-105,172,2,0,2,0.78,Material,1520.0,170,0.011627906976744186,0.9883720930232558,0.011627906976744186,0.0
QR02148,2025-11-16,Line C,Device Delta,Night,OP029,M-101,232,9,1,8,0.99,Electrical,6936.04,223,0.03879310344827586,0.9612068965517241,0.034482758620689655,0.004310344827586207
QR02149,2025-01-03,Line D,Device Delta,Night,OP028,M-106,149,9,2,7,1.27,Material,5626.12,140,0.06040268456375839,0.9395973154362416,0.04697986577181208,0.013422818791946308
QR02150,2025-07-21,Line D,Device Beta,Morning,OP014,M-102,226,12,3,9,2.64,Electrical,8106.04,214,0.05309734513274336,0.9469026548672567,0.03982300884955752,0.01327433628318584
QR02151,2025-03-20,Line D,Device Gamma,Morning,OP002,M-101,262,9,1,8,0.74,Process,4921.71,253,0.03435114503816794,0.9656488549618321,0.030534351145038167,0.003816793893129771
QR02152,2025-06-14,Line A,Device Beta,Morning,OP029,M-102,176,3,1,2,1.01,Electrical,1834.1,173,0.017045454545454544,0.9829545454545454,0.011363636363636364,0.005681818181818182
QR02153,2025-07-27,Line C,Device Gamma,Night,OP013,M-106,267,3,1,2,0.65,Material,1747.23,264,0.011235955056179775,0.9887640449438202,0.00749063670411985,0.003745318352059925
QR02154,2025-05-18,Line C,Device Alpha,Morning,OP009,M-101,183,4,1,3,3.35,Calibration,2140.63,179,0.02185792349726776,0.9781420765027322,0.01639344262295082,0.00546448087431694
QR02155,2025-02-21,Line A,Device Gamma,Morning,OP020,M-106,240,3,1,2,2.12,Electrical,1788.08,237,0.0125,0.9875,0.008333333333333333,0.004166666666666667
QR02156,2025-07-19,Line D,Device Gamma,Night,OP024,M-105,248,11,2,9,1.73,Assembly,4948.66,237,0.04435483870967742,0.9556451612903226,0.036290322580645164,0.008064516129032258
QR02157,2025-01-02,Line A,Device Alpha,Night,OP014,M-104,141,3,1,2,1.28,Assembly,1198.24,138,0.02127659574468085,0.9787234042553191,0.014184397163120567,0.0070921985815602835
QR02158,2025-11-28,Line C,Device Gamma,Night,OP022,M-104,108,1,0,1,3.25,Assembly,520.0,107,0.009259259259259259,0.9907407407407407,0.009259259259259259,0.0
QR02159,2025-12-28,Line C,Device Delta,Night,OP010,M-106,250,8,1,7,3.09,Calibration,4861.33,242,0.032,0.968,0.028,0.004
QR02160,2025-12-07,Line B,Device Beta,Morning,OP015,M-106,218,7,1,6,3.15,Electrical,5206.24,211,0.03211009174311927,0.9678899082568807,0.027522935779816515,0.0045871559633027525
QR02161,2025-11-19,Line A,Device Alpha,Evening,OP005,M-106,191,7,2,5,1.79,Assembly,2806.82,184,0.03664921465968586,0.9633507853403142,0.02617801047120419,0.010471204188481676
QR02162,2025-04-10,Line D,Device Gamma,Night,OP010,M-102,118,5,2,3,2.22,Calibration,2323.12,113,0.0423728813559322,0.9576271186440678,0.025423728813559324,0.01694915254237288
QR02163,2025-06-25,Line B,Device Beta,Evening,OP001,M-106,263,12,3,9,4.18,Process,5777.94,251,0.045627376425855515,0.9543726235741445,0.034220532319391636,0.011406844106463879
QR02164,2025-09-07,Line B,Device Beta,Night,OP021,M-106,170,8,2,6,0.64,Process,3829.81,162,0.047058823529411764,0.9529411764705882,0.03529411764705882,0.011764705882352941
QR02165,2025-02-27,Line B,Device Beta,Evening,OP007,M-104,243,14,2,12,0.39,Assembly,6585.63,229,0.05761316872427984,0.9423868312757202,0.04938271604938271,0.00823045267489712
QR02166,2025-05-03,Line D,Device Gamma,Night,OP008,M-105,101,5,2,3,4.32,Assembly,1988.72,96,0.04950495049504951,0.9504950495049505,0.0297029702970297,0.019801980198019802
QR02167,2025-02-20,Line B,Device Beta,Evening,OP030,M-101,128,6,2,4,2.28,Process,2576.52,122,0.046875,0.953125,0.03125,0.015625
QR02168,2025-11-06,Line B,Device Alpha,Morning,OP028,M-101,211,8,2,6,1.96,Material,5000.34,203,0.037914691943127965,0.9620853080568721,0.02843601895734597,0.009478672985781991
QR02169,2025-07-13,Line A,Device Delta,Evening,OP001,M-105,258,12,4,8,0.91,Electrical,7632.35,246,0.046511627906976744,0.9534883720930233,0.031007751937984496,0.015503875968992248
QR02170,2025-09-20,Line A,Device Delta,Night,OP022,M-101,225,7,2,5,6.6,Assembly,2932.39,218,0.03111111111111111,0.9688888888888889,0.022222222222222223,0.008888888888888889
QR02171,2025-09-09,Line C,Device Beta,Evening,OP005,M-103,166,4,1,3,0.25,Assembly,1676.84,162,0.024096385542168676,0.9759036144578314,0.018072289156626505,0.006024096385542169
QR02172,2025-07-08,Line D,Device Gamma,Morning,OP007,M-103,273,7,1,6,1.92,Process,3773.88,266,0.02564102564102564,0.9743589743589743,0.02197802197802198,0.003663003663003663
QR02173,2025-05-29,Line B,Device Gamma,Morning,OP008,M-101,217,8,3,5,3.58,Assembly,3017.4,209,0.03686635944700461,0.9631336405529954,0.02304147465437788,0.013824884792626729
QR02174,2025-05-05,Line C,Device Beta,Night,OP011,M-104,265,9,2,7,1.78,Material,5696.57,256,0.033962264150943396,0.9660377358490566,0.026415094339622643,0.007547169811320755
QR02175,2025-09-30,Line D,Device Alpha,Evening,OP007,M-102,177,7,1,6,1.86,Calibration,4232.67,170,0.03954802259887006,0.96045197740113,0.03389830508474576,0.005649717514124294
QR02176,2025-03-06,Line C,Device Delta,Morning,OP004,M-105,271,9,3,6,0.47,Assembly,3445.44,262,0.033210332103321034,0.966789667896679,0.02214022140221402,0.01107011070110701
QR02177,2025-09-10,Line A,Device Gamma,Evening,OP021,M-103,264,4,2,2,0.15,Assembly,1340.14,260,0.015151515151515152,0.9848484848484849,0.007575757575757576,0.007575757575757576
QR02178,2025-08-12,Line B,Device Alpha,Morning,OP020,M-105,149,4,1,3,2.09,Assembly,1781.19,145,0.026845637583892617,0.9731543624161074,0.020134228187919462,0.006711409395973154
QR02179,2025-01-10,Line C,Device Delta,Night,OP025,M-101,205,9,4,5,1.67,Packaging,1728.63,196,0.04390243902439024,0.9560975609756097,0.024390243902439025,0.01951219512195122
QR02180,2025-05-20,Line B,Device Delta,Morning,OP029,M-101,100,5,2,3,4.75,Material,2579.18,95,0.05,0.95,0.03,0.02
QR02181,2025-02-06,Line D,Device Delta,Night,OP019,M-104,205,14,3,11,3.98,Packaging,3234.74,191,0.06829268292682927,0.9317073170731708,0.05365853658536585,0.014634146341463415
QR02182,2025-02-01,Line C,Device Delta,Evening,OP003,M-106,105,2,1,1,0.53,Material,880.67,103,0.01904761904761905,0.9809523809523809,0.009523809523809525,0.009523809523809525
QR02183,2025-09-25,Line B,Device Delta,Night,OP013,M-101,205,7,3,4,6.17,Assembly,2428.01,198,0.03414634146341464,0.9658536585365853,0.01951219512195122,0.014634146341463415
QR02184,2025-09-29,Line D,Device Gamma,Evening,OP002,M-104,206,8,1,7,0.67,Electrical,6047.31,198,0.038834951456310676,0.9611650485436893,0.03398058252427184,0.0048543689320388345
QR02185,2025-01-14,Line C,Device Beta,Morning,OP012,M-105,177,3,1,2,0.48,Material,1750.79,174,0.01694915254237288,0.9830508474576272,0.011299435028248588,0.005649717514124294
QR02186,2025-10-01,Line C,Device Gamma,Night,OP012,M-101,119,1,0,1,1.48,Process,590.0,118,0.008403361344537815,0.9915966386554622,0.008403361344537815,0.0
QR02187,2025-12-12,Line A,Device Gamma,Morning,OP004,M-101,269,1,0,1,2.08,Calibration,680.0,268,0.0037174721189591076,0.9962825278810409,0.0037174721189591076,0.0
QR02188,2025-12-23,Line A,Device Gamma,Evening,OP005,M-105,97,3,0,3,0.55,Assembly,1560.0,94,0.030927835051546393,0.9690721649484536,0.030927835051546393,0.0
QR02189,2025-07-27,Line A,Device Alpha,Evening,OP010,M-106,123,3,1,2,8.36,Calibration,1460.37,120,0.024390243902439025,0.975609756097561,0.016260162601626018,0.008130081300813009
QR02190,2025-07-31,Line A,Device Beta,Night,OP023,M-103,196,6,2,4,0.18,Material,3454.24,190,0.030612244897959183,0.9693877551020408,0.02040816326530612,0.01020408163265306
QR02191,2025-01-07,Line A,Device Beta,Morning,OP027,M-101,179,3,1,2,2.85,Assembly,1275.0,176,0.01675977653631285,0.9832402234636871,0.0111731843575419,0.00558659217877095
QR02192,2025-01-23,Line C,Device Gamma,Night,OP006,M-104,228,2,1,1,5.23,Assembly,750.71,226,0.008771929824561403,0.9912280701754386,0.0043859649122807015,0.0043859649122807015
QR02193,2025-11-17,Line A,Device Alpha,Evening,OP006,M-106,178,5,1,4,0.7,Process,2527.7,173,0.028089887640449437,0.9719101123595506,0.02247191011235955,0.0056179775280898875
QR02194,2025-01-09,Line C,Device Delta,Night,OP016,M-106,238,8,2,6,4.96,Packaging,2034.91,230,0.03361344537815126,0.9663865546218487,0.025210084033613446,0.008403361344537815
QR02195,2025-04-12,Line D,Device Gamma,Morning,OP029,M-106,278,9,3,6,2.53,Assembly,3463.22,269,0.03237410071942446,0.9676258992805755,0.02158273381294964,0.01079136690647482
QR02196,2025-06-24,Line A,Device Beta,Evening,OP020,M-103,156,6,1,5,0.84,Material,3985.22,150,0.038461538461538464,0.9615384615384616,0.03205128205128205,0.00641025641025641
QR02197,2025-09-01,Line C,Device Beta,Evening,OP026,M-104,99,2,1,1,2.29,Material,950.86,97,0.020202020202020204,0.9797979797979798,0.010101010101010102,0.010101010101010102
QR02198,2025-12-13,Line D,Device Beta,Morning,OP006,M-102,270,13,2,11,1.59,Calibration,7695.16,257,0.04814814814814815,0.9518518518518518,0.040740740740740744,0.007407407407407408
QR02199,2025-07-19,Line C,Device Beta,Evening,OP021,M-103,131,3,1,2,1.97,Packaging,672.02,128,0.022900763358778626,0.9770992366412213,0.015267175572519083,0.007633587786259542
QR02200,2025-06-19,Line D,Device Beta,Night,OP011,M-104,181,9,4,5,3.09,Calibration,4112.44,172,0.049723756906077346,0.9502762430939227,0.027624309392265192,0.022099447513812154
QR02201,2025-06-04,Line B,Device Alpha,Morning,OP017,M-106,192,6,1,5,2.13,Assembly,2692.37,186,0.03125,0.96875,0.026041666666666668,0.005208333333333333
QR02202,2025-09-10,Line D,Device Gamma,Evening,OP027,M-102,183,8,2,6,3.64,Electrical,5494.25,175,0.04371584699453552,0.9562841530054644,0.03278688524590164,0.01092896174863388
QR02203,2025-06-04,Line D,Device Gamma,Evening,OP027,M-102,118,5,1,4,2.41,Process,2460.96,113,0.0423728813559322,0.9576271186440678,0.03389830508474576,0.00847457627118644
QR02204,2025-03-28,Line B,Device Gamma,Morning,OP011,M-101,170,4,1,3,1.06,Calibration,2144.4,166,0.023529411764705882,0.9764705882352941,0.01764705882352941,0.0058823529411764705
QR02205,2025-08-04,Line D,Device Gamma,Morning,OP030,M-103,158,7,2,5,0.56,Electrical,4419.08,151,0.04430379746835443,0.9556962025316456,0.03164556962025317,0.012658227848101266
QR02206,2025-06-18,Line A,Device Alpha,Evening,OP009,M-101,256,6,1,5,3.34,Packaging,1411.17,250,0.0234375,0.9765625,0.01953125,0.00390625
QR02207,2025-05-09,Line B,Device Gamma,Evening,OP029,M-102,157,2,1,1,0.25,Material,963.99,155,0.012738853503184714,0.9872611464968153,0.006369426751592357,0.006369426751592357
QR02208,2025-04-30,Line D,Device Gamma,Night,OP011,M-102,125,6,2,4,7.16,Process,2543.77,119,0.048,0.952,0.032,0.016
QR02209,2025-07-30,Line C,Device Alpha,Evening,OP009,M-101,108,3,1,2,1.07,Material,1660.76,105,0.027777777777777776,0.9722222222222222,0.018518518518518517,0.009259259259259259
QR02210,2025-03-22,Line B,Device Delta,Evening,OP029,M-101,188,10,2,8,2.26,Assembly,4504.43,178,0.05319148936170213,0.9468085106382979,0.0425531914893617,0.010638297872340425
QR02211,2025-07-24,Line C,Device Delta,Evening,OP015,M-106,141,2,1,1,3.45,Assembly,711.47,139,0.014184397163120567,0.9858156028368794,0.0070921985815602835,0.0070921985815602835
QR02212,2025-03-06,Line D,Device Gamma,Evening,OP002,M-102,277,12,5,7,2.17,Packaging,2490.65,265,0.04332129963898917,0.9566787003610109,0.02527075812274368,0.018050541516245487
QR02213,2025-12-14,Line D,Device Delta,Evening,OP012,M-101,212,13,3,10,2.96,Electrical,9067.32,199,0.06132075471698113,0.9386792452830188,0.04716981132075472,0.014150943396226415
QR02214,2025-07-10,Line B,Device Gamma,Night,OP002,M-103,205,8,1,7,2.89,Material,5416.05,197,0.03902439024390244,0.9609756097560975,0.03414634146341464,0.004878048780487805
QR02215,2025-05-04,Line C,Device Gamma,Night,OP017,M-103,232,2,1,1,0.79,Assembly,634.45,230,0.008620689655172414,0.9913793103448276,0.004310344827586207,0.004310344827586207
QR02216,2025-07-16,Line C,Device Delta,Evening,OP008,M-105,151,7,2,5,1.45,Calibration,3679.57,144,0.046357615894039736,0.9536423841059603,0.033112582781456956,0.013245033112582781
QR02217,2025-02-25,Line D,Device Alpha,Evening,OP013,M-105,161,7,2,5,3.21,Assembly,2989.33,154,0.043478260869565216,0.9565217391304348,0.031055900621118012,0.012422360248447204
QR02218,2025-10-29,Line C,Device Gamma,Night,OP014,M-105,130,3,1,2,0.97,Packaging,714.09,127,0.023076923076923078,0.9769230769230769,0.015384615384615385,0.007692307692307693
QR02219,2025-03-27,Line D,Device Gamma,Morning,OP023,M-104,144,7,1,6,2.22,Calibration,4197.5,137,0.04861111111111111,0.9513888888888888,0.041666666666666664,0.006944444444444444
QR02220,2025-04-16,Line A,Device Delta,Morning,OP019,M-102,141,4,2,2,2.17,Electrical,1868.73,137,0.028368794326241134,0.9716312056737588,0.014184397163120567,0.014184397163120567
QR02221,2025-01-25,Line C,Device Alpha,Morning,OP015,M-106,194,3,1,2,1.82,Assembly,1145.01,191,0.015463917525773196,0.9845360824742269,0.010309278350515464,0.005154639175257732
QR02222,2025-09-30,Line C,Device Beta,Morning,OP029,M-101,91,2,1,1,0.64,Process,721.6,89,0.02197802197802198,0.978021978021978,0.01098901098901099,0.01098901098901099
QR02223,2025-04-02,Line B,Device Delta,Morning,OP028,M-101,220,10,1,9,1.31,Material,6937.77,210,0.045454545454545456,0.9545454545454546,0.04090909090909091,0.004545454545454545
QR02224,2025-05-05,Line A,Device Beta,Morning,OP019,M-106,177,6,2,4,1.65,Calibration,3111.45,171,0.03389830508474576,0.9661016949152542,0.022598870056497175,0.011299435028248588
QR02225,2025-10-25,Line A,Device Delta,Evening,OP006,M-101,242,6,1,5,2.32,Material,3893.47,236,0.024793388429752067,0.9752066115702479,0.02066115702479339,0.004132231404958678
QR02226,2025-02-09,Line B,Device Alpha,Morning,OP022,M-106,187,5,2,3,3.37,Material,2684.79,182,0.026737967914438502,0.9732620320855615,0.016042780748663103,0.0106951871657754
QR02227,2025-09-29,Line D,Device Beta,Morning,OP017,M-102,168,10,4,6,1.98,Assembly,3528.28,158,0.05952380952380952,0.9404761904761905,0.03571428571428571,0.023809523809523808
QR02228,2025-06-22,Line C,Device Alpha,Evening,OP024,M-104,136,2,0,2,5.13,Assembly,1040.0,134,0.014705882352941176,0.9852941176470589,0.014705882352941176,0.0
QR02229,2025-01-19,Line D,Device Alpha,Evening,OP029,M-102,168,10,4,6,0.35,Process,4062.52,158,0.05952380952380952,0.9404761904761905,0.03571428571428571,0.023809523809523808
QR02230,2025-06-18,Line D,Device Delta,Night,OP009,M-101,122,8,1,7,2.49,Packaging,2047.28,114,0.06557377049180328,0.9344262295081968,0.05737704918032787,0.00819672131147541
QR02231,2025-06-29,Line A,Device Alpha,Morning,OP011,M-103,128,5,1,4,1.58,Process,2562.81,123,0.0390625,0.9609375,0.03125,0.0078125
QR02232,2025-05-26,Line C,Device Delta,Morning,OP006,M-106,214,7,1,6,1.91,Assembly,3272.59,207,0.03271028037383177,0.9672897196261683,0.028037383177570093,0.004672897196261682
QR02233,2025-02-01,Line C,Device Beta,Morning,OP008,M-101,91,2,0,2,0.34,Process,1180.0,89,0.02197802197802198,0.978021978021978,0.02197802197802198,0.0
QR02234,2025-03-23,Line C,Device Beta,Morning,OP003,M-101,198,9,3,6,0.23,Calibration,4430.4,189,0.045454545454545456,0.9545454545454546,0.030303030303030304,0.015151515151515152
QR02235,2025-09-19,Line C,Device Alpha,Evening,OP006,M-103,100,2,1,1,1.12,Packaging,410.6,98,0.02,0.98,0.01,0.01
QR02236,2025-07-13,Line B,Device Gamma,Morning,OP029,M-104,194,4,1,3,1.49,Assembly,1791.49,190,0.020618556701030927,0.979381443298969,0.015463917525773196,0.005154639175257732
QR02237,2025-02-18,Line C,Device Alpha,Evening,OP026,M-101,167,7,2,5,1.05,Electrical,4479.05,160,0.041916167664670656,0.9580838323353293,0.029940119760479042,0.011976047904191617
QR02238,2025-03-30,Line D,Device Delta,Night,OP016,M-104,231,14,3,11,3.55,Material,8884.27,217,0.06060606060606061,0.9393939393939394,0.047619047619047616,0.012987012987012988
QR02239,2025-10-30,Line A,Device Delta,Evening,OP004,M-101,255,13,3,10,2.08,Electrical,8740.88,242,0.050980392156862744,0.9490196078431372,0.0392156862745098,0.011764705882352941
QR02240,2025-12-01,Line A,Device Alpha,Evening,OP011,M-101,238,7,2,5,2.59,Process,3200.87,231,0.029411764705882353,0.9705882352941176,0.02100840336134454,0.008403361344537815
QR02241,2025-10-05,Line A,Device Beta,Morning,OP014,M-104,96,4,1,3,3.4,Material,2396.83,92,0.041666666666666664,0.9583333333333334,0.03125,0.010416666666666666
QR02242,2025-09-19,Line D,Device Delta,Morning,OP006,M-103,241,14,4,10,1.3,Process,6587.01,227,0.058091286307053944,0.941908713692946,0.04149377593360996,0.016597510373443983
QR02243,2025-08-15,Line B,Device Delta,Evening,OP004,M-105,90,4,1,3,5.43,Process,1883.0,86,0.044444444444444446,0.9555555555555556,0.03333333333333333,0.011111111111111112
QR02244,2025-02-20,Line D,Device Alpha,Morning,OP018,M-106,267,12,4,8,1.83,Electrical,7504.05,255,0.0449438202247191,0.9550561797752809,0.0299625468164794,0.0149812734082397
QR02245,2025-06-27,Line C,Device Alpha,Evening,OP002,M-102,252,7,2,5,3.1,Electrical,4522.41,245,0.027777777777777776,0.9722222222222222,0.01984126984126984,0.007936507936507936
QR02246,2025-11-24,Line B,Device Alpha,Night,OP013,M-101,178,8,3,5,3.05,Assembly,3272.01,170,0.0449438202247191,0.9550561797752809,0.028089887640449437,0.016853932584269662
QR02247,2025-03-03,Line D,Device Alpha,Evening,OP021,M-106,120,6,1,5,4.36,Material,3935.77,114,0.05,0.95,0.041666666666666664,0.008333333333333333
QR02248,2025-06-05,Line D,Device Alpha,Evening,OP028,M-105,223,12,2,10,4.17,Assembly,5619.52,211,0.053811659192825115,0.9461883408071748,0.04484304932735426,0.008968609865470852
QR02249,2025-05-18,Line C,Device Delta,Morning,OP027,M-101,120,4,1,3,2.84,Assembly,1749.07,116,0.03333333333333333,0.9666666666666667,0.025,0.008333333333333333
QR02250,2025-04-27,Line A,Device Alpha,Morning,OP023,M-105,97,2,1,1,0.85,Process,829.86,95,0.020618556701030927,0.979381443298969,0.010309278350515464,0.010309278350515464
QR02251,2025-03-19,Line D,Device Delta,Morning,OP004,M-101,94,5,2,3,1.39,Material,2559.9,89,0.05319148936170213,0.9468085106382979,0.031914893617021274,0.02127659574468085
QR02252,2025-05-11,Line B,Device Alpha,Morning,OP019,M-102,127,5,1,4,1.88,Assembly,2247.94,122,0.03937007874015748,0.9606299212598425,0.031496062992125984,0.007874015748031496
QR02253,2025-12-23,Line B,Device Delta,Evening,OP007,M-103,99,5,1,4,1.25,Assembly,2233.91,94,0.050505050505050504,0.9494949494949495,0.04040404040404041,0.010101010101010102
QR02254,2025-08-31,Line A,Device Gamma,Morning,OP001,M-102,205,5,2,3,0.43,Process,2193.39,200,0.024390243902439025,0.975609756097561,0.014634146341463415,0.00975609756097561
QR02255,2025-05-08,Line A,Device Delta,Night,OP001,M-104,110,4,1,3,1.39,Electrical,2625.93,106,0.03636363636363636,0.9636363636363636,0.02727272727272727,0.00909090909090909
QR02256,2025-12-17,Line A,Device Beta,Evening,OP013,M-103,182,6,2,4,0.79,Packaging,1473.23,176,0.03296703296703297,0.967032967032967,0.02197802197802198,0.01098901098901099
QR02257,2025-07-07,Line B,Device Delta,Evening,OP014,M-103,154,7,2,5,2.56,Calibration,3708.63,147,0.045454545454545456,0.9545454545454546,0.032467532467532464,0.012987012987012988
QR02258,2025-07-05,Line A,Device Beta,Evening,OP022,M-104,238,10,3,7,4.15,Calibration,5456.78,228,0.04201680672268908,0.957983193277311,0.029411764705882353,0.012605042016806723
QR02259,2025-12-07,Line B,Device Gamma,Night,OP015,M-101,206,8,3,5,0.95,Assembly,2958.4,198,0.038834951456310676,0.9611650485436893,0.024271844660194174,0.014563106796116505
QR02260,2025-06-30,Line A,Device Alpha,Night,OP027,M-103,111,2,1,1,1.32,Material,868.16,109,0.018018018018018018,0.9819819819819819,0.009009009009009009,0.009009009009009009
QR02261,2025-08-06,Line C,Device Delta,Morning,OP026,M-102,181,6,1,5,5.66,Calibration,3490.7,175,0.03314917127071823,0.9668508287292817,0.027624309392265192,0.0055248618784530384
QR02262,2025-04-12,Line B,Device Beta,Night,OP007,M-106,118,6,1,5,4.61,Process,3188.72,112,0.05084745762711865,0.9491525423728814,0.0423728813559322,0.00847457627118644
QR02263,2025-08-01,Line C,Device Beta,Morning,OP022,M-101,155,6,1,5,1.25,Material,3962.38,149,0.03870967741935484,0.9612903225806452,0.03225806451612903,0.0064516129032258064
QR02264,2025-05-20,Line B,Device Alpha,Night,OP021,M-102,132,5,1,4,1.3,Process,2513.07,127,0.03787878787878788,0.9621212121212122,0.030303030303030304,0.007575757575757576
QR02265,2025-02-17,Line C,Device Gamma,Morning,OP023,M-102,169,1,0,1,1.61,Process,590.0,168,0.005917159763313609,0.9940828402366864,0.005917159763313609,0.0
QR02266,2025-12-06,Line A,Device Delta,Evening,OP021,M-101,216,6,1,5,0.05,Packaging,1528.2,210,0.027777777777777776,0.9722222222222222,0.023148148148148147,0.004629629629629629
QR02267,2025-07-23,Line A,Device Gamma,Evening,OP027,M-103,206,5,1,4,0.63,Material,3279.37,201,0.024271844660194174,0.9757281553398058,0.019417475728155338,0.0048543689320388345
QR02268,2025-04-22,Line B,Device Delta,Morning,OP016,M-102,211,10,1,9,1.99,Packaging,2575.57,201,0.04739336492890995,0.95260663507109,0.04265402843601896,0.004739336492890996
QR02269,2025-09-02,Line A,Device Beta,Evening,OP005,M-106,163,6,1,5,4.24,Material,4029.78,157,0.03680981595092025,0.9631901840490797,0.03067484662576687,0.006134969325153374
QR02270,2025-03-20,Line C,Device Delta,Morning,OP008,M-101,266,8,1,7,6.25,Packaging,1933.55,258,0.03007518796992481,0.9699248120300752,0.02631578947368421,0.0037593984962406013
QR02271,2025-06-13,Line D,Device Gamma,Evening,OP017,M-105,95,3,1,2,2.1,Calibration,1503.55,92,0.031578947368421054,0.968421052631579,0.021052631578947368,0.010526315789473684
QR02272,2025-07-05,Line B,Device Beta,Morning,OP022,M-102,109,5,2,3,2.0,Electrical,2807.64,104,0.045871559633027525,0.9541284403669725,0.027522935779816515,0.01834862385321101
QR02273,2025-01-11,Line B,Device Beta,Morning,OP016,M-105,214,9,3,6,1.91,Process,4152.15,205,0.04205607476635514,0.9579439252336449,0.028037383177570093,0.014018691588785047
QR02274,2025-05-06,Line B,Device Gamma,Morning,OP012,M-105,134,6,1,5,1.17,Assembly,2742.27,128,0.04477611940298507,0.9552238805970149,0.03731343283582089,0.007462686567164179
QR02275,2025-01-03,Line C,Device Alpha,Evening,OP010,M-104,248,4,1,3,0.94,Process,1956.61,244,0.016129032258064516,0.9838709677419355,0.012096774193548387,0.004032258064516129
QR02276,2025-01-31,Line B,Device Beta,Night,OP021,M-102,156,6,1,5,1.98,Assembly,2793.44,150,0.038461538461538464,0.9615384615384616,0.03205128205128205,0.00641025641025641
QR02277,2025-11-03,Line B,Device Gamma,Morning,OP006,M-102,181,7,1,6,3.97,Process,3633.03,174,0.03867403314917127,0.9613259668508287,0.03314917127071823,0.0055248618784530384
QR02278,2025-04-01,Line C,Device Beta,Evening,OP028,M-102,147,3,1,2,0.44,Packaging,737.61,144,0.02040816326530612,0.9795918367346939,0.013605442176870748,0.006802721088435374
QR02279,2025-11-29,Line D,Device Delta,Evening,OP001,M-106,148,6,2,4,0.42,Process,2736.84,142,0.04054054054054054,0.9594594594594594,0.02702702702702703,0.013513513513513514
QR02280,2025-01-09,Line C,Device Delta,Evening,OP002,M-101,272,7,1,6,3.35,Process,3643.71,265,0.025735294117647058,0.9742647058823529,0.022058823529411766,0.003676470588235294
QR02281,2025-03-24,Line B,Device Beta,Night,OP008,M-106,173,4,1,3,0.45,Electrical,2747.2,169,0.023121387283236993,0.976878612716763,0.017341040462427744,0.005780346820809248
QR02282,2025-08-24,Line D,Device Gamma,Morning,OP015,M-102,100,5,1,4,2.2,Material,3257.53,95,0.05,0.95,0.04,0.01
QR02283,2025-06-27,Line A,Device Beta,Night,OP015,M-106,206,8,2,6,1.55,Electrical,5374.49,198,0.038834951456310676,0.9611650485436893,0.02912621359223301,0.009708737864077669
QR02284,2025-06-20,Line C,Device Delta,Evening,OP025,M-102,164,6,1,5,6.23,Calibration,3587.0,158,0.036585365853658534,0.9634146341463414,0.03048780487804878,0.006097560975609756
QR02285,2025-10-26,Line C,Device Delta,Morning,OP009,M-105,158,3,1,2,3.72,Material,1707.68,155,0.0189873417721519,0.9810126582278481,0.012658227848101266,0.006329113924050633
QR02286,2025-06-17,Line A,Device Beta,Morning,OP015,M-104,151,4,1,3,0.85,Calibration,2242.25,147,0.026490066225165563,0.9735099337748344,0.019867549668874173,0.006622516556291391
QR02287,2025-01-12,Line D,Device Delta,Morning,OP013,M-101,259,22,5,17,1.96,Assembly,9982.91,237,0.08494208494208494,0.915057915057915,0.06563706563706563,0.019305019305019305
QR02288,2025-11-07,Line A,Device Delta,Night,OP014,M-103,146,6,2,4,2.05,Electrical,3668.11,140,0.0410958904109589,0.958904109589041,0.0273972602739726,0.0136986301369863
QR02289,2025-07-20,Line A,Device Gamma,Morning,OP022,M-106,226,4,2,2,1.15,Assembly,1301.85,222,0.017699115044247787,0.9823008849557522,0.008849557522123894,0.008849557522123894
QR02290,2025-12-08,Line C,Device Delta,Evening,OP022,M-104,121,3,1,2,1.89,Electrical,1812.54,118,0.024793388429752067,0.9752066115702479,0.01652892561983471,0.008264462809917356
QR02291,2025-04-26,Line D,Device Beta,Evening,OP011,M-101,266,10,2,8,3.1,Calibration,5824.84,256,0.03759398496240601,0.9624060150375939,0.03007518796992481,0.007518796992481203
QR02292,2025-10-30,Line A,Device Gamma,Evening,OP010,M-104,278,5,1,4,0.26,Electrical,3595.18,273,0.017985611510791366,0.9820143884892086,0.014388489208633094,0.0035971223021582736
QR02293,2025-03-18,Line D,Device Gamma,Morning,OP006,M-103,180,8,3,5,1.89,Assembly,3211.46,172,0.044444444444444446,0.9555555555555556,0.027777777777777776,0.016666666666666666
QR02294,2025-12-24,Line D,Device Gamma,Evening,OP011,M-102,116,6,2,4,0.6,Calibration,3152.74,110,0.05172413793103448,0.9482758620689655,0.034482758620689655,0.017241379310344827
QR02295,2025-05-05,Line C,Device Alpha,Morning,OP026,M-105,138,7,1,6,0.77,Assembly,3226.38,131,0.050724637681159424,0.9492753623188406,0.043478260869565216,0.007246376811594203
QR02296,2025-01-28,Line B,Device Alpha,Night,OP008,M-101,188,7,3,4,1.83,Assembly,2512.09,181,0.03723404255319149,0.9627659574468085,0.02127659574468085,0.015957446808510637
QR02297,2025-04-25,Line D,Device Gamma,Evening,OP026,M-102,241,11,1,10,1.02,Assembly,5405.58,230,0.04564315352697095,0.9543568464730291,0.04149377593360996,0.004149377593360996
QR02298,2025-02-16,Line C,Device Delta,Morning,OP017,M-106,173,6,2,4,0.74,Assembly,2341.93,167,0.03468208092485549,0.9653179190751445,0.023121387283236993,0.011560693641618497
QR02299,2025-06-11,Line C,Device Delta,Evening,OP030,M-105,138,4,1,3,10.0,Process,1958.65,134,0.028985507246376812,0.9710144927536232,0.021739130434782608,0.007246376811594203
QR02300,2025-08-13,Line D,Device Delta,Night,OP026,M-105,246,15,2,13,0.39,Calibration,9160.02,231,0.06097560975609756,0.9390243902439024,0.052845528455284556,0.008130081300813009
QR02301,2025-10-22,Line D,Device Beta,Morning,OP006,M-101,171,8,2,6,2.22,Calibration,4549.62,163,0.04678362573099415,0.9532163742690059,0.03508771929824561,0.011695906432748537
QR02302,2025-06-25,Line C,Device Delta,Morning,OP023,M-103,180,6,3,3,2.5,Material,2799.87,174,0.03333333333333333,0.9666666666666667,0.016666666666666666,0.016666666666666666
QR02303,2025-05-25,Line D,Device Delta,Morning,OP022,M-105,247,17,7,10,1.53,Packaging,3488.8,230,0.06882591093117409,0.9311740890688259,0.04048582995951417,0.02834008097165992
QR02304,2025-09-12,Line B,Device Delta,Morning,OP019,M-101,249,10,1,9,1.35,Assembly,4877.71,239,0.040160642570281124,0.9598393574297188,0.03614457831325301,0.004016064257028112
QR02305,2025-03-06,Line B,Device Delta,Morning,OP024,M-105,219,10,3,7,1.13,Material,6003.44,209,0.045662100456621,0.954337899543379,0.0319634703196347,0.0136986301369863
QR02306,2025-10-23,Line D,Device Delta,Evening,OP013,M-106,150,9,3,6,1.74,Process,3887.03,141,0.06,0.94,0.04,0.02
QR02307,2025-02-25,Line D,Device Beta,Morning,OP014,M-106,182,10,4,6,1.62,Process,4446.57,172,0.054945054945054944,0.945054945054945,0.03296703296703297,0.02197802197802198
QR02308,2025-03-07,Line C,Device Delta,Evening,OP005,M-106,272,9,3,6,1.35,Calibration,4436.59,263,0.03308823529411765,0.9669117647058824,0.022058823529411766,0.011029411764705883
QR02309,2025-06-07,Line C,Device Delta,Morning,OP015,M-103,252,7,2,5,4.19,Assembly,2930.43,245,0.027777777777777776,0.9722222222222222,0.01984126984126984,0.007936507936507936
QR02310,2025-12-30,Line D,Device Gamma,Night,OP007,M-102,164,7,2,5,3.7,Electrical,4523.22,157,0.042682926829268296,0.9573170731707317,0.03048780487804878,0.012195121951219513
QR02311,2025-02-08,Line A,Device Delta,Morning,OP007,M-104,137,4,1,3,0.67,Assembly,1726.67,133,0.029197080291970802,0.9708029197080292,0.021897810218978103,0.0072992700729927005
QR02312,2025-11-03,Line C,Device Beta,Evening,OP005,M-105,90,1,0,1,1.03,Calibration,680.0,89,0.011111111111111112,0.9888888888888889,0.011111111111111112,0.0
QR02313,2025-08-03,Line A,Device Beta,Night,OP005,M-102,124,4,1,3,1.46,Calibration,2168.21,120,0.03225806451612903,0.967741935483871,0.024193548387096774,0.008064516129032258
QR02314,2025-05-10,Line B,Device Beta,Night,OP025,M-105,145,4,1,3,0.98,Calibration,2278.64,141,0.027586206896551724,0.9724137931034482,0.020689655172413793,0.006896551724137931
QR02315,2025-10-08,Line D,Device Beta,Evening,OP025,M-101,210,16,4,12,1.81,Material,9543.89,194,0.0761904761904762,0.9238095238095239,0.05714285714285714,0.01904761904761905
QR02316,2025-10-17,Line A,Device Beta,Night,OP004,M-102,219,5,2,3,1.1,Assembly,1855.28,214,0.0228310502283105,0.9771689497716894,0.0136986301369863,0.0091324200913242
QR02317,2025-10-16,Line A,Device Gamma,Morning,OP020,M-103,231,5,1,4,5.74,Material,3248.62,226,0.021645021645021644,0.9783549783549783,0.017316017316017316,0.004329004329004329
QR02318,2025-01-03,Line D,Device Gamma,Night,OP019,M-101,272,14,6,8,1.92,Packaging,3098.81,258,0.051470588235294115,0.9485294117647058,0.029411764705882353,0.022058823529411766
QR02319,2025-04-09,Line A,Device Alpha,Evening,OP012,M-101,220,2,1,1,2.77,Assembly,721.32,218,0.00909090909090909,0.990909090909091,0.004545454545454545,0.004545454545454545
QR02320,2025-10-12,Line B,Device Beta,Evening,OP016,M-106,205,8,1,7,2.5,Material,5498.42,197,0.03902439024390244,0.9609756097560975,0.03414634146341464,0.004878048780487805
QR02321,2025-10-06,Line A,Device Beta,Morning,OP029,M-105,115,4,0,4,3.73,Assembly,2080.0,111,0.034782608695652174,0.9652173913043478,0.034782608695652174,0.0
QR02322,2025-09-10,Line C,Device Delta,Evening,OP023,M-101,163,6,1,5,0.99,Material,3999.47,157,0.03680981595092025,0.9631901840490797,0.03067484662576687,0.006134969325153374
QR02323,2025-04-18,Line B,Device Beta,Night,OP004,M-102,231,11,2,9,1.09,Material,7024.34,220,0.047619047619047616,0.9523809523809523,0.03896103896103896,0.008658008658008658
QR02324,2025-05-26,Line B,Device Gamma,Morning,OP005,M-102,162,5,1,4,1.81,Assembly,2173.16,157,0.030864197530864196,0.9691358024691358,0.024691358024691357,0.006172839506172839
QR02325,2025-07-30,Line D,Device Beta,Morning,OP028,M-103,136,9,3,6,1.42,Process,3991.51,127,0.0661764705882353,0.9338235294117647,0.04411764705882353,0.022058823529411766
QR02326,2025-04-21,Line C,Device Alpha,Evening,OP026,M-105,195,4,1,3,1.37,Assembly,1650.59,191,0.020512820512820513,0.9794871794871794,0.015384615384615385,0.005128205128205128
QR02327,2025-01-07,Line A,Device Beta,Night,OP007,M-102,261,7,1,6,0.55,Packaging,1709.67,254,0.02681992337164751,0.9731800766283525,0.022988505747126436,0.0038314176245210726
QR02328,2025-07-14,Line D,Device Delta,Evening,OP002,M-102,131,7,2,5,1.44,Packaging,1602.11,124,0.05343511450381679,0.9465648854961832,0.03816793893129771,0.015267175572519083
QR02329,2025-02-18,Line C,Device Gamma,Morning,OP008,M-102,100,1,0,1,1.15,Material,760.0,99,0.01,0.99,0.01,0.0
QR02330,2025-11-23,Line D,Device Delta,Evening,OP022,M-103,196,12,2,10,1.98,Assembly,5491.34,184,0.061224489795918366,0.9387755102040817,0.05102040816326531,0.01020408163265306
QR02331,2025-10-01,Line B,Device Gamma,Morning,OP029,M-102,164,6,1,5,0.46,Calibration,3532.21,158,0.036585365853658534,0.9634146341463414,0.03048780487804878,0.006097560975609756
QR02332,2025-07-04,Line A,Device Delta,Night,OP028,M-102,138,5,2,3,1.19,Assembly,1947.91,133,0.036231884057971016,0.9637681159420289,0.021739130434782608,0.014492753623188406
QR02333,2025-04-16,Line C,Device Beta,Evening,OP016,M-106,235,8,1,7,1.1,Calibration,4972.33,227,0.03404255319148936,0.9659574468085106,0.029787234042553193,0.00425531914893617
QR02334,2025-11-30,Line B,Device Delta,Evening,OP009,M-106,194,9,3,6,1.81,Calibration,4606.93,185,0.04639175257731959,0.9536082474226805,0.030927835051546393,0.015463917525773196
QR02335,2025-07-20,Line C,Device Delta,Evening,OP025,M-102,127,6,2,4,1.36,Material,3497.69,121,0.047244094488188976,0.952755905511811,0.031496062992125984,0.015748031496062992
QR02336,2025-08-01,Line A,Device Beta,Morning,OP004,M-106,234,7,1,6,0.98,Packaging,1772.57,227,0.029914529914529916,0.9700854700854701,0.02564102564102564,0.004273504273504274
QR02337,2025-03-01,Line C,Device Beta,Night,OP001,M-106,251,2,1,1,2.7,Calibration,814.56,249,0.00796812749003984,0.9920318725099602,0.00398406374501992,0.00398406374501992
QR02338,2025-02-17,Line D,Device Delta,Evening,OP015,M-102,139,7,3,4,2.5,Process,2911.75,132,0.050359712230215826,0.9496402877697842,0.02877697841726619,0.02158273381294964
QR02339,2025-09-23,Line C,Device Delta,Morning,OP002,M-102,196,6,2,4,1.95,Electrical,3614.27,190,0.030612244897959183,0.9693877551020408,0.02040816326530612,0.01020408163265306
QR02340,2025-07-25,Line B,Device Beta,Evening,OP030,M-106,215,10,3,7,1.03,Process,4813.38,205,0.046511627906976744,0.9534883720930233,0.03255813953488372,0.013953488372093023
QR02341,2025-08-20,Line C,Device Delta,Morning,OP018,M-105,133,4,1,3,0.2,Calibration,2165.63,129,0.03007518796992481,0.9699248120300752,0.022556390977443608,0.007518796992481203
QR02342,2025-09-05,Line C,Device Alpha,Morning,OP023,M-105,188,8,2,6,2.23,Calibration,4470.83,180,0.0425531914893617,0.9574468085106383,0.031914893617021274,0.010638297872340425
QR02343,2025-06-09,Line C,Device Alpha,Evening,OP008,M-105,203,5,1,4,0.6,Assembly,2287.46,198,0.024630541871921183,0.9753694581280788,0.019704433497536946,0.0049261083743842365
QR02344,2025-11-30,Line A,Device Alpha,Evening,OP002,M-101,254,5,2,3,2.87,Material,2490.06,249,0.01968503937007874,0.9803149606299213,0.011811023622047244,0.007874015748031496
QR02345,2025-08-23,Line D,Device Delta,Morning,OP021,M-104,99,5,1,4,1.63,Electrical,3491.49,94,0.050505050505050504,0.9494949494949495,0.04040404040404041,0.010101010101010102
QR02346,2025-07-01,Line B,Device Alpha,Evening,OP001,M-103,164,4,1,3,3.15,Assembly,1710.7,160,0.024390243902439025,0.975609756097561,0.018292682926829267,0.006097560975609756
QR02347,2025-05-31,Line D,Device Beta,Morning,OP018,M-102,98,5,1,4,1.69,Material,3196.68,93,0.05102040816326531,0.9489795918367347,0.04081632653061224,0.01020408163265306
QR02348,2025-03-12,Line B,Device Beta,Morning,OP017,M-104,243,12,3,9,0.81,Material,7397.98,231,0.04938271604938271,0.9506172839506173,0.037037037037037035,0.012345679012345678
QR02349,2025-05-15,Line B,Device Alpha,Evening,OP027,M-101,119,5,1,4,1.16,Material,3199.29,114,0.04201680672268908,0.957983193277311,0.03361344537815126,0.008403361344537815
QR02350,2025-03-12,Line A,Device Delta,Evening,OP022,M-105,262,10,3,7,2.2,Calibration,5031.77,252,0.03816793893129771,0.9618320610687023,0.026717557251908396,0.011450381679389313
QR02351,2025-01-03,Line B,Device Alpha,Evening,OP001,M-102,123,5,2,3,0.4,Assembly,1902.11,118,0.04065040650406504,0.959349593495935,0.024390243902439025,0.016260162601626018
QR02352,2025-12-02,Line B,Device Beta,Night,OP014,M-106,265,10,3,7,1.34,Calibration,5386.58,255,0.03773584905660377,0.9622641509433962,0.026415094339622643,0.011320754716981131
QR02353,2025-07-07,Line D,Device Alpha,Evening,OP007,M-101,253,12,2,10,2.64,Electrical,8710.4,241,0.04743083003952569,0.9525691699604744,0.039525691699604744,0.007905138339920948
QR02354,2025-03-27,Line D,Device Beta,Night,OP001,M-104,203,12,4,8,0.87,Material,6713.79,191,0.059113300492610835,0.9408866995073891,0.03940886699507389,0.019704433497536946
QR02355,2025-09-17,Line B,Device Delta,Evening,OP016,M-102,111,5,1,4,0.36,Packaging,1268.36,106,0.04504504504504504,0.954954954954955,0.036036036036036036,0.009009009009009009
QR02356,2025-12-26,Line C,Device Alpha,Morning,OP028,M-105,235,4,2,2,0.48,Electrical,2141.22,231,0.01702127659574468,0.9829787234042553,0.00851063829787234,0.00851063829787234
QR02357,2025-05-05,Line A,Device Delta,Morning,OP014,M-103,263,10,3,7,0.79,Assembly,4130.83,253,0.03802281368821293,0.9619771863117871,0.026615969581749048,0.011406844106463879
QR02358,2025-04-20,Line B,Device Beta,Morning,OP021,M-102,199,9,4,5,4.45,Material,4602.43,190,0.04522613065326633,0.9547738693467337,0.02512562814070352,0.020100502512562814
QR02359,2025-03-28,Line D,Device Gamma,Morning,OP003,M-101,170,8,2,6,0.25,Calibration,4290.71,162,0.047058823529411764,0.9529411764705882,0.03529411764705882,0.011764705882352941
QR02360,2025-02-27,Line D,Device Alpha,Morning,OP024,M-101,259,11,3,8,5.55,Assembly,4463.77,248,0.04247104247104247,0.9575289575289575,0.03088803088803089,0.011583011583011582
QR02361,2025-02-03,Line B,Device Delta,Morning,OP017,M-104,165,9,3,6,0.69,Material,4837.06,156,0.05454545454545454,0.9454545454545454,0.03636363636363636,0.01818181818181818
QR02362,2025-07-12,Line C,Device Gamma,Morning,OP004,M-105,186,3,0,3,1.52,Assembly,1560.0,183,0.016129032258064516,0.9838709677419355,0.016129032258064516,0.0
QR02363,2025-08-26,Line B,Device Gamma,Morning,OP017,M-102,204,5,2,3,2.86,Assembly,1927.9,199,0.024509803921568627,0.9754901960784313,0.014705882352941176,0.00980392156862745
QR02364,2025-11-23,Line B,Device Alpha,Morning,OP008,M-101,238,6,3,3,3.29,Assembly,1923.08,232,0.025210084033613446,0.9747899159663865,0.012605042016806723,0.012605042016806723
QR02365,2025-01-12,Line D,Device Delta,Morning,OP026,M-106,172,9,3,6,1.24,Process,4038.93,163,0.05232558139534884,0.9476744186046512,0.03488372093023256,0.01744186046511628
QR02366,2025-07-13,Line A,Device Gamma,Night,OP021,M-104,152,3,1,2,1.87,Assembly,1134.18,149,0.019736842105263157,0.9802631578947368,0.013157894736842105,0.006578947368421052
QR02367,2025-07-29,Line B,Device Alpha,Evening,OP018,M-101,144,7,1,6,0.96,Electrical,5242.17,137,0.04861111111111111,0.9513888888888888,0.041666666666666664,0.006944444444444444
QR02368,2025-08-06,Line C,Device Alpha,Night,OP002,M-101,229,4,2,2,1.44,Packaging,804.08,225,0.017467248908296942,0.982532751091703,0.008733624454148471,0.008733624454148471
QR02369,2025-12-18,Line D,Device Beta,Morning,OP006,M-105,196,12,2,10,0.48,Electrical,8856.78,184,0.061224489795918366,0.9387755102040817,0.05102040816326531,0.01020408163265306
QR02370,2025-04-09,Line C,Device Beta,Evening,OP015,M-104,120,3,0,3,0.77,Electrical,2520.0,117,0.025,0.975,0.025,0.0
QR02371,2025-06-17,Line B,Device Alpha,Night,OP027,M-106,195,7,3,4,1.59,Assembly,2780.19,188,0.035897435897435895,0.9641025641025641,0.020512820512820513,0.015384615384615385
QR02372,2025-12-18,Line D,Device Delta,Night,OP020,M-106,211,13,2,11,0.77,Material,8714.64,198,0.061611374407582936,0.9383886255924171,0.052132701421800945,0.009478672985781991
QR02373,2025-08-23,Line D,Device Beta,Night,OP025,M-101,229,12,5,7,2.72,Process,4697.74,217,0.05240174672489083,0.9475982532751092,0.03056768558951965,0.021834061135371178
QR02374,2025-07-19,Line A,Device Delta,Morning,OP023,M-105,96,2,0,2,2.69,Electrical,1680.0,94,0.020833333333333332,0.9791666666666666,0.020833333333333332,0.0
QR02375,2025-10-08,Line A,Device Delta,Evening,OP016,M-103,219,8,1,7,4.09,Material,5538.64,211,0.0365296803652968,0.9634703196347032,0.0319634703196347,0.0045662100456621
QR02376,2025-04-08,Line A,Device Alpha,Night,OP028,M-102,221,2,1,1,0.54,Process,785.07,219,0.00904977375565611,0.9909502262443439,0.004524886877828055,0.004524886877828055
QR02377,2025-07-28,Line D,Device Delta,Morning,OP015,M-103,214,12,2,10,0.93,Calibration,7010.39,202,0.056074766355140186,0.9439252336448598,0.04672897196261682,0.009345794392523364
QR02378,2025-06-12,Line B,Device Delta,Evening,OP019,M-105,218,9,1,8,0.38,Assembly,4300.39,209,0.04128440366972477,0.9587155963302753,0.03669724770642202,0.0045871559633027525
QR02379,2025-01-02,Line B,Device Gamma,Morning,OP002,M-106,149,7,2,5,0.8,Calibration,3795.46,142,0.04697986577181208,0.9530201342281879,0.03355704697986577,0.013422818791946308
QR02380,2025-12-26,Line D,Device Delta,Morning,OP001,M-101,211,13,6,7,2.74,Process,5073.41,198,0.061611374407582936,0.9383886255924171,0.03317535545023697,0.02843601895734597
QR02381,2025-02-17,Line C,Device Gamma,Evening,OP022,M-104,215,2,1,1,2.19,Assembly,703.66,213,0.009302325581395349,0.9906976744186047,0.004651162790697674,0.004651162790697674
QR02382,2025-11-15,Line B,Device Alpha,Evening,OP020,M-103,196,8,2,6,2.0,Material,4782.49,188,0.04081632653061224,0.9591836734693877,0.030612244897959183,0.01020408163265306
QR02383,2025-09-04,Line C,Device Delta,Morning,OP006,M-103,226,5,2,3,3.2,Packaging,1140.43,221,0.022123893805309734,0.9778761061946902,0.01327433628318584,0.008849557522123894
QR02384,2025-01-05,Line A,Device Beta,Evening,OP022,M-105,251,9,3,6,2.67,Process,4217.86,242,0.035856573705179286,0.9641434262948207,0.02390438247011952,0.01195219123505976
QR02385,2025-06-10,Line A,Device Alpha,Night,OP010,M-105,107,2,1,1,0.29,Electrical,969.63,105,0.018691588785046728,0.9813084112149533,0.009345794392523364,0.009345794392523364
QR02386,2025-11-29,Line C,Device Alpha,Night,OP029,M-104,256,6,1,5,4.98,Process,3093.21,250,0.0234375,0.9765625,0.01953125,0.00390625
QR02387,2025-03-01,Line B,Device Gamma,Morning,OP024,M-103,95,3,1,2,0.27,Calibration,1522.41,92,0.031578947368421054,0.968421052631579,0.021052631578947368,0.010526315789473684
QR02388,2025-03-05,Line B,Device Beta,Morning,OP021,M-102,92,5,2,3,1.8,Electrical,2740.18,87,0.05434782608695652,0.9456521739130435,0.03260869565217391,0.021739130434782608
QR02389,2025-10-09,Line A,Device Alpha,Morning,OP011,M-101,244,5,1,4,0.63,Assembly,2256.97,239,0.020491803278688523,0.9795081967213115,0.01639344262295082,0.004098360655737705
QR02390,2025-12-05,Line C,Device Delta,Evening,OP010,M-103,251,8,3,5,0.75,Assembly,2925.55,243,0.03187250996015936,0.9681274900398407,0.0199203187250996,0.01195219123505976
QR02391,2025-07-27,Line A,Device Gamma,Morning,OP001,M-105,224,4,1,3,1.29,Material,2518.5,220,0.017857142857142856,0.9821428571428571,0.013392857142857142,0.004464285714285714
QR02392,2025-10-24,Line B,Device Alpha,Evening,OP005,M-102,131,6,1,5,2.85,Process,3110.07,125,0.04580152671755725,0.9541984732824428,0.03816793893129771,0.007633587786259542
QR02393,2025-12-03,Line D,Device Beta,Morning,OP019,M-105,267,16,7,9,1.33,Electrical,8454.39,251,0.0599250936329588,0.9400749063670412,0.033707865168539325,0.026217228464419477
QR02394,2025-04-29,Line C,Device Gamma,Night,OP004,M-104,260,6,1,5,5.29,Assembly,2813.03,254,0.023076923076923078,0.9769230769230769,0.019230769230769232,0.0038461538461538464
QR02395,2025-06-20,Line C,Device Alpha,Morning,OP026,M-104,92,2,0,2,1.8,Material,1520.0,90,0.021739130434782608,0.9782608695652174,0.021739130434782608,0.0
QR02396,2025-03-08,Line A,Device Beta,Evening,OP028,M-103,179,8,3,5,0.67,Electrical,4687.02,171,0.0446927374301676,0.9553072625698324,0.027932960893854747,0.01675977653631285
QR02397,2025-06-02,Line A,Device Delta,Morning,OP020,M-104,107,4,1,3,1.08,Calibration,2212.2,103,0.037383177570093455,0.9626168224299065,0.028037383177570093,0.009345794392523364
QR02398,2025-02-05,Line C,Device Gamma,Morning,OP016,M-101,106,1,0,1,0.47,Material,760.0,105,0.009433962264150943,0.9905660377358491,0.009433962264150943,0.0
QR02399,2025-02-20,Line B,Device Beta,Night,OP011,M-104,176,10,2,8,1.9,Electrical,7004.12,166,0.056818181818181816,0.9431818181818182,0.045454545454545456,0.011363636363636364
QR02400,2025-04-05,Line C,Device Beta,Night,OP009,M-105,235,7,1,6,3.0,Assembly,3216.13,228,0.029787234042553193,0.9702127659574468,0.02553191489361702,0.00425531914893617
QR02401,2025-02-15,Line D,Device Alpha,Morning,OP020,M-104,135,5,1,4,1.87,Calibration,2933.11,130,0.037037037037037035,0.9629629629629629,0.02962962962962963,0.007407407407407408
QR02402,2025-08-16,Line A,Device Gamma,Morning,OP021,M-102,209,4,1,3,0.1,Electrical,2624.37,205,0.019138755980861243,0.9808612440191388,0.014354066985645933,0.004784688995215311
QR02403,2025-06-02,Line D,Device Beta,Morning,OP015,M-106,121,5,1,4,2.84,Material,3130.69,116,0.04132231404958678,0.9586776859504132,0.03305785123966942,0.008264462809917356
QR02404,2025-04-07,Line C,Device Alpha,Morning,OP009,M-102,153,1,0,1,4.08,Calibration,680.0,152,0.006535947712418301,0.9934640522875817,0.006535947712418301,0.0
QR02405,2025-04-12,Line C,Device Gamma,Evening,OP001,M-101,91,2,0,2,2.11,Packaging,520.0,89,0.02197802197802198,0.978021978021978,0.02197802197802198,0.0
QR02406,2025-05-24,Line D,Device Alpha,Morning,OP025,M-103,251,8,3,5,0.42,Material,4072.32,243,0.03187250996015936,0.9681274900398407,0.0199203187250996,0.01195219123505976
QR02407,2025-01-05,Line C,Device Gamma,Evening,OP009,M-105,202,2,1,1,1.06,Calibration,876.45,200,0.009900990099009901,0.9900990099009901,0.0049504950495049506,0.0049504950495049506
QR02408,2025-07-22,Line A,Device Beta,Evening,OP010,M-106,206,10,2,8,1.36,Process,5145.6,196,0.04854368932038835,0.9514563106796117,0.038834951456310676,0.009708737864077669
QR02409,2025-05-12,Line A,Device Gamma,Morning,OP020,M-106,240,5,1,4,1.42,Process,2497.86,235,0.020833333333333332,0.9791666666666666,0.016666666666666666,0.004166666666666667
QR02410,2025-02-15,Line B,Device Beta,Night,OP008,M-102,270,10,3,7,3.47,Assembly,4244.63,260,0.037037037037037035,0.9629629629629629,0.025925925925925925,0.011111111111111112
QR02411,2025-11-14,Line B,Device Gamma,Night,OP012,M-106,202,8,3,5,1.26,Assembly,3208.35,194,0.039603960396039604,0.9603960396039604,0.024752475247524754,0.01485148514851485
QR02412,2025-04-01,Line B,Device Alpha,Morning,OP005,M-101,192,5,2,3,3.47,Packaging,1083.93,187,0.026041666666666668,0.9739583333333334,0.015625,0.010416666666666666
QR02413,2025-11-18,Line B,Device Alpha,Morning,OP023,M-102,134,5,2,3,0.66,Assembly,1872.65,129,0.03731343283582089,0.9626865671641791,0.022388059701492536,0.014925373134328358
QR02414,2025-11-02,Line B,Device Alpha,Night,OP004,M-101,90,3,1,2,1.99,Material,1715.13,87,0.03333333333333333,0.9666666666666667,0.022222222222222223,0.011111111111111112
QR02415,2025-08-14,Line B,Device Beta,Evening,OP008,M-101,231,10,3,7,2.84,Electrical,6529.08,221,0.04329004329004329,0.9567099567099567,0.030303030303030304,0.012987012987012988
QR02416,2025-11-19,Line B,Device Alpha,Morning,OP018,M-105,114,4,1,3,7.01,Material,2519.56,110,0.03508771929824561,0.9649122807017544,0.02631578947368421,0.008771929824561403
QR02417,2025-10-11,Line B,Device Alpha,Morning,OP014,M-106,108,4,1,3,0.46,Packaging,969.47,104,0.037037037037037035,0.9629629629629629,0.027777777777777776,0.009259259259259259
QR02418,2025-08-27,Line C,Device Alpha,Evening,OP030,M-103,96,2,0,2,1.76,Process,1180.0,94,0.020833333333333332,0.9791666666666666,0.020833333333333332,0.0
QR02419,2025-10-16,Line C,Device Beta,Morning,OP025,M-102,99,2,0,2,1.14,Packaging,520.0,97,0.020202020202020204,0.9797979797979798,0.020202020202020204,0.0
QR02420,2025-01-21,Line B,Device Beta,Evening,OP006,M-106,132,5,1,4,1.73,Electrical,3476.3,127,0.03787878787878788,0.9621212121212122,0.030303030303030304,0.007575757575757576
QR02421,2025-06-04,Line D,Device Beta,Evening,OP014,M-104,189,11,1,10,1.1,Electrical,8624.2,178,0.0582010582010582,0.9417989417989417,0.05291005291005291,0.005291005291005291
QR02422,2025-12-21,Line A,Device Gamma,Evening,OP018,M-101,116,2,1,1,1.22,Assembly,729.92,114,0.017241379310344827,0.9827586206896551,0.008620689655172414,0.008620689655172414
QR02423,2025-05-13,Line B,Device Alpha,Morning,OP030,M-103,170,6,1,5,1.12,Electrical,4318.19,164,0.03529411764705882,0.9647058823529412,0.029411764705882353,0.0058823529411764705
QR02424,2025-08-02,Line A,Device Gamma,Morning,OP017,M-106,201,3,1,2,0.59,Process,1275.5,198,0.014925373134328358,0.9850746268656716,0.009950248756218905,0.004975124378109453
QR02425,2025-01-21,Line C,Device Beta,Evening,OP026,M-104,133,4,2,2,2.58,Assembly,1519.71,129,0.03007518796992481,0.9699248120300752,0.015037593984962405,0.015037593984962405
QR02426,2025-08-14,Line A,Device Alpha,Evening,OP022,M-106,207,6,1,5,3.25,Assembly,2727.42,201,0.028985507246376812,0.9710144927536232,0.024154589371980676,0.004830917874396135
QR02427,2025-06-21,Line A,Device Gamma,Evening,OP023,M-102,146,4,2,2,1.15,Material,1999.12,142,0.0273972602739726,0.9726027397260274,0.0136986301369863,0.0136986301369863
QR02428,2025-03-13,Line B,Device Gamma,Evening,OP009,M-105,262,7,2,5,4.61,Material,4184.94,255,0.026717557251908396,0.9732824427480916,0.019083969465648856,0.007633587786259542
QR02429,2025-08-17,Line B,Device Gamma,Morning,OP020,M-103,99,4,1,3,2.75,Process,1873.47,95,0.04040404040404041,0.9595959595959596,0.030303030303030304,0.010101010101010102
QR02430,2025-04-22,Line B,Device Delta,Morning,OP012,M-102,110,4,1,3,1.94,Assembly,1681.23,106,0.03636363636363636,0.9636363636363636,0.02727272727272727,0.00909090909090909
QR02431,2025-07-06,Line B,Device Gamma,Evening,OP022,M-104,140,4,1,3,2.37,Electrical,2680.26,136,0.02857142857142857,0.9714285714285714,0.02142857142857143,0.007142857142857143
QR02432,2025-09-08,Line A,Device Delta,Evening,OP016,M-106,201,8,1,7,0.74,Packaging,1917.67,193,0.03980099502487562,0.9601990049751243,0.03482587064676617,0.004975124378109453
QR02433,2025-03-27,Line C,Device Gamma,Evening,OP002,M-105,137,3,0,3,1.35,Process,1770.0,134,0.021897810218978103,0.9781021897810219,0.021897810218978103,0.0
QR02434,2025-12-04,Line B,Device Gamma,Night,OP012,M-101,158,6,1,5,6.22,Material,4024.08,152,0.0379746835443038,0.9620253164556962,0.03164556962025317,0.006329113924050633
QR02435,2025-06-03,Line D,Device Beta,Morning,OP011,M-104,215,13,3,10,2.57,Assembly,5663.43,202,0.06046511627906977,0.9395348837209302,0.046511627906976744,0.013953488372093023
QR02436,2025-04-30,Line A,Device Delta,Morning,OP021,M-102,143,5,2,3,2.83,Process,2238.35,138,0.03496503496503497,0.965034965034965,0.02097902097902098,0.013986013986013986
QR02437,2025-01-25,Line B,Device Gamma,Evening,OP009,M-103,221,9,2,7,2.62,Electrical,6355.17,212,0.04072398190045249,0.9592760180995475,0.03167420814479638,0.00904977375565611
QR02438,2025-01-23,Line C,Device Alpha,Evening,OP022,M-105,237,2,1,1,0.71,Material,932.54,235,0.008438818565400843,0.9915611814345991,0.004219409282700422,0.004219409282700422
QR02439,2025-04-09,Line A,Device Alpha,Night,OP014,M-102,197,8,3,5,2.41,Process,3471.6,189,0.04060913705583756,0.9593908629441624,0.025380710659898477,0.015228426395939087
QR02440,2025-09-11,Line D,Device Alpha,Morning,OP025,M-102,212,13,4,9,0.31,Material,7482.09,199,0.06132075471698113,0.9386792452830188,0.04245283018867924,0.018867924528301886
QR02441,2025-10-26,Line D,Device Beta,Evening,OP004,M-103,115,5,1,4,1.26,Assembly,2308.59,110,0.043478260869565216,0.9565217391304348,0.034782608695652174,0.008695652173913044
QR02442,2025-06-08,Line A,Device Beta,Morning,OP016,M-102,98,3,0,3,1.15,Material,2280.0,95,0.030612244897959183,0.9693877551020408,0.030612244897959183,0.0
QR02443,2025-07-04,Line A,Device Delta,Evening,OP029,M-102,200,6,3,3,0.25,Material,2948.16,194,0.03,0.97,0.015,0.015
QR02444,2025-12-16,Line C,Device Alpha,Evening,OP022,M-103,255,6,2,4,1.0,Calibration,3085.97,249,0.023529411764705882,0.9764705882352941,0.01568627450980392,0.00784313725490196
QR02445,2025-01-07,Line A,Device Alpha,Evening,OP013,M-103,105,4,1,3,1.62,Electrical,2616.28,101,0.0380952380952381,0.9619047619047619,0.02857142857142857,0.009523809523809525
QR02446,2025-09-04,Line B,Device Alpha,Morning,OP026,M-101,127,4,1,3,2.61,Calibration,2264.37,123,0.031496062992125984,0.968503937007874,0.023622047244094488,0.007874015748031496
QR02447,2025-05-30,Line B,Device Gamma,Night,OP019,M-104,99,3,1,2,1.28,Process,1419.55,96,0.030303030303030304,0.9696969696969697,0.020202020202020204,0.010101010101010102
QR02448,2025-10-10,Line C,Device Beta,Evening,OP025,M-105,158,6,1,5,1.71,Calibration,3610.64,152,0.0379746835443038,0.9620253164556962,0.03164556962025317,0.006329113924050633
QR02449,2025-12-19,Line C,Device Alpha,Morning,OP002,M-106,115,2,0,2,0.89,Process,1180.0,113,0.017391304347826087,0.9826086956521739,0.017391304347826087,0.0
QR02450,2025-11-14,Line C,Device Alpha,Evening,OP009,M-105,128,3,1,2,4.31,Material,1725.78,125,0.0234375,0.9765625,0.015625,0.0078125
QR02451,2025-07-29,Line D,Device Delta,Morning,OP012,M-102,233,15,4,11,4.0,Packaging,3347.08,218,0.06437768240343347,0.9356223175965666,0.04721030042918455,0.017167381974248927
QR02452,2025-02-12,Line C,Device Delta,Night,OP030,M-105,253,9,2,7,0.79,Packaging,2052.71,244,0.03557312252964427,0.9644268774703557,0.02766798418972332,0.007905138339920948
QR02453,2025-05-15,Line A,Device Beta,Night,OP011,M-103,240,7,1,6,5.06,Packaging,1745.54,233,0.029166666666666667,0.9708333333333333,0.025,0.004166666666666667
QR02454,2025-10-17,Line A,Device Delta,Evening,OP003,M-104,155,4,1,3,2.57,Calibration,2275.73,151,0.025806451612903226,0.9741935483870968,0.01935483870967742,0.0064516129032258064
QR02455,2025-04-20,Line A,Device Gamma,Evening,OP022,M-101,116,1,0,1,1.2,Electrical,840.0,115,0.008620689655172414,0.9913793103448276,0.008620689655172414,0.0
QR02456,2025-11-12,Line D,Device Alpha,Morning,OP023,M-102,259,12,5,7,0.86,Assembly,4430.06,247,0.04633204633204633,0.9536679536679536,0.02702702702702703,0.019305019305019305
QR02457,2025-03-09,Line A,Device Beta,Morning,OP022,M-103,261,8,3,5,3.08,Assembly,3010.53,253,0.03065134099616858,0.9693486590038314,0.019157088122605363,0.011494252873563218
QR02458,2025-09-28,Line B,Device Beta,Night,OP012,M-104,141,7,2,5,1.72,Electrical,4434.77,134,0.04964539007092199,0.950354609929078,0.03546099290780142,0.014184397163120567
QR02459,2025-12-03,Line A,Device Alpha,Morning,OP019,M-103,149,3,1,2,0.74,Assembly,1130.57,146,0.020134228187919462,0.9798657718120806,0.013422818791946308,0.006711409395973154
QR02460,2025-06-15,Line B,Device Delta,Evening,OP017,M-106,274,11,3,8,3.39,Electrical,7357.72,263,0.040145985401459854,0.9598540145985401,0.029197080291970802,0.010948905109489052
QR02461,2025-04-18,Line A,Device Beta,Morning,OP011,M-102,136,4,1,3,0.94,Material,2372.7,132,0.029411764705882353,0.9705882352941176,0.022058823529411766,0.007352941176470588
QR02462,2025-02-09,Line D,Device Alpha,Evening,OP015,M-104,98,4,1,3,2.54,Electrical,2739.72,94,0.04081632653061224,0.9591836734693877,0.030612244897959183,0.01020408163265306
QR02463,2025-06-09,Line A,Device Beta,Evening,OP006,M-102,138,3,1,2,3.41,Material,1721.74,135,0.021739130434782608,0.9782608695652174,0.014492753623188406,0.007246376811594203
QR02464,2025-05-16,Line C,Device Beta,Night,OP023,M-102,125,4,1,3,0.87,Material,2411.12,121,0.032,0.968,0.024,0.008
QR02465,2025-07-28,Line D,Device Gamma,Morning,OP004,M-105,132,6,2,4,1.8,Material,3403.73,126,0.045454545454545456,0.9545454545454546,0.030303030303030304,0.015151515151515152
QR02466,2025-11-01,Line B,Device Delta,Morning,OP027,M-105,268,12,2,10,2.05,Assembly,5415.44,256,0.04477611940298507,0.9552238805970149,0.03731343283582089,0.007462686567164179
QR02467,2025-10-19,Line C,Device Alpha,Morning,OP026,M-106,119,1,0,1,0.4,Material,760.0,118,0.008403361344537815,0.9915966386554622,0.008403361344537815,0.0
QR02468,2025-10-31,Line A,Device Delta,Evening,OP020,M-105,135,4,2,2,1.93,Material,1882.11,131,0.02962962962962963,0.9703703703703703,0.014814814814814815,0.014814814814814815
QR02469,2025-12-30,Line D,Device Beta,Morning,OP028,M-106,276,18,5,13,0.17,Material,10623.79,258,0.06521739130434782,0.9347826086956522,0.04710144927536232,0.018115942028985508
QR02470,2025-01-13,Line B,Device Delta,Evening,OP028,M-101,103,4,1,3,3.08,Packaging,892.63,99,0.038834951456310676,0.9611650485436893,0.02912621359223301,0.009708737864077669
QR02471,2025-03-20,Line D,Device Gamma,Evening,OP027,M-103,119,7,1,6,1.63,Material,4719.08,112,0.058823529411764705,0.9411764705882353,0.05042016806722689,0.008403361344537815
QR02472,2025-02-10,Line A,Device Delta,Evening,OP002,M-101,250,7,1,6,3.12,Material,4705.59,243,0.028,0.972,0.024,0.004
QR02473,2025-12-12,Line A,Device Beta,Evening,OP022,M-104,171,5,2,3,1.2,Material,2578.03,166,0.029239766081871343,0.9707602339181286,0.017543859649122806,0.011695906432748537
QR02474,2025-01-04,Line A,Device Gamma,Morning,OP019,M-104,264,3,1,2,2.95,Electrical,1793.44,261,0.011363636363636364,0.9886363636363636,0.007575757575757576,0.003787878787878788
QR02475,2025-08-12,Line B,Device Gamma,Evening,OP015,M-103,254,11,2,9,0.61,Calibration,6495.82,243,0.04330708661417323,0.9566929133858267,0.03543307086614173,0.007874015748031496
QR02476,2025-07-30,Line C,Device Gamma,Morning,OP016,M-103,94,2,1,1,1.66,Packaging,373.96,92,0.02127659574468085,0.9787234042553191,0.010638297872340425,0.010638297872340425
QR02477,2025-03-25,Line B,Device Delta,Evening,OP028,M-105,200,11,1,10,0.49,Packaging,2825.73,189,0.055,0.945,0.05,0.005
QR02478,2025-02-04,Line A,Device Beta,Morning,OP027,M-101,215,5,1,4,1.84,Material,3236.12,210,0.023255813953488372,0.9767441860465116,0.018604651162790697,0.004651162790697674
QR02479,2025-06-23,Line C,Device Alpha,Evening,OP010,M-102,230,5,2,3,3.0,Packaging,1189.08,225,0.021739130434782608,0.9782608695652174,0.013043478260869565,0.008695652173913044
QR02480,2025-02-03,Line A,Device Gamma,Morning,OP006,M-106,193,4,1,3,3.69,Material,2503.34,189,0.02072538860103627,0.9792746113989638,0.015544041450777202,0.0051813471502590676
QR02481,2025-09-26,Line C,Device Alpha,Morning,OP015,M-103,280,3,1,2,3.02,Calibration,1567.09,277,0.010714285714285714,0.9892857142857143,0.007142857142857143,0.0035714285714285713
QR02482,2025-11-03,Line D,Device Delta,Night,OP009,M-103,242,16,4,12,1.02,Assembly,7072.04,226,0.06611570247933884,0.9338842975206612,0.049586776859504134,0.01652892561983471
QR02483,2025-06-07,Line A,Device Alpha,Morning,OP010,M-101,169,5,1,4,0.94,Assembly,2231.94,164,0.029585798816568046,0.9704142011834319,0.023668639053254437,0.005917159763313609
QR02484,2025-11-30,Line A,Device Delta,Morning,OP018,M-105,126,7,1,6,0.84,Packaging,1687.41,119,0.05555555555555555,0.9444444444444444,0.047619047619047616,0.007936507936507936
QR02485,2025-12-18,Line A,Device Beta,Evening,OP022,M-106,238,8,3,5,1.04,Electrical,4809.71,230,0.03361344537815126,0.9663865546218487,0.02100840336134454,0.012605042016806723
QR02486,2025-01-14,Line C,Device Beta,Night,OP028,M-103,99,1,0,1,2.64,Assembly,520.0,98,0.010101010101010102,0.98989898989899,0.010101010101010102,0.0
QR02487,2025-10-29,Line B,Device Alpha,Morning,OP018,M-105,208,6,1,5,0.42,Process,3165.98,202,0.028846153846153848,0.9711538461538461,0.02403846153846154,0.004807692307692308
QR02488,2025-06-27,Line D,Device Gamma,Evening,OP007,M-106,191,7,2,5,3.12,Packaging,1733.46,184,0.03664921465968586,0.9633507853403142,0.02617801047120419,0.010471204188481676
QR02489,2025-03-11,Line C,Device Beta,Evening,OP004,M-106,256,7,2,5,3.14,Process,3266.04,249,0.02734375,0.97265625,0.01953125,0.0078125
QR02490,2025-03-09,Line B,Device Delta,Night,OP004,M-102,227,11,5,6,1.41,Packaging,2607.77,216,0.048458149779735685,0.9515418502202643,0.02643171806167401,0.022026431718061675
QR02491,2025-03-22,Line B,Device Gamma,Evening,OP030,M-102,263,10,3,7,3.06,Process,4441.1,253,0.03802281368821293,0.9619771863117871,0.026615969581749048,0.011406844106463879
QR02492,2025-04-29,Line C,Device Alpha,Night,OP027,M-103,275,5,2,3,1.42,Electrical,2799.21,270,0.01818181818181818,0.9818181818181818,0.01090909090909091,0.007272727272727273
QR02493,2025-04-26,Line C,Device Beta,Night,OP022,M-105,176,8,3,5,1.57,Electrical,4827.14,168,0.045454545454545456,0.9545454545454546,0.028409090909090908,0.017045454545454544
QR02494,2025-02-08,Line B,Device Delta,Evening,OP020,M-104,243,10,2,8,3.78,Calibration,5912.94,233,0.0411522633744856,0.9588477366255144,0.03292181069958848,0.00823045267489712
QR02495,2025-08-11,Line A,Device Beta,Evening,OP011,M-106,110,2,0,2,1.71,Process,1180.0,108,0.01818181818181818,0.9818181818181818,0.01818181818181818,0.0
QR02496,2025-07-12,Line B,Device Delta,Evening,OP004,M-103,175,8,1,7,0.66,Assembly,3835.93,167,0.045714285714285714,0.9542857142857143,0.04,0.005714285714285714
QR02497,2025-04-03,Line D,Device Beta,Morning,OP020,M-101,144,7,2,5,3.88,Material,4257.24,137,0.04861111111111111,0.9513888888888888,0.034722222222222224,0.013888888888888888
QR02498,2025-06-28,Line D,Device Alpha,Morning,OP013,M-102,93,5,1,4,1.21,Material,3240.58,88,0.053763440860215055,0.946236559139785,0.043010752688172046,0.010752688172043012
QR02499,2025-03-22,Line C,Device Gamma,Morning,OP021,M-105,121,0,0,0,2.06,Process,0.0,121,0.0,1.0,0.0,0.0
QR02500,2025-11-14,Line D,Device Alpha,Night,OP009,M-103,261,13,2,11,5.1,Material,8818.7,248,0.04980842911877394,0.9501915708812261,0.0421455938697318,0.007662835249042145
QR02501,2025-08-02,Line B,Device Beta,Evening,OP018,M-104,107,4,1,3,3.02,Material,2439.77,103,0.037383177570093455,0.9626168224299065,0.028037383177570093,0.009345794392523364
QR02502,2025-08-19,Line A,Device Beta,Evening,OP011,M-106,215,7,2,5,2.62,Packaging,1635.59,208,0.03255813953488372,0.9674418604651163,0.023255813953488372,0.009302325581395349
QR02503,2025-08-08,Line D,Device Gamma,Evening,OP026,M-102,184,9,1,8,3.75,Material,6207.11,175,0.04891304347826087,0.9510869565217391,0.043478260869565216,0.005434782608695652
QR02504,2025-06-10,Line C,Device Gamma,Night,OP004,M-106,167,2,0,2,2.49,Assembly,1040.0,165,0.011976047904191617,0.9880239520958084,0.011976047904191617,0.0
QR02505,2025-08-13,Line C,Device Delta,Evening,OP008,M-102,248,9,2,7,0.23,Packaging,2022.52,239,0.036290322580645164,0.9637096774193549,0.028225806451612902,0.008064516129032258
QR02506,2025-10-07,Line D,Device Delta,Morning,OP009,M-103,209,14,5,9,2.69,Process,6416.94,195,0.06698564593301436,0.9330143540669856,0.0430622009569378,0.023923444976076555
QR02507,2025-06-21,Line A,Device Delta,Morning,OP026,M-102,111,4,1,3,1.2,Electrical,2644.51,107,0.036036036036036036,0.963963963963964,0.02702702702702703,0.009009009009009009
QR02508,2025-05-27,Line C,Device Beta,Night,OP007,M-103,105,2,1,1,0.83,Assembly,649.25,103,0.01904761904761905,0.9809523809523809,0.009523809523809525,0.009523809523809525
QR02509,2025-12-18,Line B,Device Alpha,Evening,OP005,M-103,199,4,2,2,2.33,Calibration,1623.83,195,0.020100502512562814,0.9798994974874372,0.010050251256281407,0.010050251256281407
QR02510,2025-10-01,Line A,Device Delta,Evening,OP011,M-104,140,3,1,2,5.81,Electrical,1797.32,137,0.02142857142857143,0.9785714285714285,0.014285714285714285,0.007142857142857143
QR02511,2025-02-23,Line C,Device Alpha,Night,OP012,M-102,138,2,1,1,1.09,Material,990.98,136,0.014492753623188406,0.9855072463768116,0.007246376811594203,0.007246376811594203
QR02512,2025-03-28,Line C,Device Gamma,Evening,OP005,M-105,183,1,0,1,1.22,Material,760.0,182,0.00546448087431694,0.994535519125683,0.00546448087431694,0.0
QR02513,2025-10-30,Line D,Device Beta,Morning,OP008,M-106,239,12,2,10,7.23,Assembly,5647.92,227,0.0502092050209205,0.9497907949790795,0.04184100418410042,0.008368200836820083
QR02514,2025-01-09,Line D,Device Delta,Morning,OP002,M-102,244,14,3,11,1.61,Material,8632.7,230,0.05737704918032787,0.9426229508196722,0.045081967213114756,0.012295081967213115
QR02515,2025-07-25,Line D,Device Delta,Night,OP028,M-106,132,9,3,6,3.13,Electrical,5702.7,123,0.06818181818181818,0.9318181818181818,0.045454545454545456,0.022727272727272728
QR02516,2025-06-19,Line D,Device Delta,Evening,OP005,M-102,137,8,2,6,2.93,Process,4017.35,129,0.058394160583941604,0.9416058394160584,0.043795620437956206,0.014598540145985401
QR02517,2025-11-01,Line A,Device Delta,Night,OP003,M-105,225,9,2,7,0.67,Material,5564.51,216,0.04,0.96,0.03111111111111111,0.008888888888888889
QR02518,2025-12-03,Line D,Device Gamma,Evening,OP001,M-102,189,9,1,8,1.79,Calibration,5657.9,180,0.047619047619047616,0.9523809523809523,0.042328042328042326,0.005291005291005291
QR02519,2025-02-01,Line B,Device Alpha,Morning,OP030,M-103,220,8,2,6,1.44,Packaging,1785.37,212,0.03636363636363636,0.9636363636363636,0.02727272727272727,0.00909090909090909
QR02520,2025-01-03,Line D,Device Alpha,Morning,OP017,M-105,158,5,1,4,1.49,Process,2595.2,153,0.03164556962025317,0.9683544303797469,0.02531645569620253,0.006329113924050633
QR02521,2025-01-30,Line D,Device Alpha,Evening,OP021,M-106,139,10,3,7,5.34,Assembly,3977.49,129,0.07194244604316546,0.9280575539568345,0.050359712230215826,0.02158273381294964
QR02522,2025-07-10,Line C,Device Alpha,Morning,OP020,M-106,111,3,1,2,1.05,Material,1681.22,108,0.02702702702702703,0.972972972972973,0.018018018018018018,0.009009009009009009
QR02523,2025-08-05,Line A,Device Delta,Night,OP026,M-105,242,9,3,6,1.16,Electrical,5339.75,233,0.0371900826446281,0.9628099173553719,0.024793388429752067,0.012396694214876033
QR02524,2025-06-05,Line C,Device Beta,Evening,OP001,M-104,184,4,1,3,0.71,Packaging,978.53,180,0.021739130434782608,0.9782608695652174,0.016304347826086956,0.005434782608695652
QR02525,2025-09-03,Line C,Device Alpha,Evening,OP023,M-103,152,4,1,3,1.97,Electrical,2751.52,148,0.02631578947368421,0.9736842105263158,0.019736842105263157,0.006578947368421052
QR02526,2025-04-08,Line D,Device Gamma,Evening,OP008,M-102,182,6,2,4,2.28,Material,3410.84,176,0.03296703296703297,0.967032967032967,0.02197802197802198,0.01098901098901099
QR02527,2025-06-10,Line B,Device Gamma,Morning,OP019,M-106,108,3,1,2,2.51,Process,1294.99,105,0.027777777777777776,0.9722222222222222,0.018518518518518517,0.009259259259259259
QR02528,2025-08-13,Line B,Device Delta,Morning,OP003,M-106,246,12,4,8,1.4,Assembly,5030.52,234,0.04878048780487805,0.9512195121951219,0.032520325203252036,0.016260162601626018
QR02529,2025-03-10,Line C,Device Alpha,Morning,OP017,M-101,230,2,1,1,0.55,Calibration,861.53,228,0.008695652173913044,0.991304347826087,0.004347826086956522,0.004347826086956522
QR02530,2025-04-26,Line B,Device Gamma,Evening,OP024,M-103,224,7,2,5,1.73,Material,4149.14,217,0.03125,0.96875,0.022321428571428572,0.008928571428571428
QR02531,2025-09-27,Line D,Device Beta,Morning,OP003,M-104,141,8,2,6,0.33,Calibration,4307.57,133,0.05673758865248227,0.9432624113475178,0.0425531914893617,0.014184397163120567
QR02532,2025-04-08,Line D,Device Gamma,Night,OP026,M-105,224,10,3,7,6.42,Process,4714.1,214,0.044642857142857144,0.9553571428571429,0.03125,0.013392857142857142
QR02533,2025-04-05,Line C,Device Beta,Night,OP010,M-104,179,4,1,3,0.63,Material,2473.42,175,0.0223463687150838,0.9776536312849162,0.01675977653631285,0.00558659217877095
QR02534,2025-09-07,Line D,Device Beta,Night,OP022,M-106,175,12,4,8,1.59,Electrical,7120.17,163,0.06857142857142857,0.9314285714285714,0.045714285714285714,0.022857142857142857
QR02535,2025-06-30,Line C,Device Gamma,Evening,OP013,M-104,250,4,2,2,2.75,Assembly,1306.12,246,0.016,0.984,0.008,0.008
QR02536,2025-07-03,Line B,Device Alpha,Night,OP005,M-103,233,8,2,6,2.55,Material,4783.49,225,0.034334763948497854,0.9656652360515021,0.02575107296137339,0.008583690987124463
QR02537,2025-01-31,Line A,Device Beta,Evening,OP015,M-104,154,4,1,3,0.94,Process,1958.55,150,0.025974025974025976,0.974025974025974,0.01948051948051948,0.006493506493506494
QR02538,2025-02-06,Line B,Device Gamma,Evening,OP003,M-106,107,3,0,3,1.15,Electrical,2520.0,104,0.028037383177570093,0.9719626168224299,0.028037383177570093,0.0
QR02539,2025-03-04,Line A,Device Gamma,Morning,OP006,M-101,113,1,0,1,2.8,Packaging,260.0,112,0.008849557522123894,0.9911504424778761,0.008849557522123894,0.0
QR02540,2025-10-13,Line C,Device Alpha,Evening,OP010,M-104,261,5,2,3,3.93,Material,2743.11,256,0.019157088122605363,0.9808429118773946,0.011494252873563218,0.007662835249042145
QR02541,2025-06-24,Line C,Device Delta,Morning,OP027,M-102,162,5,2,3,1.23,Assembly,1749.22,157,0.030864197530864196,0.9691358024691358,0.018518518518518517,0.012345679012345678
QR02542,2025-06-11,Line B,Device Delta,Morning,OP019,M-103,120,5,1,4,2.68,Process,2516.58,115,0.041666666666666664,0.9583333333333334,0.03333333333333333,0.008333333333333333
QR02543,2025-12-26,Line B,Device Gamma,Morning,OP028,M-106,209,7,2,5,1.02,Calibration,3642.55,202,0.03349282296650718,0.9665071770334929,0.023923444976076555,0.009569377990430622
QR02544,2025-01-28,Line D,Device Alpha,Night,OP016,M-106,147,5,1,4,0.56,Calibration,2861.48,142,0.034013605442176874,0.9659863945578231,0.027210884353741496,0.006802721088435374
QR02545,2025-08-09,Line D,Device Beta,Evening,OP028,M-101,133,6,1,5,0.62,Process,3135.26,127,0.045112781954887216,0.9548872180451128,0.03759398496240601,0.007518796992481203
QR02546,2025-04-07,Line A,Device Beta,Morning,OP006,M-102,183,3,1,2,1.04,Calibration,1566.42,180,0.01639344262295082,0.9836065573770492,0.01092896174863388,0.00546448087431694
QR02547,2025-02-22,Line A,Device Beta,Morning,OP013,M-104,133,5,1,4,0.19,Process,2543.7,128,0.03759398496240601,0.9624060150375939,0.03007518796992481,0.007518796992481203
QR02548,2025-03-05,Line D,Device Gamma,Morning,OP008,M-102,91,3,1,2,4.36,Calibration,1560.37,88,0.03296703296703297,0.967032967032967,0.02197802197802198,0.01098901098901099
QR02549,2025-07-29,Line A,Device Beta,Morning,OP024,M-102,228,7,3,4,1.25,Material,3417.01,221,0.03070175438596491,0.9692982456140351,0.017543859649122806,0.013157894736842105
QR02550,2025-03-13,Line C,Device Gamma,Evening,OP013,M-102,267,5,1,4,2.02,Process,2492.2,262,0.018726591760299626,0.9812734082397003,0.0149812734082397,0.003745318352059925
QR02551,2025-01-26,Line D,Device Gamma,Night,OP017,M-101,125,6,2,4,2.56,Material,3255.08,119,0.048,0.952,0.032,0.016
QR02552,2025-10-11,Line D,Device Delta,Morning,OP007,M-101,196,12,5,7,2.19,Packaging,2450.79,184,0.061224489795918366,0.9387755102040817,0.03571428571428571,0.025510204081632654
QR02553,2025-04-30,Line A,Device Alpha,Morning,OP028,M-103,110,2,0,2,3.36,Packaging,520.0,108,0.01818181818181818,0.9818181818181818,0.01818181818181818,0.0
QR02554,2025-08-15,Line A,Device Beta,Evening,OP018,M-105,259,7,1,6,2.24,Process,3730.98,252,0.02702702702702703,0.972972972972973,0.023166023166023165,0.003861003861003861
QR02555,2025-06-28,Line C,Device Beta,Morning,OP017,M-106,220,6,2,4,2.06,Assembly,2516.82,214,0.02727272727272727,0.9727272727272728,0.01818181818181818,0.00909090909090909
QR02556,2025-01-27,Line D,Device Delta,Morning,OP016,M-104,276,19,8,11,0.58,Packaging,4769.23,257,0.06884057971014493,0.9311594202898551,0.03985507246376811,0.028985507246376812
QR02557,2025-05-24,Line C,Device Alpha,Night,OP018,M-105,96,3,0,3,0.64,Material,2280.0,93,0.03125,0.96875,0.03125,0.0
QR02558,2025-02-02,Line B,Device Beta,Night,OP009,M-102,90,3,1,2,3.61,Calibration,1452.75,87,0.03333333333333333,0.9666666666666667,0.022222222222222223,0.011111111111111112
QR02559,2025-01-24,Line A,Device Delta,Morning,OP024,M-101,260,10,4,6,1.73,Packaging,2407.48,250,0.038461538461538464,0.9615384615384616,0.023076923076923078,0.015384615384615385
QR02560,2025-05-20,Line D,Device Gamma,Evening,OP002,M-105,126,4,1,3,1.67,Packaging,1014.18,122,0.031746031746031744,0.9682539682539683,0.023809523809523808,0.007936507936507936
QR02561,2025-07-26,Line C,Device Delta,Morning,OP005,M-103,263,11,3,8,1.3,Electrical,7109.54,252,0.04182509505703422,0.9581749049429658,0.030418250950570342,0.011406844106463879
QR02562,2025-09-28,Line C,Device Delta,Morning,OP020,M-101,182,7,1,6,0.24,Assembly,3228.2,175,0.038461538461538464,0.9615384615384616,0.03296703296703297,0.005494505494505495
QR02563,2025-04-25,Line D,Device Alpha,Night,OP005,M-102,126,7,2,5,3.14,Process,3366.32,119,0.05555555555555555,0.9444444444444444,0.03968253968253968,0.015873015873015872
QR02564,2025-12-04,Line C,Device Gamma,Morning,OP014,M-104,139,1,0,1,3.6,Calibration,680.0,138,0.007194244604316547,0.9928057553956835,0.007194244604316547,0.0
QR02565,2025-02-04,Line C,Device Beta,Evening,OP020,M-104,111,3,1,2,0.32,Assembly,1134.88,108,0.02702702702702703,0.972972972972973,0.018018018018018018,0.009009009009009009
QR02566,2025-08-24,Line A,Device Alpha,Evening,OP016,M-103,146,5,2,3,6.07,Assembly,1855.78,141,0.03424657534246575,0.9657534246575342,0.02054794520547945,0.0136986301369863
QR02567,2025-12-11,Line A,Device Gamma,Evening,OP020,M-104,206,2,0,2,2.61,Electrical,1680.0,204,0.009708737864077669,0.9902912621359223,0.009708737864077669,0.0
QR02568,2025-04-18,Line C,Device Gamma,Morning,OP007,M-104,147,3,1,2,2.64,Packaging,672.26,144,0.02040816326530612,0.9795918367346939,0.013605442176870748,0.006802721088435374
QR02569,2025-05-13,Line A,Device Alpha,Morning,OP024,M-103,226,7,1,6,1.6,Assembly,3221.62,219,0.030973451327433628,0.9690265486725663,0.02654867256637168,0.004424778761061947
QR02570,2025-08-24,Line A,Device Delta,Evening,OP017,M-103,279,8,1,7,8.09,Calibration,4866.73,271,0.02867383512544803,0.9713261648745519,0.025089605734767026,0.0035842293906810036
QR02571,2025-01-12,Line C,Device Alpha,Morning,OP019,M-106,280,6,2,4,0.32,Packaging,1416.34,274,0.02142857142857143,0.9785714285714285,0.014285714285714285,0.007142857142857143
QR02572,2025-03-14,Line D,Device Delta,Night,OP030,M-103,126,7,1,6,0.29,Electrical,5220.95,119,0.05555555555555555,0.9444444444444444,0.047619047619047616,0.007936507936507936
QR02573,2025-09-18,Line B,Device Delta,Evening,OP025,M-105,157,12,3,9,3.27,Packaging,2890.47,145,0.07643312101910828,0.9235668789808917,0.05732484076433121,0.01910828025477707
QR02574,2025-12-23,Line C,Device Gamma,Evening,OP012,M-104,237,6,1,5,0.37,Material,3964.5,231,0.02531645569620253,0.9746835443037974,0.02109704641350211,0.004219409282700422
QR02575,2025-05-02,Line B,Device Gamma,Evening,OP020,M-106,215,6,1,5,0.47,Process,3182.76,209,0.027906976744186046,0.9720930232558139,0.023255813953488372,0.004651162790697674
QR02576,2025-04-21,Line B,Device Delta,Morning,OP009,M-106,150,3,0,3,1.7,Electrical,2520.0,147,0.02,0.98,0.02,0.0
QR02577,2025-11-02,Line A,Device Alpha,Night,OP004,M-106,260,7,1,6,5.58,Assembly,3315.31,253,0.026923076923076925,0.9730769230769231,0.023076923076923078,0.0038461538461538464
QR02578,2025-03-21,Line D,Device Alpha,Evening,OP001,M-103,220,8,2,6,3.72,Calibration,4410.7,212,0.03636363636363636,0.9636363636363636,0.02727272727272727,0.00909090909090909
QR02579,2025-06-11,Line C,Device Beta,Morning,OP007,M-104,153,6,2,4,4.74,Assembly,2344.85,147,0.0392156862745098,0.9607843137254902,0.026143790849673203,0.013071895424836602
QR02580,2025-12-12,Line C,Device Gamma,Evening,OP017,M-101,250,2,1,1,2.13,Process,756.37,248,0.008,0.992,0.004,0.004
QR02581,2025-06-05,Line A,Device Alpha,Morning,OP016,M-104,181,5,1,4,2.9,Electrical,3474.11,176,0.027624309392265192,0.9723756906077348,0.022099447513812154,0.0055248618784530384
QR02582,2025-11-10,Line B,Device Gamma,Evening,OP019,M-103,167,7,2,5,3.49,Material,4123.19,160,0.041916167664670656,0.9580838323353293,0.029940119760479042,0.011976047904191617
QR02583,2025-07-02,Line A,Device Beta,Evening,OP028,M-106,110,3,1,2,2.2,Assembly,1212.33,107,0.02727272727272727,0.9727272727272728,0.01818181818181818,0.00909090909090909
QR02584,2025-04-07,Line B,Device Alpha,Morning,OP022,M-106,210,5,1,4,2.74,Material,3219.0,205,0.023809523809523808,0.9761904761904762,0.01904761904761905,0.004761904761904762
QR02585,2025-07-24,Line C,Device Gamma,Evening,OP014,M-105,105,2,0,2,3.99,Electrical,1680.0,103,0.01904761904761905,0.9809523809523809,0.01904761904761905,0.0
QR02586,2025-12-05,Line D,Device Alpha,Night,OP009,M-103,259,14,3,11,1.96,Electrical,9638.18,245,0.05405405405405406,0.9459459459459459,0.04247104247104247,0.011583011583011582
QR02587,2025-02-27,Line A,Device Gamma,Evening,OP028,M-106,237,5,1,4,1.63,Calibration,2866.51,232,0.02109704641350211,0.9789029535864979,0.016877637130801686,0.004219409282700422
QR02588,2025-12-05,Line D,Device Delta,Evening,OP001,M-101,159,11,3,8,1.43,Electrical,7340.4,148,0.06918238993710692,0.9308176100628931,0.050314465408805034,0.018867924528301886
QR02589,2025-06-09,Line A,Device Beta,Evening,OP029,M-104,193,6,3,3,4.84,Material,2945.73,187,0.031088082901554404,0.9689119170984456,0.015544041450777202,0.015544041450777202
QR02590,2025-05-10,Line B,Device Delta,Evening,OP029,M-103,127,7,2,5,3.76,Assembly,2803.05,120,0.05511811023622047,0.9448818897637795,0.03937007874015748,0.015748031496062992
QR02591,2025-06-02,Line D,Device Beta,Morning,OP023,M-104,113,6,1,5,4.36,Packaging,1421.54,107,0.05309734513274336,0.9469026548672567,0.04424778761061947,0.008849557522123894
QR02592,2025-11-15,Line D,Device Beta,Evening,OP008,M-101,193,11,4,7,1.73,Material,5766.61,182,0.05699481865284974,0.9430051813471503,0.03626943005181347,0.02072538860103627
QR02593,2025-04-18,Line B,Device Alpha,Night,OP027,M-103,270,9,3,6,1.71,Material,5027.67,261,0.03333333333333333,0.9666666666666667,0.022222222222222223,0.011111111111111112
QR02594,2025-07-09,Line B,Device Delta,Evening,OP007,M-102,145,9,4,5,3.97,Assembly,3265.92,136,0.06206896551724138,0.9379310344827586,0.034482758620689655,0.027586206896551724
QR02595,2025-02-21,Line C,Device Delta,Night,OP015,M-105,231,6,1,5,5.01,Assembly,2783.63,225,0.025974025974025976,0.974025974025974,0.021645021645021644,0.004329004329004329
QR02596,2025-07-01,Line B,Device Alpha,Night,OP006,M-102,247,9,2,7,2.24,Process,4523.61,238,0.03643724696356275,0.9635627530364372,0.02834008097165992,0.008097165991902834
QR02597,2025-10-20,Line B,Device Alpha,Night,OP012,M-104,250,13,6,7,2.92,Material,6217.8,237,0.052,0.948,0.028,0.024
QR02598,2025-01-26,Line B,Device Beta,Night,OP028,M-105,162,7,3,4,1.4,Packaging,1379.16,155,0.043209876543209874,0.9567901234567902,0.024691358024691357,0.018518518518518517
QR02599,2025-10-29,Line B,Device Delta,Morning,OP019,M-103,99,3,0,3,1.99,Process,1770.0,96,0.030303030303030304,0.9696969696969697,0.030303030303030304,0.0
QR02600,2025-10-17,Line B,Device Beta,Night,OP029,M-101,230,10,1,9,0.28,Material,7008.32,220,0.043478260869565216,0.9565217391304348,0.0391304347826087,0.004347826086956522
QR02601,2025-03-19,Line C,Device Beta,Night,OP011,M-106,206,8,2,6,4.09,Material,4828.16,198,0.038834951456310676,0.9611650485436893,0.02912621359223301,0.009708737864077669
QR02602,2025-04-01,Line C,Device Beta,Evening,OP021,M-103,123,3,1,2,0.82,Material,1638.49,120,0.024390243902439025,0.975609756097561,0.016260162601626018,0.008130081300813009
QR02603,2025-03-03,Line C,Device Beta,Morning,OP008,M-101,214,5,1,4,1.89,Process,2537.2,209,0.02336448598130841,0.9766355140186916,0.018691588785046728,0.004672897196261682
QR02604,2025-01-19,Line C,Device Beta,Evening,OP001,M-105,119,2,1,1,1.34,Assembly,672.38,117,0.01680672268907563,0.9831932773109243,0.008403361344537815,0.008403361344537815
QR02605,2025-07-08,Line A,Device Alpha,Morning,OP025,M-104,280,5,1,4,2.76,Packaging,1155.78,275,0.017857142857142856,0.9821428571428571,0.014285714285714285,0.0035714285714285713
QR02606,2025-12-08,Line D,Device Beta,Night,OP028,M-104,213,14,2,12,1.39,Electrical,10283.57,199,0.06572769953051644,0.9342723004694836,0.056338028169014086,0.009389671361502348
QR02607,2025-09-07,Line D,Device Delta,Night,OP026,M-104,245,16,6,10,1.11,Calibration,7708.92,229,0.0653061224489796,0.9346938775510204,0.04081632653061224,0.024489795918367346
QR02608,2025-07-30,Line C,Device Alpha,Morning,OP004,M-102,112,1,0,1,5.09,Assembly,520.0,111,0.008928571428571428,0.9910714285714286,0.008928571428571428,0.0
QR02609,2025-01-22,Line D,Device Delta,Evening,OP018,M-104,205,12,5,7,6.51,Electrical,6850.55,193,0.05853658536585366,0.9414634146341463,0.03414634146341464,0.024390243902439025
QR02610,2025-01-08,Line B,Device Delta,Evening,OP007,M-105,95,4,2,2,2.06,Material,1830.74,91,0.042105263157894736,0.9578947368421052,0.021052631578947368,0.021052631578947368
QR02611,2025-07-28,Line C,Device Delta,Morning,OP027,M-106,131,3,1,2,0.81,Process,1398.27,128,0.022900763358778626,0.9770992366412213,0.015267175572519083,0.007633587786259542
QR02612,2025-04-13,Line C,Device Delta,Morning,OP014,M-102,100,2,1,1,0.31,Process,696.92,98,0.02,0.98,0.01,0.01
QR02613,2025-11-17,Line C,Device Delta,Morning,OP002,M-106,174,5,1,4,4.92,Material,3258.22,169,0.028735632183908046,0.9712643678160919,0.022988505747126436,0.005747126436781609
QR02614,2025-06-20,Line B,Device Gamma,Evening,OP024,M-103,100,4,2,2,0.64,Electrical,2122.69,96,0.04,0.96,0.02,0.02
QR02615,2025-01-04,Line A,Device Alpha,Evening,OP030,M-103,115,2,0,2,1.03,Process,1180.0,113,0.017391304347826087,0.9826086956521739,0.017391304347826087,0.0
QR02616,2025-11-20,Line B,Device Gamma,Evening,OP029,M-106,160,6,3,3,3.78,Packaging,1297.39,154,0.0375,0.9625,0.01875,0.01875
QR02617,2025-09-25,Line A,Device Delta,Morning,OP008,M-106,224,10,3,7,0.21,Assembly,4274.14,214,0.044642857142857144,0.9553571428571429,0.03125,0.013392857142857142
QR02618,2025-12-10,Line B,Device Gamma,Morning,OP018,M-104,161,5,1,4,1.6,Assembly,2314.71,156,0.031055900621118012,0.968944099378882,0.024844720496894408,0.006211180124223602
QR02619,2025-09-09,Line A,Device Alpha,Morning,OP024,M-105,255,5,1,4,2.49,Material,3167.03,250,0.0196078431372549,0.9803921568627451,0.01568627450980392,0.00392156862745098
QR02620,2025-08-01,Line D,Device Delta,Morning,OP006,M-105,240,14,4,10,5.21,Assembly,5850.58,226,0.058333333333333334,0.9416666666666667,0.041666666666666664,0.016666666666666666
QR02621,2025-06-19,Line A,Device Alpha,Evening,OP027,M-103,208,4,1,3,2.86,Process,1930.92,204,0.019230769230769232,0.9807692307692307,0.014423076923076924,0.004807692307692308
QR02622,2025-03-20,Line C,Device Gamma,Morning,OP025,M-102,134,1,0,1,0.52,Electrical,840.0,133,0.007462686567164179,0.9925373134328358,0.007462686567164179,0.0
QR02623,2025-03-24,Line A,Device Gamma,Morning,OP015,M-106,251,9,2,7,0.9,Electrical,6167.32,242,0.035856573705179286,0.9641434262948207,0.027888446215139442,0.00796812749003984
QR02624,2025-10-26,Line C,Device Alpha,Evening,OP005,M-101,214,3,1,2,1.29,Electrical,1865.72,211,0.014018691588785047,0.985981308411215,0.009345794392523364,0.004672897196261682
QR02625,2025-01-10,Line C,Device Gamma,Morning,OP021,M-106,101,2,0,2,1.85,Process,1180.0,99,0.019801980198019802,0.9801980198019802,0.019801980198019802,0.0
QR02626,2025-07-03,Line D,Device Alpha,Morning,OP027,M-104,207,10,4,6,0.37,Electrical,5658.1,197,0.04830917874396135,0.9516908212560387,0.028985507246376812,0.01932367149758454
QR02627,2025-03-08,Line A,Device Gamma,Evening,OP023,M-102,178,2,1,1,1.14,Assembly,726.8,176,0.011235955056179775,0.9887640449438202,0.0056179775280898875,0.0056179775280898875
QR02628,2025-03-11,Line D,Device Delta,Morning,OP028,M-102,144,9,4,5,1.79,Material,4427.44,135,0.0625,0.9375,0.034722222222222224,0.027777777777777776
QR02629,2025-02-06,Line D,Device Delta,Night,OP007,M-102,210,13,4,9,0.3,Packaging,2862.95,197,0.06190476190476191,0.9380952380952381,0.04285714285714286,0.01904761904761905
QR02630,2025-11-17,Line A,Device Beta,Evening,OP029,M-101,264,6,2,4,0.74,Material,3225.73,258,0.022727272727272728,0.9772727272727273,0.015151515151515152,0.007575757575757576
QR02631,2025-02-11,Line A,Device Gamma,Morning,OP016,M-104,203,4,1,3,1.58,Assembly,1703.24,199,0.019704433497536946,0.9802955665024631,0.014778325123152709,0.0049261083743842365
QR02632,2025-03-14,Line D,Device Beta,Evening,OP020,M-102,144,11,3,8,3.33,Electrical,7316.86,133,0.0763888888888889,0.9236111111111112,0.05555555555555555,0.020833333333333332
QR02633,2025-08-14,Line A,Device Gamma,Evening,OP001,M-101,161,6,3,3,0.82,Electrical,3167.46,155,0.037267080745341616,0.9627329192546584,0.018633540372670808,0.018633540372670808
QR02634,2025-04-06,Line C,Device Alpha,Morning,OP009,M-105,126,2,1,1,0.68,Packaging,461.86,124,0.015873015873015872,0.9841269841269841,0.007936507936507936,0.007936507936507936
QR02635,2025-06-07,Line D,Device Delta,Evening,OP016,M-104,187,8,2,6,0.46,Assembly,3317.45,179,0.0427807486631016,0.9572192513368984,0.03208556149732621,0.0106951871657754
QR02636,2025-08-05,Line B,Device Delta,Morning,OP003,M-102,258,14,5,9,0.59,Packaging,3418.79,244,0.05426356589147287,0.9457364341085271,0.03488372093023256,0.01937984496124031
QR02637,2025-04-29,Line A,Device Delta,Night,OP019,M-104,126,4,1,3,0.45,Packaging,870.15,122,0.031746031746031744,0.9682539682539683,0.023809523809523808,0.007936507936507936
QR02638,2025-03-04,Line D,Device Gamma,Morning,OP002,M-101,130,7,2,5,1.2,Process,3294.43,123,0.05384615384615385,0.9461538461538461,0.038461538461538464,0.015384615384615385
QR02639,2025-07-05,Line A,Device Delta,Evening,OP029,M-101,141,5,2,3,2.45,Electrical,2914.11,136,0.03546099290780142,0.9645390070921985,0.02127659574468085,0.014184397163120567
QR02640,2025-10-05,Line C,Device Gamma,Morning,OP012,M-104,144,1,0,1,1.95,Material,760.0,143,0.006944444444444444,0.9930555555555556,0.006944444444444444,0.0
QR02641,2025-12-06,Line B,Device Beta,Evening,OP026,M-106,229,10,2,8,0.89,Calibration,5818.22,219,0.043668122270742356,0.9563318777292577,0.034934497816593885,0.008733624454148471
QR02642,2025-10-02,Line B,Device Beta,Evening,OP005,M-104,172,8,2,6,3.29,Assembly,3364.85,164,0.046511627906976744,0.9534883720930233,0.03488372093023256,0.011627906976744186
QR02643,2025-06-30,Line B,Device Beta,Evening,OP016,M-105,187,8,3,5,2.42,Assembly,3045.52,179,0.0427807486631016,0.9572192513368984,0.026737967914438502,0.016042780748663103
QR02644,2025-07-09,Line D,Device Delta,Morning,OP024,M-105,162,11,3,8,2.63,Assembly,4497.68,151,0.06790123456790123,0.9320987654320988,0.04938271604938271,0.018518518518518517
QR02645,2025-07-13,Line B,Device Beta,Evening,OP030,M-105,100,4,1,3,1.53,Electrical,2660.51,96,0.04,0.96,0.03,0.01
QR02646,2025-12-04,Line A,Device Delta,Evening,OP027,M-102,93,3,0,3,1.23,Electrical,2520.0,90,0.03225806451612903,0.967741935483871,0.03225806451612903,0.0
QR02647,2025-07-07,Line D,Device Beta,Evening,OP015,M-103,172,9,3,6,1.57,Electrical,5741.7,163,0.05232558139534884,0.9476744186046512,0.03488372093023256,0.01744186046511628
QR02648,2025-10-23,Line A,Device Gamma,Evening,OP005,M-105,154,5,2,3,4.7,Process,2015.92,149,0.032467532467532464,0.9675324675324676,0.01948051948051948,0.012987012987012988
QR02649,2025-11-22,Line C,Device Gamma,Evening,OP015,M-105,263,3,1,2,1.29,Packaging,688.44,260,0.011406844106463879,0.9885931558935361,0.0076045627376425855,0.0038022813688212928
QR02650,2025-07-28,Line B,Device Alpha,Morning,OP020,M-101,103,4,1,3,1.42,Process,1871.2,99,0.038834951456310676,0.9611650485436893,0.02912621359223301,0.009708737864077669
QR02651,2025-05-24,Line A,Device Gamma,Morning,OP015,M-101,160,3,1,2,1.21,Assembly,1273.77,157,0.01875,0.98125,0.0125,0.00625
QR02652,2025-01-30,Line D,Device Gamma,Morning,OP003,M-101,214,13,2,11,2.1,Process,6747.24,201,0.06074766355140187,0.9392523364485982,0.0514018691588785,0.009345794392523364
QR02653,2025-04-02,Line C,Device Alpha,Morning,OP002,M-105,141,3,1,2,2.37,Electrical,1839.7,138,0.02127659574468085,0.9787234042553191,0.014184397163120567,0.0070921985815602835
QR02654,2025-04-10,Line A,Device Delta,Evening,OP022,M-102,184,7,2,5,2.63,Assembly,2870.32,177,0.03804347826086957,0.9619565217391305,0.02717391304347826,0.010869565217391304
QR02655,2025-06-19,Line C,Device Delta,Morning,OP030,M-104,115,3,1,2,1.79,Electrical,1897.72,112,0.02608695652173913,0.9739130434782609,0.017391304347826087,0.008695652173913044
QR02656,2025-04-19,Line A,Device Alpha,Evening,OP001,M-102,189,4,1,3,1.05,Material,2500.68,185,0.021164021164021163,0.9788359788359788,0.015873015873015872,0.005291005291005291
QR02657,2025-10-31,Line D,Device Gamma,Morning,OP030,M-101,257,14,3,11,1.61,Process,7074.28,243,0.054474708171206226,0.9455252918287937,0.042801556420233464,0.011673151750972763
QR02658,2025-02-26,Line A,Device Gamma,Night,OP002,M-105,123,1,0,1,0.64,Packaging,260.0,122,0.008130081300813009,0.991869918699187,0.008130081300813009,0.0
QR02659,2025-06-10,Line A,Device Gamma,Morning,OP017,M-101,194,3,1,2,0.69,Material,1721.85,191,0.015463917525773196,0.9845360824742269,0.010309278350515464,0.005154639175257732
QR02660,2025-10-30,Line C,Device Alpha,Morning,OP008,M-104,197,6,1,5,3.23,Material,3910.52,191,0.030456852791878174,0.9695431472081218,0.025380710659898477,0.005076142131979695
QR02661,2025-12-15,Line B,Device Beta,Night,OP022,M-105,123,4,2,2,4.81,Assembly,1351.49,119,0.032520325203252036,0.967479674796748,0.016260162601626018,0.016260162601626018
QR02662,2025-10-16,Line A,Device Alpha,Night,OP016,M-101,186,7,1,6,1.43,Electrical,5134.17,179,0.03763440860215054,0.9623655913978495,0.03225806451612903,0.005376344086021506
QR02663,2025-05-24,Line A,Device Beta,Evening,OP019,M-106,137,5,1,4,0.89,Material,3150.49,132,0.0364963503649635,0.9635036496350365,0.029197080291970802,0.0072992700729927005
QR02664,2025-03-20,Line D,Device Alpha,Night,OP011,M-105,256,10,4,6,1.78,Electrical,5620.76,246,0.0390625,0.9609375,0.0234375,0.015625
QR02665,2025-06-21,Line A,Device Beta,Evening,OP018,M-101,223,5,1,4,0.58,Process,2539.77,218,0.02242152466367713,0.9775784753363229,0.017937219730941704,0.004484304932735426
QR02666,2025-11-01,Line D,Device Alpha,Night,OP001,M-101,192,10,3,7,0.52,Packaging,2193.69,182,0.052083333333333336,0.9479166666666666,0.036458333333333336,0.015625
QR02667,2025-04-17,Line C,Device Gamma,Evening,OP023,M-103,175,2,0,2,3.08,Material,1520.0,173,0.011428571428571429,0.9885714285714285,0.011428571428571429,0.0
QR02668,2025-01-28,Line C,Device Alpha,Morning,OP026,M-104,160,4,1,3,1.01,Process,1971.11,156,0.025,0.975,0.01875,0.00625
QR02669,2025-08-11,Line B,Device Beta,Evening,OP021,M-101,239,9,3,6,0.59,Packaging,2186.53,230,0.03765690376569038,0.9623430962343096,0.02510460251046025,0.012552301255230125
QR02670,2025-04-24,Line C,Device Delta,Night,OP015,M-104,203,8,3,5,1.67,Electrical,4666.71,195,0.03940886699507389,0.9605911330049262,0.024630541871921183,0.014778325123152709
QR02671,2025-12-10,Line C,Device Beta,Morning,OP022,M-103,216,3,0,3,0.29,Electrical,2520.0,213,0.013888888888888888,0.9861111111111112,0.013888888888888888,0.0
QR02672,2025-02-04,Line B,Device Alpha,Night,OP005,M-102,216,7,1,6,0.93,Calibration,4214.83,209,0.032407407407407406,0.9675925925925926,0.027777777777777776,0.004629629629629629
QR02673,2025-11-23,Line A,Device Gamma,Morning,OP009,M-106,271,6,2,4,2.18,Material,3413.48,265,0.02214022140221402,0.977859778597786,0.014760147601476014,0.007380073800738007
QR02674,2025-10-27,Line B,Device Delta,Night,OP005,M-101,135,5,1,4,4.48,Calibration,2831.01,130,0.037037037037037035,0.9629629629629629,0.02962962962962963,0.007407407407407408
QR02675,2025-04-18,Line C,Device Gamma,Evening,OP011,M-103,98,1,0,1,2.06,Process,590.0,97,0.01020408163265306,0.9897959183673469,0.01020408163265306,0.0
QR02676,2025-05-01,Line D,Device Beta,Evening,OP019,M-101,160,8,3,5,1.18,Assembly,3315.94,152,0.05,0.95,0.03125,0.01875
QR02677,2025-09-14,Line D,Device Alpha,Evening,OP004,M-105,190,7,1,6,1.05,Assembly,3348.83,183,0.03684210526315789,0.9631578947368421,0.031578947368421054,0.005263157894736842
QR02678,2025-09-28,Line C,Device Delta,Morning,OP012,M-104,124,4,2,2,1.21,Electrical,1863.11,120,0.03225806451612903,0.967741935483871,0.016129032258064516,0.016129032258064516
QR02679,2025-09-15,Line D,Device Gamma,Evening,OP027,M-103,207,9,2,7,1.6,Packaging,2130.18,198,0.043478260869565216,0.9565217391304348,0.033816425120772944,0.00966183574879227
QR02680,2025-04-13,Line A,Device Beta,Evening,OP005,M-106,275,11,5,6,0.65,Process,4177.33,264,0.04,0.96,0.02181818181818182,0.01818181818181818
QR02681,2025-04-20,Line C,Device Gamma,Night,OP022,M-103,123,2,0,2,1.57,Assembly,1040.0,121,0.016260162601626018,0.983739837398374,0.016260162601626018,0.0
QR02682,2025-08-22,Line A,Device Alpha,Night,OP030,M-106,267,6,2,4,2.23,Calibration,3168.22,261,0.02247191011235955,0.9775280898876404,0.0149812734082397,0.00749063670411985
QR02683,2025-03-07,Line D,Device Delta,Evening,OP019,M-104,101,5,2,3,1.23,Calibration,2480.04,96,0.04950495049504951,0.9504950495049505,0.0297029702970297,0.019801980198019802
QR02684,2025-08-02,Line C,Device Beta,Morning,OP007,M-103,141,3,1,2,4.68,Assembly,1251.41,138,0.02127659574468085,0.9787234042553191,0.014184397163120567,0.0070921985815602835
QR02685,2025-04-30,Line C,Device Delta,Evening,OP022,M-104,150,6,2,4,0.63,Process,2624.68,144,0.04,0.96,0.02666666666666667,0.013333333333333334
QR02686,2025-06-21,Line D,Device Delta,Night,OP026,M-102,112,7,1,6,0.79,Assembly,3317.9,105,0.0625,0.9375,0.05357142857142857,0.008928571428571428
QR02687,2025-10-04,Line A,Device Alpha,Evening,OP008,M-102,173,2,0,2,1.13,Material,1520.0,171,0.011560693641618497,0.9884393063583815,0.011560693641618497,0.0
QR02688,2025-04-17,Line B,Device Beta,Morning,OP004,M-104,246,10,2,8,0.08,Assembly,4495.5,236,0.04065040650406504,0.959349593495935,0.032520325203252036,0.008130081300813009
QR02689,2025-03-18,Line C,Device Alpha,Morning,OP003,M-103,186,4,2,2,0.9,Electrical,2091.57,182,0.021505376344086023,0.978494623655914,0.010752688172043012,0.010752688172043012
QR02690,2025-05-24,Line D,Device Beta,Evening,OP008,M-106,91,5,1,4,0.3,Material,3241.76,86,0.054945054945054944,0.945054945054945,0.04395604395604396,0.01098901098901099
QR02691,2025-09-10,Line D,Device Gamma,Night,OP014,M-103,122,5,1,4,0.18,Process,2475.77,117,0.040983606557377046,0.9590163934426229,0.03278688524590164,0.00819672131147541
QR02692,2025-06-04,Line B,Device Delta,Night,OP006,M-101,129,5,2,3,1.47,Assembly,2003.83,124,0.03875968992248062,0.9612403100775194,0.023255813953488372,0.015503875968992248
QR02693,2025-06-12,Line B,Device Alpha,Morning,OP022,M-105,168,8,1,7,0.67,Process,4298.71,160,0.047619047619047616,0.9523809523809523,0.041666666666666664,0.005952380952380952
QR02694,2025-06-24,Line B,Device Alpha,Night,OP001,M-103,247,5,2,3,1.08,Material,2594.14,242,0.020242914979757085,0.979757085020243,0.012145748987854251,0.008097165991902834
QR02695,2025-10-23,Line D,Device Delta,Morning,OP012,M-105,202,16,5,11,0.77,Assembly,6817.34,186,0.07920792079207921,0.9207920792079208,0.054455445544554455,0.024752475247524754
QR02696,2025-05-31,Line B,Device Beta,Evening,OP022,M-104,119,6,2,4,0.86,Assembly,2385.88,113,0.05042016806722689,0.9495798319327731,0.03361344537815126,0.01680672268907563
QR02697,2025-08-28,Line A,Device Beta,Morning,OP024,M-102,202,6,1,5,1.78,Process,3108.96,196,0.0297029702970297,0.9702970297029703,0.024752475247524754,0.0049504950495049506
QR02698,2025-09-30,Line B,Device Delta,Evening,OP003,M-106,103,4,1,3,2.03,Assembly,1700.28,99,0.038834951456310676,0.9611650485436893,0.02912621359223301,0.009708737864077669
QR02699,2025-10-02,Line D,Device Beta,Night,OP002,M-102,221,14,3,11,4.05,Calibration,7805.18,207,0.06334841628959276,0.9366515837104072,0.049773755656108594,0.013574660633484163
QR02700,2025-10-07,Line A,Device Gamma,Evening,OP016,M-103,186,3,0,3,3.58,Assembly,1560.0,183,0.016129032258064516,0.9838709677419355,0.016129032258064516,0.0
QR02701,2025-04-04,Line D,Device Beta,Night,OP013,M-102,178,9,2,7,5.69,Electrical,6095.83,169,0.05056179775280899,0.949438202247191,0.03932584269662921,0.011235955056179775
QR02702,2025-10-15,Line A,Device Beta,Morning,OP016,M-102,217,6,2,4,0.51,Assembly,2298.3,211,0.027649769585253458,0.9723502304147466,0.018433179723502304,0.009216589861751152
QR02703,2025-04-06,Line C,Device Beta,Night,OP002,M-102,101,2,0,2,1.87,Assembly,1040.0,99,0.019801980198019802,0.9801980198019802,0.019801980198019802,0.0
QR02704,2025-10-30,Line C,Device Delta,Morning,OP028,M-103,103,3,1,2,0.59,Packaging,654.23,100,0.02912621359223301,0.970873786407767,0.019417475728155338,0.009708737864077669
QR02705,2025-02-28,Line D,Device Gamma,Morning,OP010,M-102,108,5,2,3,2.48,Electrical,2785.96,103,0.046296296296296294,0.9537037037037037,0.027777777777777776,0.018518518518518517
QR02706,2025-11-07,Line A,Device Beta,Morning,OP021,M-102,231,8,1,7,4.11,Assembly,3864.18,223,0.03463203463203463,0.9653679653679653,0.030303030303030304,0.004329004329004329
QR02707,2025-04-25,Line C,Device Beta,Morning,OP018,M-106,261,5,1,4,1.87,Assembly,2249.77,256,0.019157088122605363,0.9808429118773946,0.01532567049808429,0.0038314176245210726
QR02708,2025-10-28,Line D,Device Delta,Night,OP023,M-104,249,17,7,10,2.98,Assembly,6408.55,232,0.06827309236947791,0.9317269076305221,0.040160642570281124,0.028112449799196786
QR02709,2025-05-28,Line B,Device Gamma,Morning,OP013,M-103,205,4,1,3,0.35,Packaging,903.44,201,0.01951219512195122,0.9804878048780488,0.014634146341463415,0.004878048780487805
QR02710,2025-12-07,Line C,Device Delta,Morning,OP001,M-105,271,6,2,4,3.25,Calibration,2964.0,265,0.02214022140221402,0.977859778597786,0.014760147601476014,0.007380073800738007
QR02711,2025-09-02,Line A,Device Beta,Evening,OP008,M-104,191,6,2,4,1.4,Material,3395.08,185,0.031413612565445025,0.9685863874345549,0.020942408376963352,0.010471204188481676
QR02712,2025-02-15,Line B,Device Alpha,Morning,OP030,M-103,228,8,3,5,2.22,Process,3363.36,220,0.03508771929824561,0.9649122807017544,0.021929824561403508,0.013157894736842105
QR02713,2025-03-23,Line D,Device Gamma,Morning,OP027,M-105,219,9,3,6,1.58,Assembly,3815.83,210,0.0410958904109589,0.958904109589041,0.0273972602739726,0.0136986301369863
QR02714,2025-05-28,Line D,Device Beta,Morning,OP019,M-101,245,16,7,9,2.22,Calibration,7182.87,229,0.0653061224489796,0.9346938775510204,0.036734693877551024,0.02857142857142857
QR02715,2025-05-23,Line A,Device Alpha,Evening,OP003,M-104,148,3,1,2,0.68,Calibration,1581.35,145,0.02027027027027027,0.9797297297297297,0.013513513513513514,0.006756756756756757
QR02716,2025-08-25,Line B,Device Beta,Morning,OP012,M-101,94,4,1,3,1.09,Process,1978.7,90,0.0425531914893617,0.9574468085106383,0.031914893617021274,0.010638297872340425
QR02717,2025-02-24,Line D,Device Beta,Morning,OP025,M-102,195,11,5,6,3.32,Process,4169.79,184,0.05641025641025641,0.9435897435897436,0.03076923076923077,0.02564102564102564
QR02718,2025-09-06,Line B,Device Alpha,Evening,OP004,M-104,232,6,2,4,1.29,Packaging,1413.76,226,0.02586206896551724,0.9741379310344828,0.017241379310344827,0.008620689655172414
QR02719,2025-01-13,Line C,Device Alpha,Morning,OP005,M-104,190,6,2,4,1.92,Process,2599.4,184,0.031578947368421054,0.968421052631579,0.021052631578947368,0.010526315789473684
QR02720,2025-04-03,Line C,Device Gamma,Evening,OP017,M-104,184,4,1,3,1.65,Process,1964.51,180,0.021739130434782608,0.9782608695652174,0.016304347826086956,0.005434782608695652
QR02721,2025-07-14,Line A,Device Alpha,Evening,OP010,M-102,92,1,0,1,3.04,Material,760.0,91,0.010869565217391304,0.9891304347826086,0.010869565217391304,0.0
QR02722,2025-03-19,Line B,Device Delta,Night,OP017,M-101,232,11,2,9,0.8,Process,5527.56,221,0.04741379310344827,0.9525862068965517,0.03879310344827586,0.008620689655172414
QR02723,2025-02-19,Line D,Device Delta,Evening,OP027,M-102,173,11,3,8,5.53,Assembly,4636.12,162,0.06358381502890173,0.9364161849710982,0.046242774566473986,0.017341040462427744
QR02724,2025-02-12,Line B,Device Delta,Night,OP016,M-101,173,9,2,7,1.62,Process,4596.6,164,0.05202312138728324,0.9479768786127167,0.04046242774566474,0.011560693641618497
QR02725,2025-05-11,Line A,Device Alpha,Evening,OP023,M-106,99,3,1,2,1.79,Assembly,1170.41,96,0.030303030303030304,0.9696969696969697,0.020202020202020204,0.010101010101010102
QR02726,2025-01-14,Line A,Device Gamma,Evening,OP003,M-102,194,4,2,2,3.06,Assembly,1510.29,190,0.020618556701030927,0.979381443298969,0.010309278350515464,0.010309278350515464
QR02727,2025-09-25,Line B,Device Delta,Morning,OP028,M-101,157,8,3,5,1.89,Material,4262.05,149,0.050955414012738856,0.9490445859872612,0.03184713375796178,0.01910828025477707
QR02728,2025-04-19,Line B,Device Gamma,Evening,OP005,M-106,240,8,3,5,3.27,Process,3347.92,232,0.03333333333333333,0.9666666666666667,0.020833333333333332,0.0125
QR02729,2025-08-08,Line B,Device Delta,Night,OP005,M-102,266,16,7,9,7.6,Assembly,5592.74,250,0.06015037593984962,0.9398496240601504,0.03383458646616541,0.02631578947368421
QR02730,2025-06-13,Line A,Device Delta,Morning,OP017,M-103,235,7,1,6,0.24,Packaging,1669.59,228,0.029787234042553193,0.9702127659574468,0.02553191489361702,0.00425531914893617
QR02731,2025-04-07,Line B,Device Alpha,Morning,OP022,M-102,152,8,3,5,0.61,Process,3330.4,144,0.05263157894736842,0.9473684210526315,0.03289473684210526,0.019736842105263157
QR02732,2025-10-10,Line A,Device Alpha,Evening,OP009,M-102,260,4,1,3,3.48,Material,2504.97,256,0.015384615384615385,0.9846153846153847,0.011538461538461539,0.0038461538461538464
QR02733,2025-05-10,Line D,Device Beta,Morning,OP010,M-105,162,9,3,6,2.23,Material,4880.61,153,0.05555555555555555,0.9444444444444444,0.037037037037037035,0.018518518518518517
QR02734,2025-06-14,Line A,Device Beta,Night,OP003,M-105,166,4,1,3,1.48,Calibration,2208.51,162,0.024096385542168676,0.9759036144578314,0.018072289156626505,0.006024096385542169
QR02735,2025-12-31,Line C,Device Alpha,Evening,OP030,M-104,195,3,1,2,0.71,Electrical,1777.04,192,0.015384615384615385,0.9846153846153847,0.010256410256410256,0.005128205128205128
QR02736,2025-05-23,Line B,Device Delta,Night,OP007,M-106,246,14,3,11,1.35,Process,7205.23,232,0.056910569105691054,0.943089430894309,0.044715447154471545,0.012195121951219513
QR02737,2025-03-14,Line C,Device Beta,Morning,OP017,M-106,149,2,1,1,2.47,Electrical,1010.29,147,0.013422818791946308,0.9865771812080537,0.006711409395973154,0.006711409395973154
QR02738,2025-09-21,Line C,Device Gamma,Morning,OP019,M-105,252,2,1,1,0.21,Assembly,742.72,250,0.007936507936507936,0.9920634920634921,0.003968253968253968,0.003968253968253968
QR02739,2025-02-23,Line B,Device Beta,Morning,OP011,M-104,259,14,6,8,2.78,Electrical,8064.33,245,0.05405405405405406,0.9459459459459459,0.03088803088803089,0.023166023166023165
QR02740,2025-01-13,Line D,Device Alpha,Morning,OP013,M-101,244,14,6,8,2.66,Packaging,2939.36,230,0.05737704918032787,0.9426229508196722,0.03278688524590164,0.02459016393442623
QR02741,2025-01-25,Line A,Device Alpha,Morning,OP018,M-106,280,8,3,5,2.57,Process,3529.32,272,0.02857142857142857,0.9714285714285714,0.017857142857142856,0.010714285714285714
QR02742,2025-09-22,Line B,Device Beta,Morning,OP012,M-102,128,4,1,3,1.24,Packaging,948.22,124,0.03125,0.96875,0.0234375,0.0078125
QR02743,2025-04-15,Line B,Device Delta,Night,OP001,M-105,248,11,4,7,0.98,Assembly,4528.89,237,0.04435483870967742,0.9556451612903226,0.028225806451612902,0.016129032258064516
QR02744,2025-11-09,Line D,Device Gamma,Morning,OP027,M-105,157,8,3,5,1.36,Process,3622.27,149,0.050955414012738856,0.9490445859872612,0.03184713375796178,0.01910828025477707
QR02745,2025-09-13,Line D,Device Alpha,Morning,OP021,M-104,209,11,4,7,3.87,Calibration,5454.7,198,0.05263157894736842,0.9473684210526315,0.03349282296650718,0.019138755980861243
QR02746,2025-08-06,Line D,Device Delta,Evening,OP025,M-104,211,13,4,9,4.65,Packaging,2770.97,198,0.061611374407582936,0.9383886255924171,0.04265402843601896,0.018957345971563982
QR02747,2025-01-24,Line D,Device Gamma,Evening,OP030,M-104,153,9,3,6,5.58,Calibration,4694.48,144,0.058823529411764705,0.9411764705882353,0.0392156862745098,0.0196078431372549
QR02748,2025-07-31,Line B,Device Delta,Morning,OP006,M-106,261,9,1,8,2.86,Material,6179.56,252,0.034482758620689655,0.9655172413793104,0.03065134099616858,0.0038314176245210726
QR02749,2025-08-05,Line B,Device Gamma,Evening,OP003,M-101,182,3,1,2,1.68,Calibration,1484.64,179,0.016483516483516484,0.9835164835164835,0.01098901098901099,0.005494505494505495
QR02750,2025-10-23,Line D,Device Beta,Evening,OP023,M-102,157,9,2,7,4.94,Process,4472.64,148,0.05732484076433121,0.9426751592356688,0.044585987261146494,0.012738853503184714
QR02751,2025-09-27,Line C,Device Delta,Night,OP010,M-102,147,3,1,2,1.98,Packaging,680.58,144,0.02040816326530612,0.9795918367346939,0.013605442176870748,0.006802721088435374
QR02752,2025-01-05,Line A,Device Beta,Night,OP001,M-104,229,7,3,4,0.4,Assembly,2612.42,222,0.03056768558951965,0.9694323144104804,0.017467248908296942,0.013100436681222707
QR02753,2025-08-05,Line D,Device Delta,Night,OP020,M-102,262,15,6,9,1.27,Calibration,7300.3,247,0.05725190839694656,0.9427480916030534,0.03435114503816794,0.022900763358778626
QR02754,2025-08-05,Line B,Device Beta,Morning,OP006,M-103,127,3,1,2,1.86,Process,1393.88,124,0.023622047244094488,0.9763779527559056,0.015748031496062992,0.007874015748031496
QR02755,2025-03-09,Line B,Device Delta,Evening,OP008,M-102,177,8,3,5,1.7,Assembly,3030.12,169,0.04519774011299435,0.9548022598870056,0.02824858757062147,0.01694915254237288
QR02756,2025-11-06,Line C,Device Alpha,Night,OP019,M-103,190,3,1,2,3.25,Calibration,1525.14,187,0.015789473684210527,0.9842105263157894,0.010526315789473684,0.005263157894736842
QR02757,2025-02-19,Line C,Device Gamma,Morning,OP018,M-106,253,4,1,3,0.68,Assembly,1772.13,249,0.015810276679841896,0.9841897233201581,0.011857707509881422,0.003952569169960474
QR02758,2025-02-15,Line B,Device Delta,Night,OP011,M-102,232,10,3,7,1.09,Process,4839.37,222,0.04310344827586207,0.9568965517241379,0.03017241379310345,0.01293103448275862
QR02759,2025-06-02,Line D,Device Alpha,Night,OP007,M-102,182,9,3,6,1.71,Packaging,2182.05,173,0.04945054945054945,0.9505494505494505,0.03296703296703297,0.016483516483516484
QR02760,2025-11-26,Line D,Device Gamma,Night,OP017,M-106,244,9,2,7,1.55,Packaging,2073.85,235,0.036885245901639344,0.9631147540983607,0.028688524590163935,0.00819672131147541
QR02761,2025-06-10,Line B,Device Gamma,Morning,OP025,M-103,201,8,3,5,1.62,Process,3517.14,193,0.03980099502487562,0.9601990049751243,0.024875621890547265,0.014925373134328358
QR02762,2025-08-17,Line B,Device Alpha,Night,OP025,M-102,245,7,2,5,0.91,Process,3235.98,238,0.02857142857142857,0.9714285714285714,0.02040816326530612,0.00816326530612245
QR02763,2025-02-19,Line B,Device Gamma,Morning,OP002,M-101,202,5,1,4,2.79,Electrical,3548.5,197,0.024752475247524754,0.9752475247524752,0.019801980198019802,0.0049504950495049506
QR02764,2025-10-29,Line C,Device Alpha,Morning,OP008,M-102,217,4,1,3,2.11,Process,1891.4,213,0.018433179723502304,0.9815668202764977,0.013824884792626729,0.004608294930875576
QR02765,2025-12-22,Line A,Device Alpha,Night,OP007,M-105,263,5,2,3,1.76,Electrical,2722.58,258,0.019011406844106463,0.9809885931558935,0.011406844106463879,0.0076045627376425855
QR02766,2025-05-21,Line C,Device Gamma,Evening,OP020,M-103,113,2,1,1,2.77,Process,718.01,111,0.017699115044247787,0.9823008849557522,0.008849557522123894,0.008849557522123894
QR02767,2025-12-10,Line B,Device Beta,Night,OP014,M-105,111,5,1,4,1.39,Assembly,2285.04,106,0.04504504504504504,0.954954954954955,0.036036036036036036,0.009009009009009009
QR02768,2025-02-08,Line C,Device Delta,Night,OP020,M-102,271,9,2,7,1.92,Assembly,3939.56,262,0.033210332103321034,0.966789667896679,0.025830258302583026,0.007380073800738007
QR02769,2025-01-22,Line A,Device Gamma,Evening,OP010,M-101,227,2,1,1,2.76,Assembly,691.74,225,0.00881057268722467,0.9911894273127754,0.004405286343612335,0.004405286343612335
QR02770,2025-11-17,Line D,Device Gamma,Evening,OP005,M-104,126,4,1,3,4.64,Calibration,2244.56,122,0.031746031746031744,0.9682539682539683,0.023809523809523808,0.007936507936507936
QR02771,2025-08-20,Line C,Device Alpha,Morning,OP004,M-102,157,4,1,3,3.31,Assembly,1798.01,153,0.025477707006369428,0.9745222929936306,0.01910828025477707,0.006369426751592357
QR02772,2025-03-08,Line C,Device Delta,Evening,OP024,M-104,280,9,4,5,0.56,Process,3837.38,271,0.03214285714285714,0.9678571428571429,0.017857142857142856,0.014285714285714285
QR02773,2025-04-20,Line C,Device Gamma,Night,OP020,M-102,180,3,1,2,0.12,Assembly,1241.35,177,0.016666666666666666,0.9833333333333333,0.011111111111111112,0.005555555555555556
QR02774,2025-10-01,Line B,Device Delta,Morning,OP016,M-103,129,7,1,6,1.44,Assembly,3359.73,122,0.05426356589147287,0.9457364341085271,0.046511627906976744,0.007751937984496124
QR02775,2025-08-19,Line C,Device Delta,Evening,OP030,M-105,269,7,3,4,3.54,Process,2976.8,262,0.026022304832713755,0.9739776951672863,0.01486988847583643,0.011152416356877323
QR02776,2025-12-30,Line D,Device Alpha,Evening,OP006,M-105,113,7,3,4,2.03,Material,3691.25,106,0.061946902654867256,0.9380530973451328,0.035398230088495575,0.02654867256637168
QR02777,2025-08-29,Line B,Device Beta,Morning,OP001,M-101,95,4,2,2,0.15,Assembly,1418.69,91,0.042105263157894736,0.9578947368421052,0.021052631578947368,0.021052631578947368
QR02778,2025-06-06,Line B,Device Alpha,Evening,OP005,M-102,133,4,1,3,2.09,Process,1942.16,129,0.03007518796992481,0.9699248120300752,0.022556390977443608,0.007518796992481203
QR02779,2025-04-27,Line A,Device Delta,Morning,OP029,M-104,119,3,1,2,1.12,Material,1758.35,116,0.025210084033613446,0.9747899159663865,0.01680672268907563,0.008403361344537815
QR02780,2025-12-20,Line A,Device Delta,Morning,OP016,M-106,242,9,2,7,2.5,Calibration,4985.11,233,0.0371900826446281,0.9628099173553719,0.028925619834710745,0.008264462809917356
QR02781,2025-02-04,Line A,Device Delta,Morning,OP027,M-104,178,8,3,5,6.6,Calibration,3933.96,170,0.0449438202247191,0.9550561797752809,0.028089887640449437,0.016853932584269662
QR02782,2025-08-02,Line D,Device Beta,Morning,OP015,M-104,222,13,2,11,3.91,Electrical,9683.86,209,0.05855855855855856,0.9414414414414415,0.04954954954954955,0.009009009009009009
QR02783,2025-11-02,Line D,Device Alpha,Night,OP003,M-103,248,14,3,11,0.56,Process,6907.75,234,0.056451612903225805,0.9435483870967742,0.04435483870967742,0.012096774193548387
QR02784,2025-02-01,Line B,Device Gamma,Morning,OP023,M-103,138,3,1,2,0.78,Material,1652.05,135,0.021739130434782608,0.9782608695652174,0.014492753623188406,0.007246376811594203
QR02785,2025-07-12,Line A,Device Delta,Night,OP003,M-102,156,3,1,2,2.36,Process,1347.57,153,0.019230769230769232,0.9807692307692307,0.01282051282051282,0.00641025641025641
QR02786,2025-05-12,Line B,Device Delta,Evening,OP029,M-104,111,6,2,4,0.97,Process,2798.79,105,0.05405405405405406,0.9459459459459459,0.036036036036036036,0.018018018018018018
QR02787,2025-06-14,Line B,Device Alpha,Night,OP023,M-103,106,5,1,4,3.53,Assembly,2193.34,101,0.04716981132075472,0.9528301886792453,0.03773584905660377,0.009433962264150943
QR02788,2025-03-24,Line D,Device Beta,Evening,OP022,M-104,165,10,4,6,0.71,Process,4393.31,155,0.06060606060606061,0.9393939393939394,0.03636363636363636,0.024242424242424242
QR02789,2025-08-05,Line A,Device Delta,Morning,OP010,M-106,115,3,1,2,1.67,Calibration,1527.01,112,0.02608695652173913,0.9739130434782609,0.017391304347826087,0.008695652173913044
QR02790,2025-08-10,Line C,Device Delta,Evening,OP003,M-102,254,5,1,4,1.0,Packaging,1192.5,249,0.01968503937007874,0.9803149606299213,0.015748031496062992,0.003937007874015748
QR02791,2025-03-22,Line A,Device Delta,Evening,OP017,M-103,125,3,1,2,1.38,Electrical,1815.81,122,0.024,0.976,0.016,0.008
QR02792,2025-01-19,Line D,Device Gamma,Night,OP015,M-106,215,9,1,8,1.0,Process,4878.48,206,0.04186046511627907,0.958139534883721,0.037209302325581395,0.004651162790697674
QR02793,2025-02-24,Line C,Device Delta,Evening,OP007,M-106,157,4,1,3,0.71,Assembly,1671.73,153,0.025477707006369428,0.9745222929936306,0.01910828025477707,0.006369426751592357
QR02794,2025-05-17,Line C,Device Gamma,Evening,OP029,M-102,91,2,1,1,0.67,Assembly,686.45,89,0.02197802197802198,0.978021978021978,0.01098901098901099,0.01098901098901099
QR02795,2025-09-23,Line B,Device Delta,Night,OP003,M-103,135,7,2,5,0.41,Calibration,3638.94,128,0.05185185185185185,0.9481481481481482,0.037037037037037035,0.014814814814814815
QR02796,2025-06-06,Line D,Device Delta,Evening,OP029,M-103,190,11,2,9,2.01,Process,5759.98,179,0.05789473684210526,0.9421052631578948,0.04736842105263158,0.010526315789473684
QR02797,2025-01-03,Line A,Device Delta,Morning,OP016,M-106,272,9,3,6,0.54,Electrical,5434.15,263,0.03308823529411765,0.9669117647058824,0.022058823529411766,0.011029411764705883
QR02798,2025-04-01,Line B,Device Gamma,Night,OP030,M-102,216,9,3,6,1.34,Process,4049.73,207,0.041666666666666664,0.9583333333333334,0.027777777777777776,0.013888888888888888
QR02799,2025-05-11,Line A,Device Gamma,Night,OP020,M-105,97,1,0,1,2.58,Packaging,260.0,96,0.010309278350515464,0.9896907216494846,0.010309278350515464,0.0
QR02800,2025-09-26,Line D,Device Delta,Night,OP009,M-101,142,10,3,7,0.81,Packaging,2364.08,132,0.07042253521126761,0.9295774647887324,0.04929577464788732,0.02112676056338028
QR02801,2025-04-29,Line C,Device Beta,Morning,OP010,M-102,210,6,2,4,2.63,Assembly,2289.32,204,0.02857142857142857,0.9714285714285714,0.01904761904761905,0.009523809523809525
QR02802,2025-10-02,Line D,Device Beta,Evening,OP012,M-101,216,11,2,9,3.91,Process,5498.65,205,0.05092592592592592,0.9490740740740741,0.041666666666666664,0.009259259259259259
QR02803,2025-10-18,Line D,Device Beta,Evening,OP015,M-103,195,10,2,8,1.22,Material,6367.12,185,0.05128205128205128,0.9487179487179487,0.041025641025641026,0.010256410256410256
QR02804,2025-10-26,Line B,Device Beta,Morning,OP014,M-102,226,9,3,6,2.84,Material,5122.44,217,0.03982300884955752,0.9601769911504425,0.02654867256637168,0.01327433628318584
QR02805,2025-06-02,Line A,Device Beta,Evening,OP019,M-102,225,6,1,5,3.29,Process,3048.27,219,0.02666666666666667,0.9733333333333334,0.022222222222222223,0.0044444444444444444
QR02806,2025-11-03,Line A,Device Delta,Morning,OP006,M-105,228,8,1,7,3.72,Packaging,1989.25,220,0.03508771929824561,0.9649122807017544,0.03070175438596491,0.0043859649122807015
QR02807,2025-03-22,Line B,Device Alpha,Evening,OP010,M-103,109,5,1,4,0.23,Assembly,2225.77,104,0.045871559633027525,0.9541284403669725,0.03669724770642202,0.009174311926605505
QR02808,2025-01-18,Line A,Device Alpha,Evening,OP029,M-101,246,6,1,5,3.41,Packaging,1395.33,240,0.024390243902439025,0.975609756097561,0.02032520325203252,0.0040650406504065045
QR02809,2025-05-15,Line D,Device Delta,Morning,OP016,M-105,180,11,2,9,2.25,Electrical,8033.45,169,0.06111111111111111,0.9388888888888889,0.05,0.011111111111111112
QR02810,2025-02-19,Line A,Device Alpha,Evening,OP015,M-103,162,3,1,2,0.52,Calibration,1504.65,159,0.018518518518518517,0.9814814814814815,0.012345679012345678,0.006172839506172839
QR02811,2025-03-16,Line B,Device Gamma,Morning,OP014,M-106,220,6,3,3,4.49,Calibration,2688.17,214,0.02727272727272727,0.9727272727272728,0.013636363636363636,0.013636363636363636
QR02812,2025-11-22,Line B,Device Alpha,Evening,OP006,M-102,215,10,2,8,3.54,Assembly,4634.68,205,0.046511627906976744,0.9534883720930233,0.037209302325581395,0.009302325581395349
QR02813,2025-01-21,Line C,Device Beta,Morning,OP028,M-101,226,9,2,7,1.13,Packaging,2145.11,217,0.03982300884955752,0.9601769911504425,0.030973451327433628,0.008849557522123894
QR02814,2025-06-30,Line B,Device Delta,Evening,OP001,M-101,98,4,1,3,0.54,Assembly,1707.21,94,0.04081632653061224,0.9591836734693877,0.030612244897959183,0.01020408163265306
QR02815,2025-03-30,Line A,Device Beta,Evening,OP019,M-106,135,5,1,4,1.97,Packaging,1246.24,130,0.037037037037037035,0.9629629629629629,0.02962962962962963,0.007407407407407408
QR02816,2025-09-08,Line C,Device Delta,Night,OP003,M-101,237,4,1,3,2.95,Calibration,2187.64,233,0.016877637130801686,0.9831223628691983,0.012658227848101266,0.004219409282700422
QR02817,2025-06-26,Line D,Device Beta,Morning,OP019,M-103,138,8,3,5,4.3,Assembly,3215.84,130,0.057971014492753624,0.9420289855072463,0.036231884057971016,0.021739130434782608
QR02818,2025-01-28,Line A,Device Delta,Evening,OP007,M-103,146,5,1,4,0.6,Process,2542.51,141,0.03424657534246575,0.9657534246575342,0.0273972602739726,0.00684931506849315
QR02819,2025-11-03,Line A,Device Gamma,Morning,OP022,M-103,166,1,0,1,2.63,Electrical,840.0,165,0.006024096385542169,0.9939759036144579,0.006024096385542169,0.0
QR02820,2025-04-09,Line A,Device Gamma,Night,OP010,M-106,209,1,0,1,2.34,Material,760.0,208,0.004784688995215311,0.9952153110047847,0.004784688995215311,0.0
QR02821,2025-12-29,Line B,Device Alpha,Evening,OP015,M-105,184,6,2,4,1.8,Assembly,2338.07,178,0.03260869565217391,0.967391304347826,0.021739130434782608,0.010869565217391304
QR02822,2025-01-01,Line D,Device Beta,Evening,OP017,M-106,231,10,4,6,5.19,Electrical,5650.87,221,0.04329004329004329,0.9567099567099567,0.025974025974025976,0.017316017316017316
QR02823,2025-03-31,Line B,Device Delta,Night,OP003,M-103,124,8,1,7,2.85,Packaging,2025.37,116,0.06451612903225806,0.9354838709677419,0.056451612903225805,0.008064516129032258
QR02824,2025-03-31,Line C,Device Beta,Evening,OP008,M-101,135,2,0,2,1.81,Process,1180.0,133,0.014814814814814815,0.9851851851851852,0.014814814814814815,0.0
QR02825,2025-04-20,Line A,Device Alpha,Night,OP010,M-103,266,4,1,3,0.54,Process,1905.3,262,0.015037593984962405,0.9849624060150376,0.011278195488721804,0.0037593984962406013
QR02826,2025-09-06,Line A,Device Beta,Night,OP016,M-101,150,3,1,2,0.8,Process,1397.34,147,0.02,0.98,0.013333333333333334,0.006666666666666667
QR02827,2025-10-10,Line D,Device Alpha,Morning,OP024,M-105,184,11,4,7,0.51,Assembly,4287.96,173,0.059782608695652176,0.9402173913043478,0.03804347826086957,0.021739130434782608
QR02828,2025-08-23,Line B,Device Gamma,Morning,OP018,M-103,242,8,2,6,0.15,Calibration,4320.92,234,0.03305785123966942,0.9669421487603306,0.024793388429752067,0.008264462809917356
QR02829,2025-12-27,Line B,Device Beta,Evening,OP005,M-104,228,13,4,9,0.38,Material,7418.31,215,0.05701754385964912,0.9429824561403509,0.039473684210526314,0.017543859649122806
QR02830,2025-08-09,Line B,Device Gamma,Morning,OP023,M-106,202,8,3,5,1.89,Electrical,4611.01,194,0.039603960396039604,0.9603960396039604,0.024752475247524754,0.01485148514851485
QR02831,2025-07-14,Line C,Device Alpha,Morning,OP009,M-105,103,1,0,1,4.08,Assembly,520.0,102,0.009708737864077669,0.9902912621359223,0.009708737864077669,0.0
QR02832,2025-05-05,Line D,Device Beta,Morning,OP006,M-104,228,12,4,8,2.3,Material,6578.29,216,0.05263157894736842,0.9473684210526315,0.03508771929824561,0.017543859649122806
QR02833,2025-06-17,Line B,Device Gamma,Morning,OP015,M-103,104,4,2,2,2.59,Calibration,1595.62,100,0.038461538461538464,0.9615384615384616,0.019230769230769232,0.019230769230769232
QR02834,2025-02-03,Line A,Device Alpha,Morning,OP012,M-103,186,5,2,3,4.55,Process,1997.66,181,0.026881720430107527,0.9731182795698925,0.016129032258064516,0.010752688172043012
QR02835,2025-05-19,Line A,Device Gamma,Morning,OP002,M-103,100,2,1,1,2.74,Calibration,881.18,98,0.02,0.98,0.01,0.01
QR02836,2025-03-30,Line A,Device Delta,Morning,OP022,M-104,206,6,1,5,2.92,Calibration,3638.77,200,0.02912621359223301,0.970873786407767,0.024271844660194174,0.0048543689320388345
QR02837,2025-05-21,Line D,Device Alpha,Night,OP010,M-106,200,11,2,9,1.56,Calibration,6529.12,189,0.055,0.945,0.045,0.01
QR02838,2025-07-06,Line C,Device Delta,Night,OP005,M-104,188,4,1,3,0.59,Packaging,965.64,184,0.02127659574468085,0.9787234042553191,0.015957446808510637,0.005319148936170213
QR02839,2025-04-29,Line D,Device Gamma,Night,OP010,M-105,170,9,3,6,0.83,Calibration,4534.53,161,0.052941176470588235,0.9470588235294117,0.03529411764705882,0.01764705882352941
QR02840,2025-05-19,Line D,Device Gamma,Morning,OP022,M-101,107,4,1,3,2.09,Assembly,1705.6,103,0.037383177570093455,0.9626168224299065,0.028037383177570093,0.009345794392523364
QR02841,2025-08-23,Line D,Device Delta,Morning,OP003,M-103,146,9,1,8,1.55,Assembly,4360.48,137,0.06164383561643835,0.9383561643835616,0.0547945205479452,0.00684931506849315
QR02842,2025-07-30,Line A,Device Delta,Night,OP030,M-103,186,7,2,5,2.68,Assembly,2832.01,179,0.03763440860215054,0.9623655913978495,0.026881720430107527,0.010752688172043012
QR02843,2025-01-21,Line D,Device Beta,Evening,OP008,M-101,98,5,2,3,0.33,Material,2747.23,93,0.05102040816326531,0.9489795918367347,0.030612244897959183,0.02040816326530612
QR02844,2025-05-30,Line D,Device Delta,Evening,OP027,M-104,248,12,4,8,0.26,Material,6760.07,236,0.04838709677419355,0.9516129032258065,0.03225806451612903,0.016129032258064516
QR02845,2025-03-23,Line C,Device Beta,Evening,OP027,M-106,193,4,1,3,1.52,Assembly,1655.26,189,0.02072538860103627,0.9792746113989638,0.015544041450777202,0.0051813471502590676
QR02846,2025-11-30,Line A,Device Alpha,Evening,OP026,M-103,172,2,1,1,0.1,Packaging,353.18,170,0.011627906976744186,0.9883720930232558,0.005813953488372093,0.005813953488372093
QR02847,2025-02-07,Line A,Device Delta,Evening,OP008,M-104,163,5,1,4,0.64,Electrical,3554.64,158,0.03067484662576687,0.9693251533742331,0.024539877300613498,0.006134969325153374
QR02848,2025-09-07,Line D,Device Beta,Morning,OP028,M-105,184,9,1,8,0.55,Assembly,4336.51,175,0.04891304347826087,0.9510869565217391,0.043478260869565216,0.005434782608695652
QR02849,2025-02-02,Line C,Device Gamma,Evening,OP026,M-105,218,3,1,2,1.82,Assembly,1133.37,215,0.013761467889908258,0.9862385321100917,0.009174311926605505,0.0045871559633027525
QR02850,2025-06-28,Line D,Device Alpha,Evening,OP004,M-104,174,10,3,7,0.92,Packaging,2446.79,164,0.05747126436781609,0.9425287356321839,0.040229885057471264,0.017241379310344827
QR02851,2025-06-20,Line D,Device Delta,Evening,OP010,M-106,266,14,3,11,2.33,Assembly,6371.48,252,0.05263157894736842,0.9473684210526315,0.041353383458646614,0.011278195488721804
QR02852,2025-06-29,Line D,Device Alpha,Night,OP005,M-106,136,6,2,4,2.33,Process,2582.11,130,0.04411764705882353,0.9558823529411765,0.029411764705882353,0.014705882352941176
QR02853,2025-05-29,Line B,Device Alpha,Evening,OP006,M-101,112,4,1,3,2.58,Electrical,2653.31,108,0.03571428571428571,0.9642857142857143,0.026785714285714284,0.008928571428571428
QR02854,2025-09-28,Line D,Device Delta,Night,OP022,M-103,215,14,2,12,8.36,Material,9375.6,201,0.06511627906976744,0.9348837209302325,0.05581395348837209,0.009302325581395349
QR02855,2025-04-10,Line C,Device Beta,Morning,OP017,M-101,273,7,2,5,3.16,Process,3219.14,266,0.02564102564102564,0.9743589743589743,0.018315018315018316,0.007326007326007326
QR02856,2025-03-29,Line C,Device Alpha,Morning,OP007,M-103,132,1,0,1,0.29,Process,590.0,131,0.007575757575757576,0.9924242424242424,0.007575757575757576,0.0
QR02857,2025-07-23,Line C,Device Alpha,Morning,OP018,M-106,156,3,1,2,4.75,Process,1410.27,153,0.019230769230769232,0.9807692307692307,0.01282051282051282,0.00641025641025641
QR02858,2025-11-30,Line C,Device Gamma,Evening,OP021,M-101,241,5,2,3,1.02,Packaging,1074.85,236,0.02074688796680498,0.979253112033195,0.012448132780082987,0.008298755186721992
QR02859,2025-07-16,Line A,Device Alpha,Evening,OP018,M-102,169,3,1,2,1.82,Material,1695.36,166,0.01775147928994083,0.9822485207100592,0.011834319526627219,0.005917159763313609
QR02860,2025-12-12,Line C,Device Delta,Morning,OP019,M-106,278,7,1,6,5.75,Material,4684.7,271,0.025179856115107913,0.9748201438848921,0.02158273381294964,0.0035971223021582736
QR02861,2025-01-11,Line C,Device Delta,Evening,OP018,M-101,225,7,1,6,3.35,Electrical,5209.12,218,0.03111111111111111,0.9688888888888889,0.02666666666666667,0.0044444444444444444
QR02862,2025-04-12,Line D,Device Gamma,Night,OP010,M-102,256,11,3,8,0.81,Process,5413.52,245,0.04296875,0.95703125,0.03125,0.01171875
QR02863,2025-12-22,Line C,Device Alpha,Night,OP019,M-103,268,8,3,5,1.0,Assembly,3152.88,260,0.029850746268656716,0.9701492537313433,0.018656716417910446,0.011194029850746268
QR02864,2025-03-08,Line B,Device Alpha,Evening,OP028,M-102,135,5,1,4,2.86,Assembly,2204.0,130,0.037037037037037035,0.9629629629629629,0.02962962962962963,0.007407407407407408
QR02865,2025-09-10,Line B,Device Gamma,Evening,OP014,M-105,219,6,2,4,1.24,Packaging,1448.01,213,0.0273972602739726,0.9726027397260274,0.0182648401826484,0.0091324200913242
QR02866,2025-06-08,Line C,Device Delta,Evening,OP023,M-101,150,2,0,2,1.37,Calibration,1360.0,148,0.013333333333333334,0.9866666666666667,0.013333333333333334,0.0
QR02867,2025-11-16,Line A,Device Beta,Morning,OP022,M-101,159,5,1,4,1.56,Material,3170.73,154,0.031446540880503145,0.9685534591194969,0.025157232704402517,0.006289308176100629
QR02868,2025-03-28,Line B,Device Alpha,Evening,OP016,M-105,205,6,2,4,2.41,Packaging,1286.83,199,0.02926829268292683,0.9707317073170731,0.01951219512195122,0.00975609756097561
QR02869,2025-10-24,Line C,Device Delta,Morning,OP009,M-102,175,4,1,3,1.53,Assembly,1724.55,171,0.022857142857142857,0.9771428571428571,0.017142857142857144,0.005714285714285714
QR02870,2025-06-08,Line D,Device Gamma,Morning,OP030,M-101,263,15,7,8,1.03,Process,6322.07,248,0.057034220532319393,0.9429657794676806,0.030418250950570342,0.026615969581749048
QR02871,2025-01-08,Line D,Device Alpha,Morning,OP006,M-102,268,13,5,8,0.38,Material,6970.45,255,0.048507462686567165,0.9514925373134329,0.029850746268656716,0.018656716417910446
QR02872,2025-09-07,Line A,Device Beta,Morning,OP002,M-102,106,3,1,2,0.58,Assembly,1168.38,103,0.02830188679245283,0.9716981132075472,0.018867924528301886,0.009433962264150943
QR02873,2025-06-24,Line A,Device Alpha,Morning,OP003,M-103,118,1,0,1,2.1,Electrical,840.0,117,0.00847457627118644,0.9915254237288136,0.00847457627118644,0.0
QR02874,2025-10-07,Line C,Device Delta,Evening,OP028,M-106,259,5,1,4,0.68,Calibration,2870.19,254,0.019305019305019305,0.9806949806949807,0.015444015444015444,0.003861003861003861
QR02875,2025-06-29,Line B,Device Delta,Evening,OP026,M-101,135,7,2,5,5.4,Material,4171.7,128,0.05185185185185185,0.9481481481481482,0.037037037037037035,0.014814814814814815
QR02876,2025-12-25,Line D,Device Gamma,Morning,OP028,M-101,152,6,2,4,3.17,Calibration,3114.86,146,0.039473684210526314,0.9605263157894737,0.02631578947368421,0.013157894736842105
QR02877,2025-02-09,Line C,Device Beta,Night,OP010,M-102,152,3,1,2,1.87,Assembly,1232.36,149,0.019736842105263157,0.9802631578947368,0.013157894736842105,0.006578947368421052
QR02878,2025-07-19,Line C,Device Delta,Morning,OP007,M-101,102,2,1,1,3.1,Assembly,730.89,100,0.0196078431372549,0.9803921568627451,0.00980392156862745,0.00980392156862745
QR02879,2025-11-30,Line C,Device Delta,Morning,OP020,M-101,100,4,1,3,7.27,Assembly,1691.78,96,0.04,0.96,0.03,0.01
QR02880,2025-07-25,Line A,Device Beta,Evening,OP008,M-101,229,5,1,4,2.21,Process,2506.6,224,0.021834061135371178,0.9781659388646288,0.017467248908296942,0.004366812227074236
QR02881,2025-05-02,Line D,Device Delta,Evening,OP001,M-104,124,8,1,7,0.2,Calibration,4856.86,116,0.06451612903225806,0.9354838709677419,0.056451612903225805,0.008064516129032258
QR02882,2025-03-24,Line C,Device Beta,Night,OP014,M-105,156,4,1,3,0.5,Process,1901.48,152,0.02564102564102564,0.9743589743589743,0.019230769230769232,0.00641025641025641
QR02883,2025-04-16,Line B,Device Gamma,Night,OP029,M-105,224,7,2,5,0.25,Process,3172.14,217,0.03125,0.96875,0.022321428571428572,0.008928571428571428
QR02884,2025-04-25,Line A,Device Alpha,Morning,OP020,M-101,114,2,0,2,2.69,Packaging,520.0,112,0.017543859649122806,0.9824561403508771,0.017543859649122806,0.0
QR02885,2025-05-20,Line D,Device Beta,Night,OP026,M-102,207,12,3,9,3.72,Process,5938.85,195,0.057971014492753624,0.9420289855072463,0.043478260869565216,0.014492753623188406
QR02886,2025-05-24,Line C,Device Delta,Evening,OP014,M-103,154,4,2,2,0.14,Packaging,808.21,150,0.025974025974025976,0.974025974025974,0.012987012987012988,0.012987012987012988
QR02887,2025-09-05,Line B,Device Beta,Evening,OP001,M-105,261,11,3,8,0.99,Material,6352.95,250,0.0421455938697318,0.9578544061302682,0.03065134099616858,0.011494252873563218
QR02888,2025-05-03,Line A,Device Beta,Morning,OP024,M-104,136,5,2,3,2.14,Electrical,2793.24,131,0.03676470588235294,0.9632352941176471,0.022058823529411766,0.014705882352941176
QR02889,2025-02-06,Line D,Device Gamma,Morning,OP014,M-101,279,8,2,6,0.96,Packaging,1951.02,271,0.02867383512544803,0.9713261648745519,0.021505376344086023,0.007168458781362007
QR02890,2025-02-06,Line B,Device Delta,Morning,OP030,M-102,106,5,1,4,0.07,Packaging,1177.9,101,0.04716981132075472,0.9528301886792453,0.03773584905660377,0.009433962264150943
QR02891,2025-07-15,Line D,Device Gamma,Morning,OP019,M-101,216,9,3,6,3.25,Calibration,4790.82,207,0.041666666666666664,0.9583333333333334,0.027777777777777776,0.013888888888888888
QR02892,2025-12-23,Line A,Device Gamma,Evening,OP002,M-101,113,3,1,2,0.29,Electrical,1799.32,110,0.02654867256637168,0.9734513274336283,0.017699115044247787,0.008849557522123894
QR02893,2025-01-21,Line A,Device Alpha,Evening,OP023,M-104,216,8,3,5,0.84,Material,4324.92,208,0.037037037037037035,0.9629629629629629,0.023148148148148147,0.013888888888888888
QR02894,2025-08-15,Line A,Device Beta,Evening,OP030,M-103,247,12,4,8,1.55,Electrical,7328.47,235,0.048582995951417005,0.951417004048583,0.032388663967611336,0.016194331983805668
QR02895,2025-10-28,Line B,Device Delta,Night,OP019,M-102,117,6,2,4,1.09,Assembly,2466.91,111,0.05128205128205128,0.9487179487179487,0.03418803418803419,0.017094017094017096
QR02896,2025-12-22,Line A,Device Gamma,Morning,OP030,M-106,243,6,1,5,0.58,Material,4025.33,237,0.024691358024691357,0.9753086419753086,0.0205761316872428,0.00411522633744856
QR02897,2025-01-05,Line D,Device Gamma,Night,OP007,M-104,170,9,2,7,1.22,Electrical,6139.17,161,0.052941176470588235,0.9470588235294117,0.041176470588235294,0.011764705882352941
QR02898,2025-09-03,Line D,Device Gamma,Evening,OP014,M-101,171,10,1,9,1.46,Process,5420.35,161,0.05847953216374269,0.9415204678362573,0.05263157894736842,0.005847953216374269
QR02899,2025-11-07,Line D,Device Alpha,Morning,OP014,M-102,147,8,3,5,2.0,Process,3543.03,139,0.05442176870748299,0.9455782312925171,0.034013605442176874,0.02040816326530612
QR02900,2025-02-04,Line A,Device Gamma,Evening,OP028,M-105,122,2,0,2,1.52,Process,1180.0,120,0.01639344262295082,0.9836065573770492,0.01639344262295082,0.0
QR02901,2025-11-17,Line C,Device Gamma,Night,OP026,M-105,242,2,0,2,2.77,Assembly,1040.0,240,0.008264462809917356,0.9917355371900827,0.008264462809917356,0.0
QR02902,2025-06-11,Line D,Device Delta,Night,OP009,M-106,188,10,2,8,0.63,Material,6410.95,178,0.05319148936170213,0.9468085106382979,0.0425531914893617,0.010638297872340425
QR02903,2025-08-07,Line D,Device Alpha,Night,OP009,M-106,265,17,7,10,0.43,Process,7083.64,248,0.06415094339622641,0.9358490566037736,0.03773584905660377,0.026415094339622643
QR02904,2025-06-17,Line D,Device Delta,Night,OP002,M-104,145,8,2,6,0.72,Electrical,5376.48,137,0.05517241379310345,0.9448275862068966,0.041379310344827586,0.013793103448275862
QR02905,2025-07-19,Line A,Device Gamma,Night,OP024,M-104,149,4,1,3,1.06,Material,2394.01,145,0.026845637583892617,0.9731543624161074,0.020134228187919462,0.006711409395973154
QR02906,2025-05-05,Line A,Device Beta,Night,OP006,M-101,92,3,0,3,6.43,Calibration,2040.0,89,0.03260869565217391,0.967391304347826,0.03260869565217391,0.0
QR02907,2025-06-18,Line B,Device Delta,Morning,OP016,M-101,205,9,3,6,8.82,Process,4021.01,196,0.04390243902439024,0.9560975609756097,0.02926829268292683,0.014634146341463415
QR02908,2025-11-28,Line A,Device Gamma,Morning,OP020,M-102,191,3,1,2,0.39,Assembly,1190.9,188,0.015706806282722512,0.9842931937172775,0.010471204188481676,0.005235602094240838
QR02909,2025-01-30,Line C,Device Beta,Night,OP014,M-102,133,5,1,4,1.51,Assembly,2256.4,128,0.03759398496240601,0.9624060150375939,0.03007518796992481,0.007518796992481203
QR02910,2025-09-23,Line D,Device Beta,Evening,OP003,M-105,132,7,2,5,1.4,Process,3280.17,125,0.05303030303030303,0.946969696969697,0.03787878787878788,0.015151515151515152
QR02911,2025-08-27,Line A,Device Delta,Night,OP011,M-101,149,5,2,3,1.44,Packaging,1189.32,144,0.03355704697986577,0.9664429530201343,0.020134228187919462,0.013422818791946308
QR02912,2025-02-27,Line B,Device Delta,Morning,OP003,M-103,176,8,1,7,1.12,Assembly,3867.77,168,0.045454545454545456,0.9545454545454546,0.03977272727272727,0.005681818181818182
QR02913,2025-08-03,Line A,Device Delta,Morning,OP018,M-104,108,4,1,3,2.99,Material,2415.02,104,0.037037037037037035,0.9629629629629629,0.027777777777777776,0.009259259259259259
QR02914,2025-08-28,Line B,Device Beta,Morning,OP029,M-104,234,12,3,9,2.97,Process,5640.27,222,0.05128205128205128,0.9487179487179487,0.038461538461538464,0.01282051282051282
QR02915,2025-06-08,Line B,Device Beta,Morning,OP020,M-106,188,9,2,7,1.28,Electrical,6299.46,179,0.047872340425531915,0.9521276595744681,0.03723404255319149,0.010638297872340425
QR02916,2025-07-08,Line A,Device Gamma,Morning,OP030,M-102,177,5,2,3,6.29,Packaging,1042.06,172,0.02824858757062147,0.9717514124293786,0.01694915254237288,0.011299435028248588
QR02917,2025-09-11,Line C,Device Gamma,Night,OP006,M-106,91,3,1,2,6.4,Packaging,617.32,88,0.03296703296703297,0.967032967032967,0.02197802197802198,0.01098901098901099
QR02918,2025-05-06,Line C,Device Beta,Morning,OP014,M-104,100,2,1,1,1.45,Process,710.57,98,0.02,0.98,0.01,0.01
QR02919,2025-11-22,Line A,Device Gamma,Morning,OP002,M-102,215,3,1,2,2.3,Material,1728.92,212,0.013953488372093023,0.986046511627907,0.009302325581395349,0.004651162790697674
QR02920,2025-12-07,Line D,Device Alpha,Night,OP026,M-103,119,6,2,4,1.35,Electrical,3823.35,113,0.05042016806722689,0.9495798319327731,0.03361344537815126,0.01680672268907563
QR02921,2025-01-30,Line D,Device Delta,Night,OP019,M-106,243,13,6,7,3.91,Assembly,4710.97,230,0.053497942386831275,0.9465020576131687,0.02880658436213992,0.024691358024691357
QR02922,2025-07-09,Line D,Device Delta,Morning,OP028,M-101,178,11,2,9,1.23,Assembly,4903.16,167,0.06179775280898876,0.9382022471910112,0.05056179775280899,0.011235955056179775
QR02923,2025-03-03,Line A,Device Alpha,Evening,OP002,M-102,173,6,3,3,0.4,Assembly,2111.82,167,0.03468208092485549,0.9653179190751445,0.017341040462427744,0.017341040462427744
QR02924,2025-05-15,Line D,Device Delta,Morning,OP011,M-102,279,18,7,11,1.81,Calibration,8461.83,261,0.06451612903225806,0.9354838709677419,0.03942652329749104,0.025089605734767026
QR02925,2025-12-20,Line C,Device Delta,Night,OP011,M-104,262,8,3,5,1.26,Calibration,4083.13,254,0.030534351145038167,0.9694656488549618,0.019083969465648856,0.011450381679389313
QR02926,2025-11-20,Line A,Device Delta,Night,OP018,M-106,145,4,1,3,4.25,Calibration,2219.95,141,0.027586206896551724,0.9724137931034482,0.020689655172413793,0.006896551724137931
QR02927,2025-07-14,Line D,Device Beta,Evening,OP019,M-104,125,7,1,6,1.84,Packaging,1781.76,118,0.056,0.944,0.048,0.008
QR02928,2025-09-22,Line A,Device Beta,Evening,OP007,M-101,196,6,1,5,0.21,Calibration,3606.65,190,0.030612244897959183,0.9693877551020408,0.025510204081632654,0.00510204081632653
QR02929,2025-02-13,Line B,Device Gamma,Morning,OP015,M-102,164,5,1,4,1.19,Process,2460.79,159,0.03048780487804878,0.9695121951219512,0.024390243902439025,0.006097560975609756
QR02930,2025-10-19,Line D,Device Delta,Morning,OP004,M-101,101,7,2,5,4.13,Electrical,4594.78,94,0.06930693069306931,0.9306930693069307,0.04950495049504951,0.019801980198019802
QR02931,2025-06-12,Line B,Device Alpha,Evening,OP013,M-102,185,7,1,6,0.69,Packaging,1744.08,178,0.03783783783783784,0.9621621621621622,0.032432432432432434,0.005405405405405406
QR02932,2025-04-01,Line B,Device Alpha,Night,OP009,M-106,211,5,1,4,1.43,Electrical,3577.5,206,0.023696682464454975,0.976303317535545,0.018957345971563982,0.004739336492890996
QR02933,2025-06-17,Line B,Device Beta,Evening,OP003,M-104,178,8,3,5,1.33,Assembly,2895.27,170,0.0449438202247191,0.9550561797752809,0.028089887640449437,0.016853932584269662
QR02934,2025-08-23,Line D,Device Delta,Morning,OP012,M-106,223,12,5,7,2.1,Assembly,4784.37,211,0.053811659192825115,0.9461883408071748,0.03139013452914798,0.02242152466367713
QR02935,2025-04-08,Line B,Device Alpha,Morning,OP003,M-106,156,3,1,2,1.09,Material,1676.54,153,0.019230769230769232,0.9807692307692307,0.01282051282051282,0.00641025641025641
QR02936,2025-05-09,Line A,Device Delta,Evening,OP024,M-101,197,6,3,3,1.14,Electrical,3215.3,191,0.030456852791878174,0.9695431472081218,0.015228426395939087,0.015228426395939087
QR02937,2025-12-07,Line B,Device Gamma,Morning,OP016,M-103,123,5,1,4,0.58,Calibration,2917.97,118,0.04065040650406504,0.959349593495935,0.032520325203252036,0.008130081300813009
QR02938,2025-07-31,Line C,Device Gamma,Night,OP003,M-102,188,4,1,3,1.43,Electrical,2715.2,184,0.02127659574468085,0.9787234042553191,0.015957446808510637,0.005319148936170213
QR02939,2025-01-27,Line D,Device Beta,Morning,OP001,M-105,255,14,5,9,1.32,Electrical,8693.62,241,0.054901960784313725,0.9450980392156862,0.03529411764705882,0.0196078431372549
QR02940,2025-07-30,Line C,Device Gamma,Evening,OP012,M-106,217,1,0,1,1.35,Electrical,840.0,216,0.004608294930875576,0.9953917050691244,0.004608294930875576,0.0
QR02941,2025-11-26,Line D,Device Beta,Morning,OP001,M-104,207,12,4,8,0.34,Assembly,4724.19,195,0.057971014492753624,0.9420289855072463,0.03864734299516908,0.01932367149758454
QR02942,2025-10-18,Line B,Device Beta,Evening,OP023,M-101,216,7,2,5,5.44,Process,3354.77,209,0.032407407407407406,0.9675925925925926,0.023148148148148147,0.009259259259259259
QR02943,2025-06-16,Line B,Device Gamma,Morning,OP005,M-106,118,5,2,3,1.44,Process,1956.42,113,0.0423728813559322,0.9576271186440678,0.025423728813559324,0.01694915254237288
QR02944,2025-02-24,Line C,Device Delta,Night,OP014,M-103,268,7,2,5,3.56,Calibration,3647.08,261,0.026119402985074626,0.9738805970149254,0.018656716417910446,0.007462686567164179
QR02945,2025-05-20,Line D,Device Delta,Evening,OP012,M-105,209,11,3,8,1.29,Material,6435.18,198,0.05263157894736842,0.9473684210526315,0.03827751196172249,0.014354066985645933
QR02946,2025-01-20,Line A,Device Gamma,Evening,OP027,M-105,103,2,1,1,0.96,Assembly,654.41,101,0.019417475728155338,0.9805825242718447,0.009708737864077669,0.009708737864077669
QR02947,2025-06-05,Line D,Device Beta,Evening,OP024,M-106,264,18,3,15,0.95,Electrical,13129.24,246,0.06818181818181818,0.9318181818181818,0.056818181818181816,0.011363636363636364
QR02948,2025-12-22,Line D,Device Delta,Morning,OP001,M-105,208,17,7,10,2.02,Material,8986.61,191,0.08173076923076923,0.9182692307692307,0.04807692307692308,0.03365384615384615
QR02949,2025-04-30,Line B,Device Delta,Evening,OP011,M-101,241,12,4,8,0.71,Assembly,5118.98,229,0.04979253112033195,0.950207468879668,0.03319502074688797,0.016597510373443983
QR02950,2025-04-10,Line B,Device Beta,Morning,OP013,M-104,202,9,3,6,3.91,Packaging,1984.21,193,0.04455445544554455,0.9554455445544554,0.0297029702970297,0.01485148514851485
QR02951,2025-09-24,Line D,Device Gamma,Evening,OP027,M-102,251,13,4,9,1.01,Material,7492.38,238,0.05179282868525897,0.9482071713147411,0.035856573705179286,0.01593625498007968
QR02952,2025-05-08,Line A,Device Beta,Evening,OP004,M-106,137,5,1,4,2.08,Packaging,1182.15,132,0.0364963503649635,0.9635036496350365,0.029197080291970802,0.0072992700729927005
QR02953,2025-09-25,Line A,Device Gamma,Evening,OP016,M-103,254,3,1,2,0.58,Assembly,1251.64,251,0.011811023622047244,0.9881889763779528,0.007874015748031496,0.003937007874015748
QR02954,2025-03-14,Line C,Device Gamma,Morning,OP018,M-102,139,4,1,3,1.24,Calibration,2246.42,135,0.02877697841726619,0.9712230215827338,0.02158273381294964,0.007194244604316547
QR02955,2025-11-06,Line D,Device Gamma,Night,OP029,M-101,205,11,2,9,1.24,Calibration,6548.78,194,0.05365853658536585,0.9463414634146341,0.04390243902439024,0.00975609756097561
QR02956,2025-05-31,Line B,Device Alpha,Evening,OP011,M-102,124,2,0,2,0.27,Assembly,1040.0,122,0.016129032258064516,0.9838709677419355,0.016129032258064516,0.0
QR02957,2025-06-25,Line D,Device Gamma,Morning,OP021,M-105,268,10,4,6,3.64,Process,4428.02,258,0.03731343283582089,0.9626865671641791,0.022388059701492536,0.014925373134328358
QR02958,2025-11-25,Line D,Device Gamma,Night,OP019,M-101,183,10,4,6,3.21,Assembly,3588.14,173,0.0546448087431694,0.9453551912568307,0.03278688524590164,0.02185792349726776
QR02959,2025-10-04,Line B,Device Delta,Morning,OP008,M-103,249,13,2,11,0.33,Electrical,9463.79,236,0.05220883534136546,0.9477911646586346,0.04417670682730924,0.008032128514056224
QR02960,2025-10-16,Line A,Device Alpha,Night,OP008,M-105,274,4,2,2,0.89,Assembly,1267.49,270,0.014598540145985401,0.9854014598540146,0.0072992700729927005,0.0072992700729927005
QR02961,2025-02-01,Line A,Device Beta,Morning,OP009,M-101,146,4,1,3,3.24,Process,1884.68,142,0.0273972602739726,0.9726027397260274,0.02054794520547945,0.00684931506849315
QR02962,2025-02-12,Line C,Device Delta,Night,OP026,M-104,95,3,1,2,0.7,Electrical,1905.44,92,0.031578947368421054,0.968421052631579,0.021052631578947368,0.010526315789473684
QR02963,2025-06-20,Line A,Device Gamma,Morning,OP015,M-101,189,4,1,3,2.74,Process,1966.76,185,0.021164021164021163,0.9788359788359788,0.015873015873015872,0.005291005291005291
QR02964,2025-03-03,Line B,Device Gamma,Evening,OP020,M-102,99,4,1,3,3.52,Material,2466.19,95,0.04040404040404041,0.9595959595959596,0.030303030303030304,0.010101010101010102
QR02965,2025-10-26,Line B,Device Alpha,Night,OP020,M-106,274,9,1,8,3.17,Process,4817.05,265,0.032846715328467155,0.9671532846715328,0.029197080291970802,0.0036496350364963502
QR02966,2025-03-06,Line D,Device Beta,Night,OP025,M-103,268,17,3,14,0.63,Packaging,4069.63,251,0.06343283582089553,0.9365671641791045,0.05223880597014925,0.011194029850746268
QR02967,2025-12-25,Line D,Device Gamma,Morning,OP028,M-103,192,10,3,7,0.64,Assembly,4192.78,182,0.052083333333333336,0.9479166666666666,0.036458333333333336,0.015625
QR02968,2025-01-14,Line D,Device Gamma,Evening,OP010,M-106,96,5,1,4,4.3,Process,2530.04,91,0.052083333333333336,0.9479166666666666,0.041666666666666664,0.010416666666666666
QR02969,2025-09-22,Line B,Device Delta,Evening,OP012,M-101,212,8,1,7,0.83,Assembly,3739.12,204,0.03773584905660377,0.9622641509433962,0.0330188679245283,0.0047169811320754715
QR02970,2025-10-16,Line B,Device Gamma,Morning,OP017,M-101,195,6,2,4,5.35,Process,2551.05,189,0.03076923076923077,0.9692307692307692,0.020512820512820513,0.010256410256410256
QR02971,2025-12-05,Line C,Device Delta,Evening,OP025,M-103,254,8,3,5,0.64,Process,3506.68,246,0.031496062992125984,0.968503937007874,0.01968503937007874,0.011811023622047244
QR02972,2025-10-23,Line B,Device Alpha,Evening,OP002,M-101,116,2,0,2,2.29,Electrical,1680.0,114,0.017241379310344827,0.9827586206896551,0.017241379310344827,0.0
QR02973,2025-04-29,Line C,Device Alpha,Night,OP004,M-106,230,5,1,4,2.6,Process,2484.2,225,0.021739130434782608,0.9782608695652174,0.017391304347826087,0.004347826086956522
QR02974,2025-02-05,Line A,Device Beta,Morning,OP027,M-105,117,3,1,2,0.63,Process,1349.51,114,0.02564102564102564,0.9743589743589743,0.017094017094017096,0.008547008547008548
QR02975,2025-09-26,Line C,Device Beta,Night,OP017,M-105,210,5,1,4,1.81,Assembly,2293.03,205,0.023809523809523808,0.9761904761904762,0.01904761904761905,0.004761904761904762
QR02976,2025-11-11,Line B,Device Delta,Morning,OP007,M-104,253,8,1,7,4.17,Calibration,4978.11,245,0.03162055335968379,0.9683794466403162,0.02766798418972332,0.003952569169960474
QR02977,2025-07-24,Line A,Device Beta,Morning,OP019,M-102,274,11,4,7,1.13,Calibration,5533.7,263,0.040145985401459854,0.9598540145985401,0.025547445255474453,0.014598540145985401
QR02978,2025-08-21,Line A,Device Beta,Morning,OP008,M-101,99,3,1,2,0.84,Calibration,1524.94,96,0.030303030303030304,0.9696969696969697,0.020202020202020204,0.010101010101010102
QR02979,2025-09-20,Line D,Device Gamma,Night,OP027,M-103,95,5,2,3,5.24,Packaging,960.6,90,0.05263157894736842,0.9473684210526315,0.031578947368421054,0.021052631578947368
QR02980,2025-06-30,Line B,Device Alpha,Night,OP004,M-105,97,3,0,3,3.92,Material,2280.0,94,0.030927835051546393,0.9690721649484536,0.030927835051546393,0.0
QR02981,2025-01-20,Line B,Device Gamma,Evening,OP005,M-101,94,2,1,1,0.93,Assembly,734.13,92,0.02127659574468085,0.9787234042553191,0.010638297872340425,0.010638297872340425
QR02982,2025-11-26,Line B,Device Gamma,Morning,OP001,M-104,211,7,2,5,1.33,Electrical,4519.16,204,0.03317535545023697,0.966824644549763,0.023696682464454975,0.009478672985781991
QR02983,2025-04-27,Line B,Device Delta,Evening,OP023,M-105,201,10,4,6,0.53,Process,4249.86,191,0.04975124378109453,0.9502487562189055,0.029850746268656716,0.01990049751243781
QR02984,2025-07-07,Line A,Device Alpha,Night,OP009,M-105,137,3,1,2,0.8,Electrical,1773.61,134,0.021897810218978103,0.9781021897810219,0.014598540145985401,0.0072992700729927005
QR02985,2025-11-16,Line A,Device Gamma,Morning,OP023,M-102,133,3,1,2,2.55,Material,1665.27,130,0.022556390977443608,0.9774436090225563,0.015037593984962405,0.007518796992481203
QR02986,2025-09-08,Line A,Device Beta,Morning,OP026,M-102,234,12,2,10,1.52,Electrical,8751.46,222,0.05128205128205128,0.9487179487179487,0.042735042735042736,0.008547008547008548
QR02987,2025-03-15,Line C,Device Gamma,Night,OP006,M-106,126,2,0,2,0.95,Calibration,1360.0,124,0.015873015873015872,0.9841269841269841,0.015873015873015872,0.0
QR02988,2025-09-08,Line A,Device Delta,Night,OP003,M-102,229,8,3,5,1.88,Electrical,4805.2,221,0.034934497816593885,0.9650655021834061,0.021834061135371178,0.013100436681222707
QR02989,2025-08-04,Line A,Device Beta,Morning,OP010,M-101,216,7,1,6,0.63,Packaging,1708.36,209,0.032407407407407406,0.9675925925925926,0.027777777777777776,0.004629629629629629
QR02990,2025-03-25,Line C,Device Alpha,Morning,OP009,M-102,267,7,1,6,2.33,Electrical,5234.8,260,0.026217228464419477,0.9737827715355806,0.02247191011235955,0.003745318352059925
QR02991,2025-08-16,Line C,Device Alpha,Morning,OP020,M-105,221,3,1,2,2.25,Assembly,1137.03,218,0.013574660633484163,0.9864253393665159,0.00904977375565611,0.004524886877828055
QR02992,2025-09-01,Line C,Device Beta,Evening,OP019,M-105,104,3,1,2,1.53,Process,1411.1,101,0.028846153846153848,0.9711538461538461,0.019230769230769232,0.009615384615384616
QR02993,2025-03-05,Line C,Device Beta,Morning,OP029,M-103,171,4,1,3,2.98,Packaging,1005.16,167,0.023391812865497075,0.9766081871345029,0.017543859649122806,0.005847953216374269
QR02994,2025-01-06,Line B,Device Alpha,Night,OP007,M-101,178,6,1,5,0.11,Assembly,2713.41,172,0.033707865168539325,0.9662921348314607,0.028089887640449437,0.0056179775280898875
QR02995,2025-09-18,Line D,Device Alpha,Morning,OP009,M-101,238,10,2,8,2.56,Calibration,5700.01,228,0.04201680672268908,0.957983193277311,0.03361344537815126,0.008403361344537815
QR02996,2025-09-20,Line B,Device Alpha,Morning,OP021,M-103,135,4,1,3,0.46,Assembly,1720.23,131,0.02962962962962963,0.9703703703703703,0.022222222222222223,0.007407407407407408
QR02997,2025-09-06,Line A,Device Gamma,Night,OP005,M-102,171,2,1,1,1.95,Material,859.29,169,0.011695906432748537,0.9883040935672515,0.005847953216374269,0.005847953216374269
QR02998,2025-07-16,Line A,Device Alpha,Evening,OP024,M-104,171,3,1,2,1.13,Packaging,620.04,168,0.017543859649122806,0.9824561403508771,0.011695906432748537,0.005847953216374269
QR02999,2025-04-20,Line C,Device Beta,Evening,OP019,M-103,114,2,1,1,1.08,Calibration,804.16,112,0.017543859649122806,0.9824561403508771,0.008771929824561403,0.008771929824561403
QR03000,2025-07-14,Line C,Device Alpha,Evening,OP019,M-102,128,1,0,1,1.08,Packaging,260.0,127,0.0078125,0.9921875,0.0078125,0.0
